Prostate-specific_antigen_levels	genes	source
chr10_121285698_T_C_b38,chr10_121293214_C_T_b38,chr10_121273005_G_A_b38,chr10_121289921_C_G_b38,chr10_121289750_T_C_b38,chr10_121274035_G_A_b38		
chr10_121425789_G_A_b38		
chr10_22292652_G_A_b38		
chr16_4289624_C_A_b38,chr16_4299110_T_C_b38		
chr19_31614073_T_C_b38		
chr19_50845834_G_A_b38		
chr19_50849681_G_A_b38		
chr19_50851141_G_A_b38		
chr1_87724354_C_T_b38		
chr6_43742611_T_C_b38		
chr10_120870067_C_T_b38,chr10_120915337_G_A_b38	WDR11	seo
chr3_141387221_T_C_b38,chr3_141406863_C_G_b38,chr3_141390506_C_T_b38,chr3_141374443_T_C_b38,chr3_141386728_A_G_b38,chr3_141390479_A_G_b38,chr3_141375367_G_A_b38,chr3_141383119_C_T_b38,chr3_141406344_A_G_b38,chr3_141383991_G_A_b38,chr3_141414608_G_A_b38,chr3_141431184_A_G_b38,chr3_141402972_A_C_b38,chr3_141428572_T_C_b38,chr3_141381438_A_G_b38,chr3_141375927_C_A_b38,chr3_141396377_T_C_b38,chr3_141423849_G_A_b38	ZBTB38	seo
chr1_205667206_A_C_b38	SLC45A3	so
chr19_50889862_A_G_b38,chr19_50870023_T_C_b38,chr19_50876854_T_A_b38,chr19_50871711_A_G_b38	KLK1,KLK4,KLK2,C19orf48	e,e,seo,e
chr12_14475839_C_T_b38,chr12_14336617_A_C_b38,chr12_14398091_T_C_b38,chr12_14331237_G_A_b38,chr12_14434367_A_G_b38,chr12_14368248_T_C_b38,chr12_14458588_C_T_b38,chr12_14442822_G_A_b38,chr12_14399911_G_C_b38,chr12_14354498_A_G_b38	ATF7IP	eo
chr10_27805490_C_G_b38	ARMC4,MKX	o,e
chr11_102525876_T_C_b38,chr11_102530930_T_C_b38	MMP7	eo
chr8_23609471_A_G_b38,chr8_23670998_T_A_b38,chr8_23668950_T_C_b38,chr8_23649749_A_C_b38	NKX2-6,NKX3-1,SLC25A37	e,eo,o
chr12_114656455_A_G_b38	TBX3	o
chr10_46046326_T_C_b38	MSMB	o
chr7_27949784_T_G_b38,chr7_27936944_G_A_b38	JAZF1	o
chr2_60532612_G_T_b38,chr2_60535367_T_G_b38	BCL11A	o
chr4_145953075_A_AT_b38	ZNF827	o
chr4_156613097_C_A_b38	PDGFC	o
chr5_1330138_T_C_b38,chr5_1325475_T_C_b38,chr5_1315545_G_A_b38,chr5_1320132_G_A_b38,chr5_1340986_G_C_b38,chr5_1321972_C_T_b38,chr5_1336063_A_T_b38,chr5_1312342_G_A_b38,chr5_1344343_G_A_b38,chr5_1342599_C_A_b38,chr5_1322353_G_A_b38,chr5_1336106_T_C_b38,chr5_1320021_G_A_b38,chr5_1335270_CTG_C_b38,chr5_1356569_C_T_b38	CLPTM1L,TERT	eo,e
chr9_117970471_T_C_b38	AL160272.2	o
chr9_120881149_G_T_b38,chr9_120881148_T_TAA_b38	TRAF1	o
chr14_94630966_C_T_b38,chr14_94631219_A_G_b38	SERPINA3	o
chr17_37738049_G_A_b38,chr17_37742390_A_G_b38,chr17_37737784_G_A_b38	HNF1B	o
chr19_50857584_C_T_b38,chr19_50858501_T_C_b38	KLK3	o
chr8_127398703_C_G_b38,chr8_127395198_A_G_b38,chr8_127330621_A_G_b38,chr8_127401060_G_T_b38	POU5F1B	o
chr13_50507855_A_C_b38,chr13_50508808_C_T_b38,chr13_50525480_C_T_b38,chr13_50514220_G_C_b38,chr13_50513307_C_A_b38,chr13_50491851_C_T_b38,chr13_50525441_G_A_b38	DLEU7,DLEU1	o,s
chr10_121572176_A_T_b38	FGFR2	o
