Prostate_cancer	genes	source
chr11_2208529_A_G_b38,chr11_2212344_A_G_b38,chr11_2213460_A_G_b38,chr11_2207722_C_A_b38		
chr11_62140968_T_C_b38		
chr11_69211113_G_A_b38		
chr12_14263984_A_G_b38		
chr12_48025835_A_C_b38		
chr12_49282227_T_C_b38		
chr14_68660027_T_C_b38		
chr17_71122495_T_C_b38,chr17_71112612_G_T_b38,chr17_71110733_A_G_b38,chr17_71111532_C_G_b38		
chr18_54246103_G_C_b38		
chr18_59079083_G_T_b38		
chr18_75324210_T_C_b38		
chr19_50861367_A_G_b38,chr19_50861013_A_G_b38		
chr20_50911385_T_C_b38		
chr22_28492951_G_A_b38		
chr2_43326810_T_C_b38		
chr2_62950976_C_T_b38		
chr6_30105999_G_A_b38		
chr6_30633455_A_G_b38		
chr6_33020918_T_G_b38		
chr6_43726861_T_C_b38		
chr9_34049781_T_A_b38		
chr11_76549499_AC_A_b38,chr11_76467628_G_T_b38,chr11_76416170_T_C_b38,chr11_76414286_C_A_b38,chr11_76445929_G_A_b38	RP11-111M22.3,EMSY	e,seo
chr2_241443449_C_T_b38	FARP2,HDLBP	s,e
chr2_85578945_T_C_b38,chr2_85542588_C_G_b38,chr2_85533272_C_T_b38,chr2_85567174_T_C_b38,chr2_85582866_C_T_b38,chr2_85527219_C_A_b38,chr2_85561052_T_A_b38	GGCX,VAMP8,VAMP5	se,seo,se
chr3_141387221_T_C_b38,chr3_141406863_C_G_b38,chr3_141390506_C_T_b38,chr3_141374443_T_C_b38,chr3_141396377_T_C_b38,chr3_141386728_A_G_b38,chr3_141390479_A_G_b38,chr3_141375367_G_A_b38,chr3_141383119_C_T_b38,chr3_141406344_A_G_b38,chr3_141431184_A_G_b38,chr3_141414608_G_A_b38,chr3_141402972_A_C_b38,chr3_141428572_T_C_b38,chr3_141381438_A_G_b38,chr3_141375927_C_A_b38,chr3_141383991_G_A_b38,chr3_141423849_G_A_b38	ZBTB38	seo
chr6_34829979_G_T_b38,chr6_34690303_A_C_b38,chr6_34734204_C_CATTT_b38,chr6_34700858_C_T_b38,chr6_34825347_G_A_b38,chr6_34856859_A_G_b38,chr6_34721169_T_C_b38,chr6_34627766_T_C_b38	UHRF1BP1,C6orf106,SNRPC	e,s,e
chr7_47397647_G_A_b38,chr7_47406044_A_G_b38,chr7_47408324_A_G_b38,chr7_47406215_T_C_b38	TNS3	so
chr9_129813781_C_A_b38	TOR1B,USP20,C9orf78,TOR1A	e,se,se,e
chr2_201289197_A_G_b38,chr2_201286440_A_G_b38,chr2_201258272_A_G_b38,chr2_201259779_G_T_b38,chr2_201288961_C_T_b38,chr2_201300483_T_C_b38,chr2_201258756_TATTCTGTC_T_b38,chr2_201305932_T_C_b38,chr2_201279205_T_C_b38	CASP8,ALS2CR12	seo,eo
chr4_94593458_A_C_b38,chr4_94641726_C_T_b38,chr4_94652847_T_C_b38	PDLIM5	seo
chr16_71657426_G_A_b38	AP1G1,MARVELD3,TAT,PHLPP2	e,e,e,s
chr5_134501330_A_C_b38,chr5_134500603_T_G_b38,chr5_134500518_C_T_b38,chr5_134494704_A_G_b38,chr5_134509689_A_G_b38,chr5_134527662_G_C_b38,chr5_134502489_A_G_b38	JADE2	so
chr15_40630717_G_C_b38,chr15_40585124_A_G_b38,chr15_40708310_C_T_b38,chr15_40588667_G_A_b38,chr15_40605943_A_G_b38	RMDN3,C15orf57	se,se
chr3_113556777_A_C_b38,chr3_113581336_A_T_b38	SIDT1	so
chr3_107243674_C_G_b38	DUBR,CCDC54	se,o
chr19_17101600_C_T_b38,chr19_17116525_C_T_b38,chr19_17108295_G_A_b38,chr19_17103263_C_T_b38,chr19_17078976_G_A_b38	MYO9B	seo
chr2_173369819_T_C_b38	CDCA7	so
chr12_64681552_T_G_b38,chr12_64619044_T_C_b38	RASSF3	s
chr17_58378759_G_A_b38	RNF43	s
chr2_10570604_C_T_b38	AC092687.5,NOL10	s,s
chr3_128176383_A_G_b38,chr3_128173194_T_C_b38,chr3_128162770_G_A_b38,chr3_128327800_G_A_b38,chr3_128339774_A_T_b38,chr3_128319530_C_A_b38	EEFSEC	seo
chr6_108969116_C_A_b38,chr6_108963986_A_G_b38	SESN1,ARMC2	o,se
chr10_125008303_T_C_b38	CTBP2	so
chr20_63717108_C_T_b38,chr20_63711116_G_A_b38,chr20_63741353_G_A_b38,chr20_63718234_A_G_b38,chr20_63712604_T_G_b38,chr20_63716975_C_T_b38,chr20_63731211_G_T_b38,chr20_63738996_T_C_b38,chr20_63707707_C_G_b38,chr20_63712493_T_C_b38,chr20_63706054_A_G_b38	LIME1,TNFRSF6B,ARFRP1	se,e,e
chr1_154861707_G_A_b38	KCNN3,PMVK,PBXIP1	e,e,e
chr9_19057553_T_C_b38,chr9_19072248_A_C_b38,chr9_19061660_T_C_b38,chr9_19055967_T_C_b38	SAXO1,HAUS6	e,e
chr19_38244973_C_T_b38	DPF1,PPP1R14A,SPINT2	e,e,o
chr6_153109990_C_T_b38,chr6_153119944_A_G_b38	RGS17	eo
chr2_20678393_T_C_b38,chr2_20682080_G_C_b38	GDF7,LDAH	eo,e
chr8_23670998_T_A_b38,chr8_23668950_T_C_b38,chr8_23649749_A_C_b38	NKX3-1,NKX2-6	eo,e
chr6_32224554_A_G_b38	AGER,NOTCH4,C4A	e,e,e
chr11_67104849_C_T_b38,chr11_66882056_G_C_b38,chr11_67184494_G_C_b38	KDM2A,C11orf80,RAD9A	e,e,e
chr7_98187015_C_T_b38,chr7_98054819_T_C_b38	BHLHA15,TECPR1,LMTK2	e,e,e
chr17_715725_T_C_b38	VPS53,FAM57A,GEMIN4	eo,e,e
chr1_204572214_G_C_b38,chr1_204546897_A_G_b38,chr1_204559216_A_C_b38,chr1_204549714_C_A_b38	PIK3C2B,RP11-430C7.5,MDM4,LRRN2	e,e,eo,e
chr1_205788696_C_T_b38	RAB29	e
chr2_237474270_C_CCA_b38,chr2_237486836_T_A_b38,chr2_237474256_A_G_b38,chr2_237489522_T_C_b38,chr2_237448152_A_G_b38,chr2_237508143_A_G_b38,chr2_237478585_A_G_b38,chr2_237474385_T_C_b38,chr2_237488342_C_T_b38,chr2_237534583_A_G_b38	MLPH	seo
chr11_102525876_T_C_b38,chr11_102530930_T_C_b38	MMP7	eo
chr1_10497194_T_C_b38,chr1_10496390_G_T_b38,chr1_10496040_G_A_b38,chr1_10483760_A_AC_b38	PEX14	eo
chr19_42196795_T_C_b38	GRIK5	e
chr17_7899800_T_C_b38	AC025335.1,CHD3,KCNAB3	e,e,e
chr12_52880120_G_A_b38	KRT78	e
chr10_102654464_A_G_b38	RP11-47A8.5,TRIM8	e,e
chr6_31150734_T_G_b38	POU5F1	e
chr1_150895626_C_A_b38,chr1_150870220_C_T_b38,chr1_150677718_C_T_b38,chr1_150685811_A_G_b38	ARNT	e
chr17_49267824_G_A_b38	ZNF652	eo
chr3_87061524_T_C_b38,chr3_87085650_A_G_b38,chr3_87124174_G_A_b38	CHMP2B,LINC00506,VGLL3	so,e,o
chr6_160412632_C_T_b38,chr6_160419220_G_T_b38,chr6_160421505_T_C_b38	SLC22A3	seo
chr4_105223578_A_C_b38,chr4_105140377_C_A_b38,chr4_105227601_G_C_b38,chr4_105212027_C_T_b38,chr4_105210053_C_T_b38,chr4_105143469_T_TA_b38,chr4_105230485_G_A_b38,chr4_105215876_G_A_b38	TET2	o
chr22_43104206_G_T_b38	BIK	o
chr3_170412314_C_A_b38	CLDN11,AC026316.4	o,o
chr5_44367119_A_T_b38,chr5_44349039_A_T_b38,chr5_44325220_A_T_b38,chr5_44365443_C_A_b38	FGF10	o
chr2_9977740_C_T_b38	GRHL1	o
chr4_73483441_G_A_b38	AFM	o
chr7_20954872_A_G_b38	SP8	o
chr8_26034626_C_T_b38	EBF2	o
chr14_52905612_T_C_b38,chr14_52913207_T_C_b38	FERMT2	o
chr18_79013973_C_T_b38	SALL3	o
chr20_62440555_C_T_b38	RBBP8NL	o
chr4_72989536_C_T_b38	COX18	o
chr6_11218797_C_T_b38	NEDD9	o
chr6_75786165_A_G_b38	MYO6	o
chr10_45587537_T_C_b38	MARCH8	o
chr11_113936459_G_A_b38	HTR3B	o
chr21_41529494_A_G_b38	TMPRSS2	o
chr22_19770369_G_A_b38,chr22_19765420_A_C_b38	TBX1	o
chr6_32439525_A_G_b38,chr6_32433162_G_C_b38	HLA-DRA	o
chr9_22041999_C_G_b38	CDKN2B	o
chr14_70625539_G_A_b38	TTC9	o
chr3_170281428_T_G_b38	PRKCI	o
chr5_1284020_C_T_b38,chr5_1282299_G_A_b38,chr5_1279913_G_A_b38,chr5_1282204_C_A_b38	TERT	o
chr12_114228780_G_A_b38,chr12_114228397_G_T_b38,chr12_114230813_T_C_b38,chr12_114247766_A_G_b38	TBX5	o
chr6_160160342_A_G_b38,chr6_160160511_T_TG_b38	SLC22A1	o
chr7_27949784_T_G_b38,chr7_27936944_G_A_b38	JAZF1	o
chr17_37741165_T_C_b38,chr17_37743574_G_A_b38,chr17_37738049_G_A_b38,chr17_37742390_A_G_b38	HNF1B	o
chr8_127112671_C_A_b38,chr8_127094635_A_C_b38,chr8_127472793_A_C_b38,chr8_127063445_A_G_b38,chr8_127401060_G_T_b38,chr8_127516190_G_C_b38,chr8_127311574_C_T_b38,chr8_127527115_T_G_b38,chr8_127328663_C_T_b38,chr8_127521228_T_C_b38,chr8_127101181_C_T_b38,chr8_126999692_T_C_b38,chr8_127115330_GGTTT_G_b38,chr8_127323428_G_A_b38,chr8_127091724_C_T_b38,chr8_127395198_A_G_b38,chr8_127322655_A_C_b38,chr8_127519444_A_T_b38,chr8_127112950_C_T_b38,chr8_127094539_T_G_b38,chr8_127310936_T_C_b38,chr8_127308101_A_G_b38,chr8_127398703_C_G_b38,chr8_127311646_T_C_b38,chr8_127505328_A_G_b38,chr8_127506309_C_A_b38,chr8_127081052_C_T_b38	POU5F1B	o
chr10_46046326_T_C_b38,chr10_46057653_C_A_b38,chr10_46070851_C_T_b38	MSMB	o
chr11_69244777_T_A_b38,chr11_69227200_A_G_b38,chr11_69218116_C_T_b38,chr11_69228491_A_G_b38,chr11_69227030_T_G_b38,chr11_69244226_A_T_b38	MYEOV,SMIM38	o,o
chr19_50858501_T_C_b38,chr19_50851341_A_T_b38,chr19_50857584_C_T_b38	KLK3	o
chr2_8456993_C_T_b38	ID2	o
chr2_62904596_G_A_b38,chr2_63011211_G_C_b38	EHBP1	o
chr2_66425753_C_T_b38	MEIS1	o
chr2_111135519_T_G_b38,chr2_111146954_C_A_b38	BCL2L11	o
chr2_172446825_A_G_b38	ITGA6	o
chr5_178541914_G_T_b38	COL23A1	o
chr7_20374487_T_TA_b38	ITGB8	o
chr7_40827064_C_A_b38,chr7_40835593_A_C_b38	SUGCT	o
chr8_23581462_A_G_b38	SLC25A37	o
chr10_808751_G_GCGCA_b38	LARP4B	o
chr10_88435392_C_T_b38	RNLS	o
chr11_1486282_T_C_b38	MOB2	o
chr11_7526356_G_A_b38	PPFIBP2	o
chr12_12718165_T_G_b38	CDKN1B	o
chr12_89748860_G_A_b38,chr12_89762600_G_A_b38,chr12_89731312_A_G_b38,chr12_89812439_A_G_b38,chr12_89766753_G_GA_b38	ATP2B1	o
chr12_132483479_AACCTAACCCGG_A_b38,chr12_132499853_C_A_b38,chr12_132491403_G_A_b38	FBRSL1	eo
chr14_36669089_G_C_b38	PAX9	o
chr16_57619621_T_G_b38,chr16_57620664_C_T_b38	ADGRG1	o
chr17_31771730_C_T_b38	COPRS	o
chr18_55563628_T_C_b38	TCF4	o
chr20_53838666_G_A_b38	BCAS1	o
chr22_40075184_C_T_b38	TNRC6B	o
chr6_170160655_G_A_b38	DLL1	o
