Breast cancer	genes	source
chr10_22026914_A_C_b38		
chr10_22108073_C_T_b38		
chr10_62822722_T_C_b38		
chr10_9046150_TG_T_b38		
chr11_125389528_A_G_b38		
chr11_1887776_T_C_b38		
chr11_69492927_G_C_b38		
chr12_115398717_A_G_b38,chr12_115397993_G_A_b38		
chr12_95633983_A_G_b38,chr12_95632961_C_T_b38,chr12_95633691_C_T_b38		
chr13_73232845_T_C_b38		
chr13_73383544_A_G_b38		
chr16_54648152_G_A_b38		
chr16_56345880_C_T_b38		
chr16_87051631_C_A_b38		
chr17_42684371_C_T_b38		
chr18_26920935_C_A_b38		
chr19_13047463_T_C_b38		
chr1_155171292_G_T_b38,chr1_155176305_G_A_b38		
chr1_40914768_C_T_b38		
chr1_41671640_T_G_b38		
chr1_46137172_G_A_b38,chr1_46135245_A_G_b38		
chr1_50374068_G_A_b38,chr1_50364207_G_A_b38		
chr1_87691240_G_A_b38		
chr20_14537007_G_T_b38		
chr20_15506720_G_A_b38		
chr20_15705548_T_C_b38,chr20_15683126_C_T_b38		
chr20_2174268_G_C_b38		
chr20_2560438_T_C_b38		
chr20_3617227_T_C_b38		
chr20_40266086_T_C_b38		
chr20_46065258_G_A_b38		
chr20_46246518_C_T_b38		
chr20_53437636_C_T_b38		
chr20_53962148_A_G_b38		
chr20_5493266_C_A_b38		
chr20_59084069_A_G_b38		
chr20_59396049_G_A_b38		
chr20_59745314_A_C_b38		
chr20_62097586_G_A_b38		
chr20_62656663_G_A_b38		
chr20_6861683_C_T_b38,chr20_6858847_A_G_b38		
chr20_8201255_A_G_b38		
chr20_9385734_C_T_b38		
chr22_27520184_A_G_b38		
chr22_34124776_C_T_b38		
chr22_34587587_A_G_b38		
chr22_38364995_G_A_b38		
chr22_39613575_C_A_b38		
chr22_40382227_A_C_b38,chr22_40414942_T_C_b38		
chr22_45593560_C_G_b38		
chr22_48904487_G_T_b38		
chr2_217092976_G_T_b38		
chr2_217427435_C_G_b38,chr2_217429494_C_G_b38,chr2_217431785_C_T_b38		
chr2_226362236_A_G_b38		
chr3_46825376_G_A_b38,chr3_46820449_A_G_b38		
chr3_46846708_T_C_b38		
chr4_125922349_G_T_b38		
chr5_170164483_G_T_b38		
chr5_56616706_G_C_b38		
chr5_58888234_T_C_b38		
chr5_59041654_T_G_b38		
chr7_130982362_C_T_b38,chr7_130972152_C_T_b38		
chr7_130989722_G_A_b38		
chr8_101466731_A_T_b38		
chr9_108074792_A_G_b38		
chr9_108074895_C_T_b38		
chr9_108131669_T_G_b38,chr9_108124560_C_T_b38,chr9_108126198_G_T_b38		
chr9_116551207_A_G_b38,chr9_116630134_G_C_b38,chr9_116582804_C_T_b38,chr9_116615438_T_C_b38,chr9_116562650_G_C_b38		
chr11_803017_A_G_b38,chr11_791462_G_A_b38	AP006621.6,PIDD1,AP006621.5,CEND1,PDDC1,PANO1	e,seo,se,e,s,e
chr14_104745924_C_CTT_b38	AKT1,ADSSL1,ZBTB42,SIVA1,INF2,CTD-3051D23.1	e,se,e,e,e,e
chr19_18482743_T_C_b38,chr19_18508057_G_A_b38,chr19_18455994_T_G_b38,chr19_18460331_A_G_b38,chr19_18419351_T_G_b38,chr19_18448066_A_G_b38,chr19_18501541_G_C_b38,chr19_18446225_A_AGCAGGCCACTAG_b38,chr19_18438074_T_C_b38,chr19_18455585_T_C_b38	ISYNA1,ELL,SSBP4	eo,e,se
chr19_19364279_G_A_b38,chr19_19369712_G_C_b38,chr19_19546823_A_C_b38,chr19_19360996_G_A_b38,chr19_19362636_T_C_b38,chr19_19367214_G_T_b38,chr19_19373486_G_A_b38,chr19_19441604_T_C_b38,chr19_19357128_T_C_b38,chr19_19329257_C_T_b38,chr19_19367213_G_T_b38	HAPLN4,MAU2,TM6SF2,GATAD2A,YJEFN3	e,se,e,se,e
chr1_113905767_C_T_b38,chr1_113886839_G_A_b38,chr1_113903258_G_A_b38	AP4B1,DCLRE1B	se,seo
chr22_38174306_G_A_b38,chr22_38157404_C_T_b38,chr22_38148291_A_G_b38	TMEM184B,BAIAP2L2,PLA2G6,CTA-228A9.3	e,e,s,e
chr2_28896719_A_T_b38,chr2_28897867_C_T_b38	WDR43	se
chr3_141375367_G_A_b38,chr3_141396377_T_C_b38,chr3_141375927_C_A_b38,chr3_141428572_T_C_b38,chr3_141414608_G_A_b38,chr3_141381438_A_G_b38,chr3_141390506_C_T_b38,chr3_141383991_G_A_b38,chr3_141431184_A_G_b38,chr3_141390479_A_G_b38,chr3_141423849_G_A_b38,chr3_141387221_T_C_b38,chr3_141406344_A_G_b38,chr3_141374443_T_C_b38,chr3_141386728_A_G_b38,chr3_141383119_C_T_b38,chr3_141406863_C_G_b38,chr3_141402972_A_C_b38	ZBTB38	seo
chr6_130053316_T_A_b38,chr6_130027974_C_T_b38	L3MBTL3	seo
chr7_94484487_T_C_b38	PEG10,SGCE	e,seo
chr22_31699139_C_T_b38	PISD,SFI1,DEPDC5	se,se,se
chr2_201258707_C_T_b38,chr2_201258272_A_G_b38	CASP8,ALS2CR12	seo,e
chr17_55132413_A_C_b38,chr17_54979110_G_A_b38,chr17_55097605_A_G_b38	COX11,STXBP4,TOM1L1	e,seo,e
chr6_127279485_G_A_b38	ECHDC1,RNF146	eo,s
chr8_220692_T_C_b38	RPL23AP53,ZNF596	s,eo
chr15_90977057_G_A_b38,chr15_90976901_C_T_b38,chr15_90959153_C_T_b38,chr15_90963407_T_C_b38,chr15_90963192_A_T_b38,chr15_90965985_C_A_b38	RCCD1,PRC1-AS1,PRC1	eo,s,seo
chr19_43782361_A_G_b38,chr19_43777746_G_A_b38,chr19_43778879_T_C_b38	LYPD5,KCNN4	s,eo
chr3_63956021_T_G_b38,chr3_63982224_A_G_b38	ATXN7,PSMD6	e,se
chr2_111168154_CTTATGTT_C_b38,chr2_111142304_G_A_b38,chr2_111137143_T_C_b38	BCL2L11	so
chr4_38788119_G_T_b38,chr4_38798089_T_C_b38,chr4_38790719_T_C_b38,chr4_38814717_A_C_b38,chr4_38809930_G_A_b38,chr4_38782646_A_G_b38,chr4_38799664_A_G_b38,chr4_38811255_T_C_b38,chr4_38783103_T_A_b38	TLR6,TLR1,FAM114A1	e,seo,e
chr22_38962032_A_C_b38	APOBEC3A,CBX6,APOBEC3G,APOBEC3B	seo,e,s,e
chr9_133274295_A_T_b38,chr9_133274293_AC_A_b38,chr9_133263362_GCGCCCACCACTA_G_b38	GBGT1,ABO	o,seo
chr12_28381482_G_C_b38,chr12_28200877_A_G_b38,chr12_28484182_G_A_b38,chr12_28390218_C_G_b38,chr12_28167603_T_A_b38,chr12_28447311_C_T_b38,chr12_28416781_T_C_b38,chr12_28209517_G_A_b38,chr12_28318386_G_A_b38,chr12_28380028_C_T_b38	CCDC91	seo
chr11_65815595_G_T_b38	AP5B1,SNX32,MUS81,EFEMP2	e,e,s,s
chr2_24914047_T_C_b38,chr2_24906604_A_G_b38,chr2_24913997_T_A_b38,chr2_24907673_A_C_b38,chr2_24899971_C_G_b38,chr2_24911140_T_C_b38,chr2_24908447_A_G_b38,chr2_24874775_A_G_b38,chr2_24894346_A_G_b38,chr2_24907593_T_G_b38	CENPO,DNAJC27,ADCY3	e,e,seo
chr20_34303394_G_T_b38	AHCY	se
chr20_46407574_G_A_b38	MKRN7P	s
chr2_217309655_C_T_b38	DIRC3-AS1	s
chr7_21888461_C_A_b38,chr7_21901342_A_G_b38,chr7_21898622_C_A_b38	CDCA7L	so
chr1_202218048_G_A_b38,chr1_202209914_A_C_b38	LGR6	seo
chr11_1870492_C_T_b38,chr11_1875727_G_C_b38,chr11_1880867_C_T_b38,chr11_1892909_C_T_b38,chr11_1865838_T_G_b38,chr11_1871355_G_A_b38,chr11_1877434_T_C_b38,chr11_1871700_G_A_b38	IGF2,TNNT3,LSP1	e,se,so
chr20_4805434_T_C_b38	RASSF2	s
chr7_144377836_G_A_b38,chr7_144351809_G_T_b38	ARHGEF5	eo
chr5_82217128_TA_T_b38,chr5_82242227_T_A_b38	ATP6AP1L,RPS23,ATG10	e,e,eo
chr5_133106571_T_C_b38,chr5_133108609_T_C_b38,chr5_133108035_C_T_b38,chr5_133110068_A_G_b38,chr5_133076607_A_G_b38,chr5_133046580_C_T_b38,chr5_133103318_T_A_b38	HSPA4	eo
chr8_36966299_C_T_b38,chr8_36988591_C_T_b38,chr8_37001668_T_C_b38,chr8_37000622_C_G_b38,chr8_37000965_A_G_b38,chr8_36995695_C_T_b38,chr8_36989597_T_C_b38,chr8_36992428_C_G_b38	KCNU1,RP11-419C23.1,ZNF703	o,e,e
chr22_28732509_C_T_b38,chr22_28738731_G_A_b38	CHEK2	e
chr10_113017911_C_T_b38,chr10_113014168_A_G_b38,chr10_113048313_T_C_b38,chr10_113023044_T_C_b38,chr10_113005412_G_A_b38,chr10_113002305_G_T_b38,chr10_113009024_G_A_b38	TCF7L2	eo
chr14_36667340_C_A_b38,chr14_36663564_G_A_b38	PAX9	eo
chr3_100029423_CTAAA_C_b38,chr3_100120262_G_A_b38	FILIP1L	eo
chr19_17283315_T_G_b38,chr19_17290595_C_G_b38,chr19_17278895_G_A_b38,chr19_17298862_C_T_b38,chr19_17283116_C_A_b38,chr19_17282085_G_A_b38,chr19_17279482_T_C_b38	ANKLE1,BABAM1,PLVAP	se,se,e
chr1_204559216_A_C_b38,chr1_204549714_C_A_b38,chr1_204572214_G_C_b38,chr1_204546897_A_G_b38	LRRN2,RP11-430C7.5,PIK3C2B,MDM4	e,e,e,eo
chr20_34141638_T_G_b38,chr20_34087921_A_G_b38,chr20_34022595_T_C_b38,chr20_34000289_T_C_b38,chr20_34002002_G_C_b38,chr20_34131991_C_T_b38	RP5-1125A11.7,RALY,RP5-1125A11.6	e,o,e
chr7_92022864_A_AAAC_b38,chr7_91922702_A_G_b38,chr7_92150657_T_G_b38	CYP51A1,AKAP9	e,o
chr14_91285444_TC_T_b38,chr14_91374725_A_G_b38	CCDC88C	seo
chr4_88322666_C_T_b38	PPM1K	eo
chr6_80384570_G_A_b38	RP11-250B2.5,RP11-250B2.3	e,e
chr8_29652100_A_C_b38	DUSP4	e
chr17_30853978_C_A_b38,chr17_30909727_G_A_b38,chr17_30903502_GGT_G_b38,chr17_30883577_G_A_b38,chr17_30884649_G_A_b38	TEFM,ATAD5	eo,o
chr6_13713134_G_C_b38,chr6_13722291_G_A_b38	RANBP9	e
chr19_29799450_G_C_b38,chr19_29814777_G_A_b38,chr19_29813347_CAGTT_C_b38,chr19_29795915_T_C_b38,chr19_29809110_G_A_b38,chr19_29786822_C_T_b38,chr19_29805946_T_C_b38,chr19_29802555_G_A_b38,chr19_29781295_G_A_b38,chr19_29808889_A_T_b38,chr19_29798723_G_A_b38,chr19_29804084_G_T_b38,chr19_29806609_A_G_b38	CCNE1	eo
chr20_20750594_GTC_G_b38	RALGAPA2	e
chr1_18480845_T_C_b38	KLHDC7A	eo
chr22_30478574_A_G_b38,chr22_30498956_T_A_b38,chr22_30496268_A_G_b38	SEC14L3,SEC14L4	e,seo
chr3_86988393_A_G_b38	VGLL3	eo
chr2_173348166_G_A_b38,chr2_173346180_C_G_b38	CDCA7	eo
chr20_46546818_T_A_b38	ZNF334	e
chr20_42572560_C_A_b38	PTPRT	e
chr2_172108243_G_A_b38	DLX2	eo
chr10_62803942_A_G_b38	ADO	e
chr1_121538815_A_G_b38	SRGAP2C	o
chr20_5967581_G_A_b38	MCM8	o
chr5_44706396_A_G_b38,chr5_44662413_C_T_b38	MRPS30,RP11-53O19.3	eo,e
chr6_1318643_C_T_b38	FOXQ1	o
chr16_80616908_A_G_b38	CDYL2	o
chr18_26901308_A_G_b38,chr18_26757460_C_G_b38	AQP4,KCTD1	eo,o
chr18_26990703_T_G_b38	CHST9	o
chr22_29225488_C_T_b38	EMID1	o
chr1_10497194_T_C_b38,chr1_10503552_A_G_b38,chr1_10534733_A_G_b38,chr1_10496390_G_T_b38,chr1_10483760_A_AC_b38,chr1_10496040_G_A_b38,chr1_10506158_A_G_b38	PEX14	eo
chr19_45678134_G_C_b38,chr19_45698914_C_T_b38,chr19_45675785_G_A_b38,chr19_45679046_T_A_b38,chr19_45676926_C_T_b38,chr19_45690093_A_G_b38,chr19_45677156_G_T_b38	GIPR	o
chr1_241860596_A_G_b38,chr1_241870961_A_G_b38	EXO1	o
chr5_16233510_T_C_b38,chr5_16187419_G_T_b38	MARCH11	eo
chr1_117687599_T_C_b38	TENT5C	o
chr1_201468704_C_T_b38	PHLDA3	o
chr1_203824665_G_C_b38,chr1_203815865_T_C_b38	ZBED6	o
chr1_217047232_G_A_b38	ESRRG	o
chr2_9995553_C_G_b38	GRHL1	o
chr2_19111157_G_T_b38,chr2_19121042_T_C_b38	OSR1	o
chr2_217056046_G_T_b38,chr2_217041109_A_G_b38	TNP1	o
chr2_217858732_A_G_b38	TNS1	o
chr3_4700567_A_G_b38,chr3_4700592_A_G_b38,chr3_4705676_G_A_b38	ITPR1	o
chr3_30643415_C_T_b38,chr3_30641447_G_C_b38	TGFBR2	o
chr3_71468492_T_C_b38,chr3_71493128_C_A_b38,chr3_71482962_T_C_b38,chr3_71534232_G_A_b38,chr3_71500488_T_C_b38,chr3_71482316_T_C_b38,chr3_71508794_C_A_b38,chr3_71522194_C_T_b38,chr3_71534026_A_G_b38,chr3_71478634_T_C_b38,chr3_71529871_C_A_b38,chr3_71485612_T_C_b38,chr3_71454328_T_G_b38,chr3_71484227_G_C_b38,chr3_71473027_A_G_b38,chr3_71496019_C_A_b38,chr3_71503981_T_G_b38,chr3_71471739_A_C_b38,chr3_71467706_T_G_b38	FOXP1	o
chr3_172567369_C_T_b38	TNFSF10	o
chr4_105205256_G_C_b38,chr4_105259107_T_C_b38,chr4_105280399_T_C_b38,chr4_105166665_A_G_b38,chr4_105152352_A_G_b38,chr4_105163621_C_T_b38	TET2	o
chr5_32581080_G_A_b38,chr5_32567626_C_T_b38	SUB1	o
chr5_44577659_C_T_b38,chr5_44875347_A_G_b38	FGF10	o
chr5_91436408_C_T_b38,chr5_91367022_G_T_b38	ARRDC3	o
chr5_111882089_G_T_b38	NREP	o
chr6_16399326_C_T_b38	ATXN1	o
chr6_20621007_T_C_b38	CDKAL1	o
chr6_81545215_A_G_b38,chr6_81418669_T_C_b38,chr6_81483392_T_C_b38,chr6_81515958_G_A_b38	TENT5A	o
chr7_28317270_T_C_b38	CREB5	o
chr7_101909160_G_A_b38	CUX1	o
chr7_140242504_G_A_b38	KDM7A	o
chr8_75393550_A_T_b38,chr8_75505702_A_G_b38,chr8_75318066_G_T_b38,chr8_75335458_A_G_b38	HNF4G	o
chr8_105346392_A_T_b38	ZFPM2	o
chr8_116197325_A_G_b38	TRPS1	o
chr8_123597926_G_A_b38	FBXO32,KLHL38	o,o
chr8_128173864_T_C_b38,chr8_128185657_C_G_b38,chr8_128182395_C_T_b38,chr8_128167680_A_G_b38,chr8_128192016_T_C_b38	MYC	o
chr9_21964883_CAAAA_C_b38	AL359922.1	o
chr9_22062135_G_T_b38,chr9_22025494_G_A_b38,chr9_22003224_C_T_b38	CDKN2B	o
chr9_107543834_C_A_b38,chr9_107541527_TAA_T_b38	KLF4	o
chr9_126634155_G_A_b38	LMX1B	o
chr10_62540131_A_G_b38,chr10_62498069_T_C_b38,chr10_62518923_G_A_b38	ZNF365	o
chr10_113368732_T_C_b38	HABP2	o
chr10_121334477_G_GT_b38,chr10_121571953_A_T_b38,chr10_121572176_A_T_b38,chr10_121577821_A_G_b38,chr10_121598047_C_G_b38,chr10_121580917_GC_G_b38,chr10_121334387_C_T_b38,chr10_121579461_A_G_b38,chr10_121594355_C_T_b38,chr10_121590702_A_C_b38,chr10_121575416_G_A_b38,chr10_121586676_A_G_b38,chr10_121592803_A_G_b38,chr10_121586602_G_A_b38,chr10_121591810_T_C_b38,chr10_121589810_A_T_b38	FGFR2	eo
chr11_129591121_A_G_b38,chr11_129591276_T_C_b38	BARX2	o
chr12_14260997_G_C_b38	ATF7IP	o
chr12_28987327_G_A_b38	FAR2	o
chr12_114668883_C_A_b38,chr12_114670331_T_C_b38	TBX3	o
chr12_120398490_A_G_b38	MSI1	o
chr14_36759299_C_T_b38	SLC25A21	o
chr14_68232877_C_T_b38,chr14_68044056_C_T_b38,chr14_68081714_G_A_b38,chr14_68244117_A_G_b38,chr14_68567965_C_T_b38,chr14_68054189_G_A_b38,chr14_68193711_T_C_b38,chr14_68061311_C_T_b38,chr14_68513118_T_C_b38,chr14_68521947_C_G_b38,chr14_68162550_C_T_b38,chr14_68051192_T_C_b38,chr14_68180471_A_G_b38,chr14_68150552_G_A_b38,chr14_68519440_C_T_b38,chr14_68525030_C_CA_b38,chr14_68539170_G_A_b38,chr14_68537372_G_A_b38	RAD51B	o
chr14_92645965_AG_A_b38,chr14_92637727_T_C_b38	RIN3	eo
chr16_52599740_A_G_b38,chr16_52541995_A_G_b38,chr16_52504913_C_A_b38,chr16_52601252_G_A_b38,chr16_52540431_G_A_b38,chr16_52546588_G_A_b38,chr16_52598818_G_C_b38,chr16_52552429_A_G_b38,chr16_52565276_C_T_b38,chr16_52590826_G_T_b38	CASC16,RP11-297L17.2,TOX3	e,e,o
chr17_79816336_T_C_b38,chr17_79794855_C_A_b38,chr17_79797749_T_G_b38,chr17_79804428_T_C_b38,chr17_79807926_A_G_b38,chr17_79798269_G_A_b38	CBX8	eo
chr18_32410405_T_C_b38	GAREM1	o
chr18_44831838_G_C_b38,chr18_44819625_A_G_b38	SETBP1	o
chr18_45308832_T_C_b38	SLC14A2	o
chr20_50329374_A_G_b38	CEBPB	o
chr21_14992435_T_G_b38,chr21_15148511_G_A_b38,chr21_15202135_C_A_b38,chr21_15201802_C_T_b38	NRIP1	eo
chr22_28876649_C_T_b38	C22orf31	o
chr22_40564688_C_T_b38,chr22_40583160_A_G_b38,chr22_40481380_C_T_b38,chr22_40466609_A_G_b38,chr22_40601107_G_A_b38,chr22_40489495_T_C_b38,chr22_40496790_C_T_b38,chr22_40484209_G_A_b38,chr22_40480230_T_C_b38,chr22_40488658_C_T_b38,chr22_40441831_T_C_b38	MKL1,MRTFA	e,o
chr2_120481784_T_C_b38,chr2_120487546_T_C_b38,chr2_120398560_T_C_b38,chr2_120330606_G_A_b38	INHBB	o
chr5_1279913_G_A_b38,chr5_1293971_C_T_b38,chr5_1285859_C_A_b38,chr5_1284020_C_T_b38,chr5_1282299_G_A_b38,chr5_1297373_C_T_b38,chr5_1279675_C_T_b38,chr5_1282204_C_A_b38,chr5_1295234_A_G_b38,chr5_1296140_A_AG_b38	TERT	o
chr8_123745421_C_T_b38,chr8_123726378_C_T_b38	ANXA13	seo
chr11_108473354_G_A_b38,chr11_108483375_C_T_b38,chr11_108418081_G_T_b38,chr11_108426681_T_C_b38,chr11_108471137_C_T_b38,chr11_108443636_C_A_b38,chr11_108435509_C_A_b38,chr11_108474788_G_GA_b38	C11orf65	o
chr16_4056787_C_A_b38	ADCY9	o
chr2_24516825_C_CT_b38	NCOA1	o
chr19_11313027_C_G_b38	TSPAN16	o
chr19_13845849_T_G_b38,chr19_13841016_G_A_b38,chr19_13844347_G_A_b38	ZSWIM4	o
chr16_53766656_G_A_b38,chr16_53769662_T_A_b38,chr16_53779455_T_G_b38,chr16_53821379_A_T_b38,chr16_53791576_C_T_b38,chr16_53768582_C_T_b38,chr16_53808996_G_A_b38,chr16_53766842_G_A_b38,chr16_53788739_A_G_b38,chr16_53831314_G_C_b38,chr16_53780451_G_T_b38,chr16_53767042_T_C_b38,chr16_53786615_T_A_b38,chr16_53765595_G_A_b38,chr16_53788325_A_G_b38,chr16_53775211_C_T_b38,chr16_53782363_C_A_b38,chr16_53778521_T_C_b38,chr16_53796143_C_G_b38,chr16_53765993_A_G_b38,chr16_53772541_A_G_b38,chr16_53779538_A_T_b38,chr16_53765366_G_GT_b38,chr16_53792116_T_C_b38,chr16_53803430_A_G_b38,chr16_53764710_G_T_b38,chr16_53776774_T_C_b38,chr16_53766065_T_G_b38,chr16_53787703_A_G_b38,chr16_53786901_A_G_b38,chr16_53777876_A_G_b38,chr16_53784548_G_T_b38,chr16_53769311_G_A_b38,chr16_53788257_AT_A_b38,chr16_53776634_C_A_b38,chr16_53768073_C_T_b38,chr16_53794154_C_T_b38,chr16_53785981_A_G_b38,chr16_53794050_A_G_b38,chr16_53786154_T_C_b38,chr16_53790314_A_G_b38,chr16_53771295_C_A_b38,chr16_53793267_C_G_b38,chr16_53775335_G_A_b38,chr16_53796553_A_G_b38,chr16_53785257_T_C_b38,chr16_53806613_C_G_b38	FTO,IRX3,RP11-434E6.4	o,e,e
chr5_158803005_G_T_b38,chr5_158793185_A_G_b38,chr5_158818626_A_C_b38,chr5_158817075_C_T_b38	EBF1	o
chr6_10456473_C_A_b38	TFAP2A	o
chr10_21744013_A_G_b38,chr10_21865308_C_G_b38	DNAJC1	o
chr1_149955122_A_C_b38,chr1_150023307_G_A_b38,chr1_149920979_A_G_b38,chr1_149934520_T_C_b38	MTMR11	o
chr3_27265738_T_C_b38,chr3_27226907_G_T_b38,chr3_27372075_C_T_b38,chr3_27310652_T_A_b38,chr3_27374522_C_T_b38,chr3_27221757_G_C_b38,chr3_27285723_C_T_b38,chr3_27302153_C_T_b38	NEK10	o
chr4_174925275_C_A_b38,chr4_174918576_G_A_b38,chr4_174911940_A_G_b38	ADAM29	o
chr5_56773032_AC_A_b38,chr5_56708004_G_C_b38,chr5_56723237_A_T_b38,chr5_56756868_T_C_b38,chr5_56715407_G_T_b38,chr5_56749254_T_C_b38,chr5_56730673_T_C_b38,chr5_56799759_C_T_b38,chr5_56737113_G_T_b38,chr5_56792072_C_T_b38,chr5_56731413_A_G_b38,chr5_56849241_T_C_b38,chr5_56715530_A_T_b38,chr5_56872885_C_T_b38,chr5_56736057_C_A_b38,chr5_56781150_G_A_b38,chr5_56748808_T_C_b38	SETD9,C5orf67,AC008940.1,MAP3K1	e,o,e,eo
chr6_151711782_C_T_b38,chr6_152111767_C_T_b38,chr6_152115881_T_C_b38,chr6_151716421_C_T_b38,chr6_151621059_T_G_b38,chr6_151718829_T_C_b38,chr6_151713685_T_C_b38,chr6_151666222_G_T_b38,chr6_151634779_A_G_b38,chr6_151721367_A_C_b38,chr6_151597721_T_G_b38,chr6_151615542_G_A_b38,chr6_151625017_T_A_b38,chr6_151627231_G_A_b38,chr6_151625494_T_A_b38,chr6_151628671_A_C_b38,chr6_151699255_A_C_b38,chr6_151628447_A_C_b38,chr6_151623479_G_A_b38,chr6_151631510_G_T_b38,chr6_151631197_G_A_b38,chr6_151592978_G_A_b38	ESR1,CCDC170	o,o
chr8_127201316_C_CA_b38,chr8_127344424_C_T_b38,chr8_127343372_A_G_b38,chr8_127371351_C_T_b38,chr8_127359926_A_G_b38,chr8_127375779_A_G_b38,chr8_127375606_T_C_b38	POU5F1B	o
chr10_21510797_A_C_b38	MLLT10	o
chr10_79127455_C_T_b38,chr10_79126969_A_G_b38,chr10_79081391_T_C_b38,chr10_79092621_A_G_b38	ZMIZ1	o
chr11_69516650_C_T_b38,chr11_69516215_G_A_b38,chr11_69516874_C_G_b38,chr11_69564393_C_A_b38	CCND1	o
chr12_27998676_A_C_b38,chr12_28031943_G_A_b38,chr12_28003148_C_G_b38,chr12_28021884_C_T_b38,chr12_28002147_A_G_b38,chr12_28001962_G_A_b38	PTHLH	o
chr22_27918624_G_A_b38	PITPNB	o
