Atrial fibrillation	genes	source
chr10_101800576_C_T_b38		
chr10_101845957_T_C_b38,chr10_102042651_A_G_b38,chr10_101943006_A_G_b38,chr10_101806203_G_C_b38		
chr10_102230055_G_C_b38		
chr11_19984346_G_T_b38,chr11_19988745_A_G_b38,chr11_19988967_G_A_b38,chr11_19988805_G_A_b38		
chr12_132573624_T_C_b38		
chr12_75844207_C_T_b38,chr12_75848895_A_G_b38,chr12_75830037_G_A_b38		
chr13_108325667_G_A_b38		
chr13_22794804_C_T_b38		
chr15_63507814_A_G_b38		
chr17_1406556_G_A_b38		
chr17_46977741_A_G_b38,chr17_46969002_C_A_b38,chr17_46890164_G_A_b38,chr17_46939827_G_A_b38,chr17_46935905_T_C_b38		
chr1_170225682_C_A_b38,chr1_170211202_A_C_b38,chr1_170224718_T_A_b38,chr1_170216163_T_C_b38,chr1_170213105_A_G_b38		
chr1_48844092_G_A_b38		
chr1_51069367_G_A_b38,chr1_51080468_T_G_b38		
chr20_62560732_C_T_b38		
chr20_6591367_A_C_b38		
chr2_178556567_C_T_b38,chr2_178546938_A_G_b38,chr2_178624999_A_G_b38,chr2_178534096_G_A_b38,chr2_178651047_A_G_b38		
chr2_44075762_T_C_b38		
chr2_86367364_G_A_b38		
chr4_110852711_A_C_b38		
chr4_110859850_T_A_b38		
chr5_138052751_A_G_b38,chr5_138098483_C_T_b38,chr5_137912251_T_C_b38,chr5_137970946_C_G_b38		
chr6_121810339_T_C_b38,chr6_121793305_A_G_b38,chr6_121824746_T_G_b38,chr6_121846992_C_T_b38,chr6_121824888_C_A_b38,chr6_121871446_C_T_b38,chr6_121780609_G_C_b38,chr6_121837124_G_A_b38,chr6_121778006_G_A_b38,chr6_121804281_T_C_b38,chr6_121771751_G_A_b38,chr6_121852542_G_C_b38,chr6_121846353_C_T_b38		
chr6_122068809_T_G_b38,chr6_122093011_C_T_b38,chr6_122071365_T_C_b38,chr6_122067705_G_A_b38,chr6_122077095_C_T_b38,chr6_122070990_A_C_b38,chr6_122068760_C_T_b38		
chr6_122142045_T_G_b38		
chr6_133153164_G_A_b38		
chr6_149077964_G_T_b38		
chr7_150972888_C_G_b38,chr7_150964321_G_A_b38		
chr7_92618019_A_G_b38,chr7_92615108_C_T_b38,chr7_92648802_G_A_b38,chr7_92635679_T_C_b38,chr7_92620826_T_G_b38,chr7_92655809_A_G_b38		
chr8_11642399_A_C_b38		
chr12_26195496_C_G_b38,chr12_26192593_C_T_b38,chr12_26195371_T_C_b38	SSPN	seo
chr17_39876427_T_C_b38,chr17_39926554_T_C_b38,chr17_39905186_T_C_b38,chr17_39910767_C_T_b38,chr17_39879117_G_T_b38,chr17_39917715_G_C_b38,chr17_39905964_C_T_b38,chr17_39900944_G_A_b38,chr17_39867492_A_G_b38,chr17_39911280_A_G_b38,chr17_39909987_T_C_b38,chr17_39899863_T_C_b38,chr17_39756124_C_T_b38,chr17_39913696_C_T_b38,chr17_39883866_T_C_b38,chr17_39895095_A_G_b38,chr17_39869916_C_T_b38,chr17_39911790_T_C_b38,chr17_39908152_C_T_b38,chr17_39820216_C_T_b38,chr17_39748854_C_T_b38,chr17_39917778_T_C_b38,chr17_39783586_C_T_b38,chr17_39907128_C_T_b38,chr17_39829548_A_G_b38,chr17_39887396_C_T_b38,chr17_39916149_C_T_b38,chr17_39912261_T_C_b38,chr17_39893336_C_T_b38,chr17_39806734_T_A_b38,chr17_39910014_G_T_b38,chr17_39754115_C_T_b38,chr17_39781794_C_T_b38,chr17_39905943_G_A_b38,chr17_39766006_G_A_b38,chr17_39887090_G_A_b38,chr17_39891991_T_C_b38,chr17_39884510_G_A_b38	RP11-387H17.4,ZPBP2,IKZF3,GSDMB,ORMDL3	e,seo,e,seo,e
chr17_7516977_C_G_b38,chr17_7526004_A_C_b38,chr17_7468613_C_T_b38,chr17_7508128_C_T_b38,chr17_7452302_A_C_b38,chr17_7531501_G_T_b38,chr17_7502815_A_G_b38,chr17_7459769_T_C_b38,chr17_7469318_C_T_b38,chr17_7531723_G_A_b38,chr17_7480665_A_G_b38	CHRNB1,ZBTB4	e,se
chr17_78765957_G_A_b38,chr17_78815721_C_T_b38,chr17_78743768_C_T_b38,chr17_78800381_C_T_b38,chr17_78781612_C_A_b38,chr17_78794197_C_T_b38,chr17_78743059_G_A_b38,chr17_78803713_G_A_b38,chr17_78777556_T_C_b38,chr17_78796097_G_A_b38,chr17_78812644_T_C_b38	CYTH1,LINC01993,USP36	e,e,seo
chr2_61541286_A_C_b38,chr2_61325010_C_G_b38,chr2_61541610_G_A_b38,chr2_61242991_C_T_b38,chr2_61548229_T_C_b38,chr2_61210352_T_C_b38,chr2_61609100_A_C_b38,chr2_61554859_A_G_b38	USP34,XPO1,RP11-493E12.1	o,so,s
chr8_140646056_G_A_b38,chr8_140730769_A_C_b38,chr8_140752560_G_A_b38,chr8_140982679_T_C_b38,chr8_140906833_G_T_b38,chr8_140848521_T_C_b38,chr8_140690018_C_T_b38,chr8_140736225_G_A_b38	PTK2,ERICD	seo,e
chr3_89485227_T_C_b38,chr3_89440379_T_C_b38,chr3_89538112_A_G_b38	EPHA3	so
chr4_113496850_T_G_b38,chr4_113467664_A_G_b38,chr4_113507558_C_T_b38,chr4_113518738_G_A_b38	CAMK2D	so
chr13_113244029_TC_T_b38,chr13_113190745_T_C_b38,chr13_113257218_C_G_b38,chr13_113223387_A_G_b38,chr13_113218398_T_C_b38	CUL4A,RP11-98F14.11,PROZ,F10,PCID2	seo,s,se,e,se
chr1_203057086_T_G_b38,chr1_203059583_C_G_b38,chr1_203065778_A_G_b38	PPFIA4	seo
chr21_34746814_T_G_b38	LINC01426,CLIC6	s,o
chr4_10117121_G_T_b38	WDR1,SLC2A9	seo,e
chr8_21947754_T_C_b38,chr8_21964267_G_T_b38,chr8_21946224_C_A_b38	XPO7	s
chr12_56720316_A_G_b38,chr12_56712154_A_C_b38,chr12_56709370_T_C_b38,chr12_56777732_T_C_b38,chr12_56629500_C_G_b38	PTGES3	s
chr15_63811578_G_A_b38	FBXL22	s
chr10_73660356_C_A_b38,chr10_73647532_G_A_b38,chr10_73654586_G_C_b38,chr10_73647891_A_C_b38,chr10_73661450_G_A_b38,chr10_73661890_G_A_b38,chr10_73710597_T_G_b38,chr10_73660422_C_T_b38	SYNPO2L,FUT11,ZSWIM8,MYOZ1	seo,e,e,e
chr12_114364333_A_G_b38,chr12_114362169_G_A_b38,chr12_114369230_G_A_b38,chr12_114355435_C_T_b38	TBX5	so
chr14_76960182_C_T_b38,chr14_76961126_G_C_b38,chr14_76960368_A_G_b38	LINC01629,IRF2BPL	se,o
chr5_137897780_G_T_b38,chr5_138070554_C_G_b38,chr5_138029106_C_T_b38	FAM13B,KLHL3,RP11-325L7.2	seo,e,e
chr7_107215557_G_A_b38,chr7_107213372_C_G_b38	COG5	se
chr12_69703684_T_C_b38	BEST3	so
chr1_154423470_A_G_b38,chr1_154449591_T_C_b38,chr1_154452659_G_A_b38,chr1_154451288_T_C_b38	IL6R	seo
chr12_122843353_C_A_b38	VPS37B,HIP1R	e,se
chr3_136555593_G_A_b38,chr3_136679545_A_G_b38,chr3_136379566_G_A_b38,chr3_136273803_T_C_b38,chr3_136702170_TGTG_T_b38,chr3_136441748_G_C_b38,chr3_136095167_G_A_b38,chr3_136658535_T_C_b38,chr3_136435986_C_T_b38,chr3_136652849_G_T_b38,chr3_136378734_T_C_b38,chr3_136420888_C_G_b38,chr3_136434626_T_C_b38,chr3_136569563_G_A_b38,chr3_136627364_T_C_b38	PCCB	se
chr3_66384219_T_C_b38,chr3_66361431_T_C_b38,chr3_66403767_G_A_b38,chr3_66288188_A_G_b38	SLC25A26,LRIG1	se,so
chr2_65053051_A_G_b38,chr2_65052089_C_T_b38,chr2_65057489_T_C_b38,chr2_65049318_T_C_b38,chr2_65069146_T_C_b38,chr2_65048915_T_C_b38,chr2_65056838_T_C_b38,chr2_65052671_T_C_b38,chr2_65057097_A_T_b38,chr2_65057022_C_CGTGGATGCAGCA_b38,chr2_65060762_A_G_b38	CEP68	eo
chr17_7550188_C_A_b38,chr17_7558026_G_A_b38,chr17_7549435_G_A_b38,chr17_7549660_C_T_b38	TNFSF13,TNFSF12	e,eo
chr9_124309214_T_C_b38,chr9_124415987_G_T_b38,chr9_124331623_C_G_b38,chr9_124420014_C_G_b38	PSMB7	seo
chr11_128894676_C_A_b38,chr11_128894675_G_A_b38,chr11_128898062_T_C_b38	KCNJ5,C11orf45	o,e
chr8_134800173_G_A_b38	AC083843.1,ZFAT	e,o
chr1_41078607_G_T_b38	SCMH1	eo
chr15_80701947_G_A_b38,chr15_80723886_G_A_b38,chr15_80717908_A_G_b38,chr15_80702590_C_T_b38,chr15_80723086_C_A_b38,chr15_80706562_G_A_b38,chr15_80726202_C_T_b38,chr15_80711475_G_C_b38,chr15_80720696_G_A_b38,chr15_80714371_C_T_b38,chr15_80729042_C_T_b38,chr15_80736624_C_G_b38	ABHD17C,RP11-28H5.2	eo,e
chr8_123533862_C_T_b38,chr8_123539735_A_G_b38,chr8_123602831_G_A_b38,chr8_123539893_C_T_b38,chr8_123602082_C_T_b38,chr8_123530691_T_C_b38	FBXO32	eo
chr17_45942346_G_A_b38,chr17_45949373_G_A_b38	MAPT	eo
chr6_87271017_G_C_b38,chr6_87111783_A_G_b38,chr6_87107187_C_T_b38,chr6_87138584_C_T_b38,chr6_87146285_G_T_b38,chr6_87258847_A_G_b38,chr6_87273972_A_G_b38,chr6_87180686_C_CCA_b38	SMIM8,ZNF292,C6orf163	se,e,se
chr2_148035096_A_T_b38,chr2_148043161_C_T_b38	ORC4	e
chr7_128776990_T_G_b38	FLNC	e
chr10_63195821_C_T_b38,chr10_63375018_G_A_b38,chr10_63250912_T_C_b38,chr10_63168063_C_G_b38,chr10_63252990_C_T_b38,chr10_63405424_G_A_b38,chr10_63256414_T_G_b38,chr10_63559006_G_T_b38,chr10_63395125_A_G_b38,chr10_63541965_T_C_b38,chr10_63515167_A_G_b38,chr10_63555673_T_C_b38,chr10_63245639_C_T_b38,chr10_63431885_G_T_b38,chr10_63379150_T_G_b38,chr10_63556040_G_T_b38,chr10_63380680_A_C_b38,chr10_63306426_G_T_b38,chr10_63548990_A_T_b38,chr10_63290899_A_G_b38,chr10_63174788_C_T_b38,chr10_63573888_C_G_b38,chr10_63374062_A_G_b38,chr10_63402393_G_A_b38,chr10_63288546_C_A_b38,chr10_63267850_A_T_b38,chr10_63144311_A_G_b38,chr10_63554951_G_C_b38,chr10_63341447_G_C_b38,chr10_63154758_CATA_C_b38,chr10_63302248_G_C_b38,chr10_63577393_T_C_b38,chr10_63444048_A_G_b38,chr10_63412568_C_T_b38,chr10_63361805_C_A_b38,chr10_63229171_A_T_b38,chr10_63561387_C_A_b38,chr10_63559918_T_C_b38,chr10_63358443_G_A_b38	NRBF2,JMJD1C	e,o
chr3_196767831_C_T_b38	PAK2	eo
chr2_69811100_C_G_b38,chr2_69889883_C_T_b38,chr2_69879700_T_C_b38,chr2_69749252_G_T_b38,chr2_69884579_C_A_b38	ASPRV1,MXD1,ANXA4,GMCL1,SNRNP27	e,o,eo,seo,e
chr5_128854670_A_G_b38	ISOC1,SLC27A6	e,eo
chr6_18209878_G_A_b38	DEK,TPMT,KDM1B	eo,e,eo
chr2_126675889_C_T_b38	GYPC	eo
chr3_24431375_A_G_b38,chr3_24421744_T_C_b38	THRB	eo
chr14_32521231_T_C_b38,chr14_32453874_T_C_b38,chr14_32512278_G_A_b38,chr14_32455299_T_C_b38	AKAP6	eo
chr8_124847575_C_A_b38,chr8_124847608_G_A_b38,chr8_124845117_G_T_b38,chr8_124855592_A_T_b38	LINC00964,MTSS1,ZNF572	e,eo,o
chr15_80384583_A_G_b38	LINC01314,ARNT2,RP11-210M15.2	e,eo,e
chr2_200295976_T_C_b38,chr2_200304035_T_C_b38,chr2_200330879_C_T_b38,chr2_200306468_C_G_b38,chr2_200333900_CATT_C_b38	SPATS2L	seo
chr14_64214130_A_G_b38,chr14_64213242_A_G_b38	SYNE2,ESR2	eo,o
chr8_18056461_G_A_b38	ASAH1	eo
chr2_174690986_C_T_b38	WIPF1	eo
chr15_98741451_G_A_b38,chr15_98744146_T_C_b38,chr15_98715481_A_T_b38,chr15_98743751_A_G_b38,chr15_98752341_G_A_b38,chr15_98705800_C_T_b38,chr15_98752421_C_T_b38,chr15_98749827_G_A_b38,chr15_98746378_G_C_b38,chr15_98727906_A_G_b38,chr15_98725621_C_G_b38,chr15_98746409_C_G_b38	IGF1R	eo
chr4_80243569_C_T_b38,chr4_80248758_G_T_b38,chr4_80253438_G_A_b38,chr4_80246155_C_T_b38,chr4_80261400_T_C_b38,chr4_80263187_A_T_b38	FGF5	eo
chr1_205716224_T_C_b38,chr1_205748695_A_C_b38	NUCKS1	eo
chr1_21956126_T_C_b38	HSPG2	eo
chr6_34272799_T_G_b38	C6orf1,SMIM29	e,o
chr5_135024741_A_T_b38,chr5_135030510_A_G_b38	PITX1	eo
chr9_106870072_G_A_b38,chr9_106882096_A_G_b38	ZNF462	o
chr14_23392602_A_G_b38,chr14_23396676_G_A_b38,chr14_23395595_T_C_b38	MYH6	o
chr5_168959084_G_A_b38	SLIT3	o
chr10_103720629_T_A_b38,chr10_103733419_G_T_b38	SH3PXD2A	o
chr1_170224684_G_C_b38,chr1_170216500_C_G_b38	METTL11B,KIFAP3	o,e
chr15_57351688_G_C_b38	CGNL1	o
chr3_38736063_T_G_b38,chr3_38754924_A_C_b38,chr3_38725184_A_G_b38,chr3_38729148_C_G_b38,chr3_38730434_C_G_b38,chr3_38744318_G_T_b38,chr3_38725824_T_C_b38,chr3_38737127_T_C_b38,chr3_38733341_C_T_b38,chr3_38742538_T_C_b38,chr3_38743466_G_A_b38	SCN10A	o
chr1_147783720_G_A_b38	GJA5	o
chr4_102969273_T_G_b38,chr4_102868653_C_A_b38,chr4_102891342_A_G_b38,chr4_102772464_C_T_b38,chr4_102906331_T_G_b38,chr4_102762857_A_ATTAAGAAATAC_b38,chr4_102827718_T_TCTC_b38,chr4_102856235_G_A_b38,chr4_102974066_A_G_b38,chr4_102778004_A_G_b38,chr4_103035799_C_T_b38,chr4_102994461_T_C_b38	MANBA,SLC9B1,BDH2,UBE2D3,CISD2	e,so,e,se,e
chr7_14334089_C_T_b38,chr7_14332384_G_A_b38	DGKB	o
chr7_74696373_A_G_b38	GTF2I	o
chr9_20235006_A_G_b38	MLLT3	o
chr12_32825503_T_C_b38,chr12_32835973_C_T_b38,chr12_32820006_C_T_b38	PKP2	o
chr12_114653212_C_T_b38	TBX3	o
chr13_22797335_T_C_b38,chr13_22799267_T_C_b38	SGCG	o
chr14_23418974_C_T_b38	MYH7	o
chr15_70161800_G_A_b38	TLE3	o
chr17_12715363_G_C_b38	MYOCD	o
chr18_48947822_T_C_b38,chr18_48955700_A_G_b38	SMAD7	o
chr2_25937071_T_C_b38,chr2_25942659_C_T_b38	KIF3C	o
chr3_179450674_C_T_b38,chr3_179451442_T_G_b38,chr3_179455436_A_T_b38,chr3_179455191_G_T_b38,chr3_179452706_C_T_b38	GNB4	eo
chr4_148016386_C_G_b38,chr4_148025539_G_T_b38	ARHGAP10	o
chr6_16415520_G_A_b38,chr6_16413394_G_A_b38	ATXN1	o
chr6_36677811_A_C_b38,chr6_36679512_G_A_b38,chr6_36678991_C_CTA_b38	CDKN1A	o
chr6_117542101_C_T_b38,chr6_117559547_A_G_b38,chr6_117559179_A_G_b38	GOPC	o
chr6_118653635_T_G_b38	CEP85L	o
chr8_123622957_G_C_b38	KLHL38	o
chr12_123934515_A_C_b38,chr12_123964676_C_A_b38,chr12_123925982_A_T_b38,chr12_123955563_C_A_b38,chr12_124004595_G_C_b38,chr12_123935181_C_T_b38,chr12_123990609_A_G_b38,chr12_123930906_T_C_b38,chr12_123942759_T_A_b38,chr12_123924955_G_A_b38,chr12_123934127_C_T_b38,chr12_123980289_G_T_b38,chr12_123936906_T_C_b38,chr12_123921324_G_A_b38,chr12_123975620_G_T_b38,chr12_123989885_T_TTCTAATGACCAAATCCTA_b38,chr12_123962792_T_G_b38,chr12_124002131_A_G_b38,chr12_123920171_T_C_b38,chr12_123985191_A_G_b38	DNAH10OS,DNAH10,ZNF664,RFLNA,CCDC92	e,seo,se,so,seo
chr14_34717488_C_T_b38,chr14_34704569_C_T_b38,chr14_34705540_C_T_b38	CFL2	eo
chr15_73359833_A_G_b38,chr15_73371562_A_T_b38,chr15_73384923_C_T_b38,chr15_73374914_T_G_b38,chr15_73376665_G_A_b38,chr15_73371291_A_G_b38,chr15_73373165_T_G_b38	HCN4	o
chr17_70351197_G_T_b38,chr17_70341044_C_G_b38,chr17_70347398_G_A_b38	KCNJ2	o
chr1_10730740_C_A_b38,chr1_10730479_A_G_b38,chr1_10736490_G_A_b38,chr1_10738432_C_G_b38,chr1_10737371_G_GC_b38,chr1_10739520_T_C_b38,chr1_10736809_T_C_b38,chr1_10738495_T_C_b38	CASZ1	o
chr1_111912200_C_T_b38,chr1_111849738_G_T_b38,chr1_111917640_T_C_b38,chr1_111919280_A_G_b38,chr1_111921382_C_T_b38,chr1_111916271_C_T_b38	KCND3	o
chr1_115768197_G_C_b38,chr1_115768346_T_C_b38,chr1_115755137_C_A_b38	CASQ2	eo
chr1_170724397_T_C_b38,chr1_170648165_G_T_b38,chr1_170622169_A_T_b38,chr1_170665943_T_C_b38,chr1_170618199_C_T_b38,chr1_170600176_A_G_b38,chr1_170669192_A_G_b38,chr1_170643732_G_A_b38,chr1_170739839_T_C_b38	PRRX1,RP1-79C4.4	eo,e
chr2_145002786_C_G_b38	ZEB2	o
chr2_212401279_A_T_b38	ERBB4	o
chr3_12807323_T_C_b38,chr3_12800724_T_G_b38,chr3_12799435_T_C_b38,chr3_12800305_A_G_b38	CAND2	eo
chr3_38668824_T_C_b38,chr3_38592651_C_A_b38	SCN5A	o
chr3_69357030_C_T_b38	FRMD4B	o
chr3_111869032_G_A_b38,chr3_111873991_G_A_b38,chr3_111835579_G_A_b38	PHLDB2	o
chr3_195080124_C_T_b38	XXYLT1	o
chr4_173526198_A_G_b38,chr4_173720033_T_C_b38	HAND2	o
chr5_107091908_C_A_b38,chr5_107103041_T_G_b38	EFNA5	o
chr5_114412874_C_T_b38,chr5_114400719_G_A_b38,chr5_114401365_T_G_b38	KCNN2	o
chr5_143500967_G_C_b38,chr5_143270839_T_C_b38,chr5_143387595_T_C_b38	NR3C1	o
chr5_173965957_G_T_b38	CPEB4	o
chr6_118238495_T_A_b38,chr6_118244502_A_G_b38,chr6_118245024_A_G_b38,chr6_118256880_G_A_b38,chr6_118252898_G_A_b38	SLC35F1	o
chr7_28373568_C_A_b38,chr7_28376208_G_A_b38	CREB5	o
chr9_136202927_A_G_b38	LHX3	o
chr10_76175587_A_G_b38,chr10_76176912_T_G_b38	LRMDA	o
chr10_103582915_A_G_b38,chr10_103565017_C_T_b38,chr10_103562124_C_T_b38,chr10_103571190_T_A_b38,chr10_103572695_C_T_b38	NEURL1	seo
chr10_110816937_T_C_b38	RBM20	o
chr11_121774297_T_C_b38,chr11_121714223_C_T_b38,chr11_121763626_G_T_b38,chr11_121764755_G_A_b38,chr11_121762102_G_C_b38,chr11_121758299_C_T_b38,chr11_121790799_T_A_b38	SORL1	o
chr12_24607522_A_G_b38,chr12_24623865_G_A_b38,chr12_24623818_A_G_b38,chr12_24617944_A_G_b38,chr12_24562114_T_G_b38,chr12_24635405_G_A_b38,chr12_24605546_G_A_b38,chr12_24631205_G_A_b38,chr12_24619033_C_T_b38	SOX5	o
chr12_69619635_G_A_b38	LRRC10	o
chr14_72782711_C_T_b38	DPF3	o
chr15_57637771_A_G_b38	MYZAP,GCOM1	o,o
chr16_1964282_A_G_b38,chr16_1955981_C_T_b38,chr16_1953015_G_A_b38	MSRB1,SNHG9,NDUFB10,RPS2,RPL3L	se,e,e,e,eo
chr22_18114735_T_C_b38	TUBA8,PEX26	o,o
chr22_25763322_G_A_b38,chr22_25768112_C_T_b38	MYO18B	o
chr10_75091745_A_T_b38	DUSP13,SAMD8	o,o
chr17_46797087_C_T_b38,chr17_46789236_T_C_b38	WNT3	o
chr1_154873058_G_C_b38,chr1_154858667_A_G_b38,chr1_154839804_C_T_b38,chr1_154741530_G_A_b38,chr1_154839924_G_C_b38,chr1_154841877_C_T_b38,chr1_154890476_C_T_b38,chr1_154845927_A_G_b38,chr1_154841792_G_C_b38	KCNN3	eo
chr4_110663263_C_T_b38,chr4_110796892_T_C_b38,chr4_110789386_C_T_b38,chr4_110843816_A_C_b38,chr4_110799605_T_G_b38,chr4_110793733_C_T_b38,chr4_110789013_C_T_b38,chr4_110815726_A_T_b38,chr4_110760345_T_G_b38,chr4_110683571_C_T_b38,chr4_110631977_T_G_b38,chr4_110760789_G_A_b38,chr4_110774266_A_G_b38,chr4_110793263_T_G_b38,chr4_110755885_T_A_b38,chr4_110763487_C_T_b38,chr4_110743002_G_A_b38,chr4_110775495_A_T_b38,chr4_110767596_T_C_b38,chr4_110641459_C_CT_b38,chr4_110796991_C_A_b38,chr4_110791276_A_G_b38,chr4_110782354_G_T_b38,chr4_110780642_G_T_b38,chr4_110778170_T_C_b38,chr4_110737238_C_T_b38,chr4_110784612_T_C_b38,chr4_110757980_A_G_b38,chr4_110840331_T_C_b38,chr4_110787131_C_A_b38,chr4_110762205_T_C_b38,chr4_110841700_G_A_b38,chr4_110755753_T_C_b38,chr4_110796911_G_A_b38,chr4_110764459_C_T_b38,chr4_110844339_C_T_b38,chr4_110791028_G_T_b38,chr4_110782924_G_A_b38	PITX2	eo
chr5_173235021_T_C_b38,chr5_173237160_G_A_b38,chr5_173243742_G_T_b38,chr5_173219950_CTTTTTTTTTTTTTT_C_b38,chr5_173242768_A_G_b38	NKX2-5	eo
chr7_116558567_G_A_b38,chr7_116546187_A_G_b38,chr7_116551247_C_A_b38,chr7_116550543_C_T_b38,chr7_116558774_A_G_b38,chr7_116519907_G_A_b38,chr7_116551643_A_G_b38,chr7_116514132_C_G_b38,chr7_116473690_C_G_b38	CAV1,CAV2	eo,s
chr9_94854821_C_G_b38,chr9_94730238_T_C_b38,chr9_94714202_A_G_b38,chr9_94969974_G_A_b38,chr9_94951177_C_A_b38,chr9_94886305_G_A_b38,chr9_94917489_C_T_b38,chr9_94805045_A_G_b38,chr9_94960984_G_A_b38,chr9_95044951_C_T_b38	C9orf3	o
chr16_73017721_C_T_b38,chr16_73035989_T_C_b38,chr16_73019123_T_A_b38,chr16_73014468_C_T_b38,chr16_72998133_G_A_b38,chr16_72995261_T_C_b38,chr16_73033862_T_G_b38,chr16_73025260_C_A_b38,chr16_73034779_G_A_b38	ZFHX3	o
