Coronary artery disease	genes	source
chr10_44001523_T_C_b38,chr10_43985363_T_G_b38		
chr11_103789839_T_C_b38,chr11_103802549_A_C_b38,chr11_103802566_T_A_b38,chr11_103798234_A_T_b38		
chr12_54120131_C_G_b38		
chr13_104008484_T_C_b38		
chr17_61195904_G_A_b38,chr17_61205147_T_C_b38,chr17_61208902_G_A_b38,chr17_61184679_C_T_b38,chr17_61209283_G_C_b38		
chr19_11052925_G_T_b38,chr19_11048420_G_T_b38		
chr3_49539584_A_C_b38,chr3_49411133_A_C_b38,chr3_49092945_T_C_b38,chr3_49046133_G_A_b38,chr3_49712272_A_C_b38,chr3_49124851_C_T_b38,chr3_49344465_G_A_b38		
chr6_31216419_A_G_b38		
chr6_71484004_A_C_b38		
chr10_102925542_C_A_b38,chr10_103013607_C_T_b38,chr10_102836092_G_C_b38,chr10_103179458_T_C_b38,chr10_102900247_A_G_b38,chr10_102834750_A_G_b38,chr10_103186066_G_A_b38,chr10_102845159_T_G_b38,chr10_102831636_G_T_b38,chr10_102921386_A_G_b38,chr10_102876519_C_T_b38,chr10_103169157_T_A_b38,chr10_102959339_G_A_b38,chr10_103034147_C_T_b38,chr10_103199143_G_A_b38,chr10_102856906_T_C_b38,chr10_103109281_T_C_b38,chr10_103016770_G_A_b38,chr10_103146454_T_C_b38,chr10_103111522_T_G_b38,chr10_103076162_C_T_b38,chr10_103086421_T_C_b38,chr10_103171827_G_C_b38,chr10_103113495_TA_T_b38,chr10_103154183_T_C_b38,chr10_102878723_C_T_b38	BORCS7,NT5C2,CYP17A1-AS1	e,seo,s
chr10_89243662_A_C_b38,chr10_89249122_C_T_b38,chr10_89243047_C_T_b38,chr10_89245159_C_A_b38,chr10_89251701_C_T_b38,chr10_89243170_C_T_b38,chr10_89245129_A_G_b38	LIPA	se
chr12_123934515_A_C_b38,chr12_123964676_C_A_b38,chr12_123925982_A_T_b38,chr12_123955563_C_A_b38,chr12_124004595_G_C_b38,chr12_124002131_A_G_b38,chr12_123935181_C_T_b38,chr12_123990609_A_G_b38,chr12_123930906_T_C_b38,chr12_123924955_G_A_b38,chr12_123980289_G_T_b38,chr12_123934127_C_T_b38,chr12_123936906_T_C_b38,chr12_123921324_G_A_b38,chr12_123975620_G_T_b38,chr12_123989885_T_TTCTAATGACCAAATCCTA_b38,chr12_123942759_T_A_b38,chr12_123920171_T_C_b38,chr12_123985191_A_G_b38	DNAH10OS,DNAH10,ZNF664,RFLNA,CCDC92	e,seo,se,so,seo
chr11_120328371_G_A_b38,chr11_120336696_A_G_b38,chr11_120345134_C_G_b38,chr11_120362917_A_G_b38,chr11_120466193_G_T_b38,chr11_120353835_T_C_b38,chr11_120327384_G_A_b38,chr11_120371214_T_C_b38	ARHGEF12,TMEM136	eo,seo
chr2_85542588_C_G_b38,chr2_85561052_T_A_b38,chr2_85515052_G_T_b38,chr2_85533272_C_T_b38,chr2_85578945_T_C_b38,chr2_85527219_C_A_b38,chr2_85582866_C_T_b38,chr2_85567174_T_C_b38,chr2_85540612_C_T_b38,chr2_85534925_A_T_b38	VAMP8,MAT2A,VAMP5,GGCX	seo,o,se,se
chr15_90885060_C_T_b38,chr15_90885291_CT_C_b38,chr15_90894158_A_T_b38,chr15_90884967_T_C_b38,chr15_90885725_C_T_b38,chr15_90877710_C_G_b38,chr15_90884642_G_C_b38,chr15_90884382_G_A_b38,chr15_90880313_G_T_b38,chr15_90886057_A_C_b38,chr15_90877743_T_C_b38,chr15_90873320_C_A_b38,chr15_90879313_T_C_b38,chr15_90875067_T_A_b38,chr15_90885946_G_T_b38,chr15_90885359_T_G_b38,chr15_90875164_C_T_b38,chr15_90885812_G_A_b38	FURIN,FES	s,seo
chr19_32391114_A_T_b38	ZNF507,AC007773.2	o,s
chr1_154423470_A_G_b38,chr1_154449591_T_C_b38,chr1_154452659_G_A_b38,chr1_154451288_T_C_b38	IL6R	seo
chr3_15606497_T_C_b38	COLQ,BTD	e,so
chr4_155717421_A_G_b38,chr4_155710193_T_C_b38,chr4_155705436_C_T_b38,chr4_155712292_C_T_b38,chr4_155724361_C_A_b38,chr4_155695469_A_G_b38,chr4_155714157_G_A_b38,chr4_155738667_A_C_b38,chr4_155725188_T_A_b38,chr4_155698052_T_C_b38,chr4_155721732_A_G_b38,chr4_155693032_C_T_b38,chr4_155718736_G_T_b38	GUCY1A3,GUCY1A1	s,o
chr6_32104116_C_T_b38,chr6_31844261_T_G_b38,chr6_31920590_C_T_b38,chr6_32134528_T_C_b38	DDAH2,AGER,C4A,CYP21A2,PRRT1	e,e,se,e,se
chr17_49372695_C_T_b38,chr17_49259324_G_T_b38,chr17_49263298_T_TC_b38,chr17_49262935_C_T_b38	ZNF652	so
chr1_109274570_A_G_b38,chr1_109279521_G_A_b38,chr1_109275216_T_C_b38,chr1_109279544_G_A_b38,chr1_109278889_T_G_b38,chr1_109274968_G_T_b38,chr1_109278685_G_T_b38,chr1_109275536_C_CT_b38,chr1_109275908_C_T_b38,chr1_109275684_G_T_b38	SORT1,CELSR2,PSRC1	e,eo,eo
chr2_203078445_A_G_b38,chr2_203051764_T_G_b38,chr2_203029276_C_A_b38,chr2_202811382_C_T_b38,chr2_202888349_T_C_b38,chr2_202784778_G_C_b38,chr2_203104250_T_C_b38,chr2_202912503_C_T_b38,chr2_202924227_T_C_b38,chr2_202881162_T_C_b38,chr2_202974905_T_A_b38,chr2_203289954_A_T_b38,chr2_203016269_T_C_b38,chr2_202966489_T_A_b38	WDR12,CARF,NBEAL1,ICA1L	e,e,e,e
chr1_222620428_T_C_b38,chr1_222650187_A_C_b38,chr1_222626283_T_G_b38,chr1_222638065_A_G_b38,chr1_222656208_G_A_b38,chr1_222664597_G_A_b38,chr1_222641100_C_T_b38	FAM177B,AIDA,MIA3	e,e,eo
chr2_226235982_G_T_b38,chr2_226236695_A_G_b38,chr2_226243730_C_T_b38,chr2_226228086_A_G_b38,chr2_226229029_T_C_b38,chr2_226298926_C_T_b38,chr2_226242785_C_T_b38,chr2_226236593_T_C_b38,chr2_226234464_C_T_b38,chr2_226253062_C_G_b38,chr2_226258868_A_G_b38,chr2_226239395_T_C_b38,chr2_226234818_A_G_b38,chr2_226235138_T_C_b38,chr2_226241205_C_T_b38,chr2_226241501_A_G_b38,chr2_226251649_A_G_b38,chr2_226239001_A_C_b38,chr2_226263827_T_G_b38,chr2_226258370_C_T_b38,chr2_226228869_A_C_b38,chr2_226314914_C_G_b38,chr2_226252982_C_G_b38,chr2_226258723_C_T_b38,chr2_226257202_A_G_b38,chr2_226218695_A_G_b38,chr2_226230042_A_G_b38	IRS1,RP11-395N3.2	eo,e
chr1_151795572_A_G_b38,chr1_151789832_C_G_b38	MRPL9,RP11-98D18.17,TDRKH,OAZ3	e,e,e,e
chr16_75411340_G_T_b38,chr16_75428157_A_G_b38,chr16_75381443_T_C_b38,chr16_75377547_A_C_b38,chr16_75280940_G_T_b38,chr16_75306333_A_T_b38,chr16_75409285_T_A_b38,chr16_75329010_C_T_b38,chr16_75459381_C_A_b38,chr16_75429100_G_C_b38,chr16_75292035_A_G_b38,chr16_75298143_A_G_b38,chr16_75353635_G_C_b38,chr16_75472695_G_A_b38,chr16_75433123_G_C_b38,chr16_75408246_T_C_b38,chr16_75408245_T_G_b38,chr16_75429114_C_T_b38,chr16_75439257_G_A_b38,chr16_75359454_T_G_b38,chr16_75356418_T_A_b38,chr16_75415023_C_T_b38,chr16_75285148_T_TCTGA_b38,chr16_75398788_G_GC_b38,chr16_75410674_C_T_b38	CFDP1,BCAR1,TMEM170A	e,e,e
chr6_133881552_T_C_b38,chr6_133852013_A_G_b38,chr6_133893387_C_G_b38,chr6_133905009_T_C_b38,chr6_133838838_C_G_b38,chr6_133883109_A_G_b38,chr6_133863834_G_A_b38,chr6_133888699_T_C_b38,chr6_133849994_C_T_b38,chr6_133863134_ATAGT_A_b38	TCF21	eo
chr15_78849442_T_C_b38,chr15_78787892_C_T_b38,chr15_78830712_C_T_b38,chr15_78727236_G_T_b38,chr15_78737381_G_A_b38,chr15_78824791_G_T_b38,chr15_78830996_C_G_b38,chr15_78831219_G_GT_b38,chr15_78832133_T_C_b38,chr15_78840302_G_A_b38,chr15_78818751_C_T_b38,chr15_78714240_T_C_b38,chr15_78846658_T_C_b38,chr15_78839988_A_C_b38,chr15_78762558_C_G_b38	CHRNB4,RP11-160C18.2,ADAMTS7,MORF4L1	o,s,seo,eo
chr16_83012185_A_G_b38	CDH13	eo
chr11_100710589_G_A_b38,chr11_100722807_G_C_b38,chr11_100753807_T_G_b38,chr11_100702389_G_A_b38,chr11_100701679_A_G_b38,chr11_100767524_G_A_b38,chr11_100739815_T_C_b38	TMEM133,ARHGAP42	e,eo
chr21_34221526_G_A_b38,chr21_34226827_C_T_b38,chr21_34223520_A_G_b38	SLC5A3,LINC00310,MRPS6,AP000318.2	e,e,e,e
chr15_89030987_G_A_b38	RP11-326A19.4,ABHD2	e,o
chr3_154122077_G_C_b38,chr3_154212006_T_C_b38,chr3_154154656_T_C_b38,chr3_154206995_A_G_b38	ARHGEF26	eo
chr12_89547772_T_C_b38,chr12_89665065_G_A_b38,chr12_89632746_A_G_b38,chr12_89697090_A_G_b38,chr12_89668599_G_A_b38,chr12_89632685_G_A_b38,chr12_89656726_A_G_b38,chr12_89619312_T_C_b38,chr12_89678299_G_A_b38,chr12_89675499_T_G_b38,chr12_89695013_G_A_b38,chr12_89698005_G_C_b38,chr12_89666809_G_A_b38,chr12_89615182_A_G_b38,chr12_89548613_A_G_b38	ATP2B1	eo
chr7_107604100_C_T_b38	BCAP29	e
chr22_24276750_A_G_b38,chr22_24266203_T_G_b38,chr22_24262890_G_T_b38	SPECC1L-ADORA2A,SPECC1L	o,e
chr1_56520961_C_T_b38,chr1_56506681_G_A_b38,chr1_56550459_A_C_b38,chr1_56497955_A_G_b38,chr1_56500678_A_G_b38,chr1_56530519_T_C_b38,chr1_56543106_C_T_b38,chr1_56499992_C_T_b38,chr1_56497149_A_G_b38	AC119674.2,PLPP3	o,eo
chr11_116778201_G_C_b38	ZPR1	eo
chr19_45693376_C_G_b38,chr19_45687010_G_A_b38	QPCTL	e
chr11_9740727_T_C_b38,chr11_9742422_C_T_b38,chr11_9748771_G_C_b38,chr11_9732054_G_A_b38,chr11_9729649_G_A_b38,chr11_9745385_A_G_b38,chr11_9737655_C_T_b38	RP11-540A21.2,SWAP70	e,eo
chr2_43846742_T_C_b38,chr2_43845437_G_T_b38,chr2_43847292_C_T_b38	ABCG8	eo
chr2_21047682_A_C_b38,chr2_21042646_A_T_b38	APOB	eo
chr15_67149412_C_A_b38,chr15_67150258_C_T_b38,chr15_67163292_C_T_b38,chr15_67157967_A_G_b38,chr15_67171953_A_G_b38,chr15_67156025_G_A_b38	SMAD3	eo
chr19_44919689_A_G_b38,chr19_44918903_C_G_b38,chr19_44919589_G_A_b38	APOC1	o
chr6_150931849_G_A_b38	MTHFD1L	o
chr1_55030366_T_C_b38	PCSK9	o
chr8_125474167_A_G_b38,chr8_125469505_A_G_b38,chr8_125479491_G_T_b38,chr8_125470379_C_A_b38,chr8_125467073_G_A_b38,chr8_125466108_A_C_b38,chr8_125473052_T_A_b38,chr8_125469835_A_G_b38,chr8_125483576_C_T_b38,chr8_125476008_C_T_b38,chr8_125478730_A_T_b38	TRIB1	o
chr19_11079868_C_T_b38,chr19_11091630_G_T_b38,chr19_11080624_G_A_b38,chr19_11077441_C_T_b38,chr19_11087826_T_C_b38,chr19_11086585_G_A_b38,chr19_11079088_T_C_b38,chr19_11081053_C_T_b38,chr19_11078622_CG_C_b38,chr19_11086210_T_C_b38,chr19_11083273_A_G_b38,chr19_11079976_G_A_b38,chr19_11076648_C_G_b38,chr19_11091518_GC_G_b38,chr19_11077571_G_A_b38,chr19_11079880_T_C_b38,chr19_11077477_A_C_b38,chr19_11082415_T_G_b38,chr19_11079858_G_A_b38,chr19_11079616_T_C_b38,chr19_11086922_G_T_b38,chr19_11081517_A_T_b38,chr19_11080521_G_A_b38,chr19_11077488_T_C_b38	LDLR	o
chr6_12927312_C_G_b38,chr6_12903203_C_T_b38,chr6_12901209_C_A_b38,chr6_12903725_A_G_b38	TBC1D7,PHACTR1	e,eo
chr7_130023656_C_T_b38,chr7_130045757_G_A_b38	ZC3HC1	o
chr11_107729844_C_T_b38	SLN	o
chr12_124824136_G_A_b38,chr12_124818736_T_C_b38,chr12_124831509_A_C_b38,chr12_124818728_CT_C_b38,chr12_124822507_G_A_b38,chr12_124827879_G_C_b38,chr12_124832197_C_T_b38,chr12_124831101_A_G_b38,chr12_124818708_C_T_b38	SCARB1	o
chr19_44908822_C_T_b38	APOE	o
chr9_133273983_G_A_b38,chr9_133266456_C_T_b38	ABO	o
chr7_19013110_G_A_b38,chr7_19009765_G_A_b38	TWIST1	o
chr12_120979185_A_G_b38,chr12_121012362_C_T_b38,chr12_121016819_C_T_b38,chr12_120978847_A_C_b38,chr12_120993422_G_A_b38,chr12_120960072_A_G_b38,chr12_120942741_T_C_b38,chr12_120967323_C_A_b38,chr12_120979733_G_GACTC_b38,chr12_120951159_A_C_b38,chr12_120983004_G_A_b38,chr12_120982123_T_C_b38,chr12_120977112_G_A_b38	HNF1A	o
chr2_19742712_G_A_b38	TTC32	o
chr2_144528992_T_G_b38	ZEB2	o
chr4_147359849_C_G_b38,chr4_147480038_G_A_b38,chr4_147474132_G_GT_b38,chr4_147457452_C_T_b38,chr4_147506351_A_C_b38,chr4_147479667_C_A_b38,chr4_147486500_C_T_b38,chr4_147478859_A_G_b38,chr4_147444187_T_A_b38,chr4_147493499_T_C_b38	EDNRA	eo
chr6_39166323_T_C_b38,chr6_39172349_A_T_b38,chr6_39156672_T_G_b38	KCNK5	o
chr6_160702419_T_C_b38,chr6_160687112_C_A_b38	PLG	o
chr13_110388451_A_C_b38,chr13_110388334_G_A_b38	COL4A2	o
chr14_99679373_C_G_b38,chr14_99675352_T_C_b38	HHIPL1	o
chr7_150993088_C_T_b38	NOS3	o
chr17_60942333_A_G_b38,chr17_60936127_T_C_b38,chr17_60837900_G_C_b38,chr17_60946637_C_T_b38,chr17_60873430_T_C_b38,chr17_60919686_A_T_b38,chr17_60854024_T_A_b38,chr17_60840038_T_C_b38,chr17_60830074_C_T_b38,chr17_60939664_T_C_b38,chr17_60936321_A_G_b38,chr17_60838698_G_T_b38,chr17_60942071_T_TAGG_b38,chr17_60928230_T_G_b38,chr17_60894370_A_T_b38	BCAS3	o
chr18_60185354_T_C_b38,chr18_60172536_C_A_b38,chr18_60159337_T_C_b38,chr18_60161902_T_C_b38,chr18_60165623_A_AC_b38,chr18_60183694_GTCT_G_b38,chr18_60141746_C_A_b38,chr18_60187461_C_T_b38,chr18_60178844_C_T_b38,chr18_60181298_T_C_b38,chr18_60182196_C_T_b38,chr18_60183350_C_A_b38,chr18_60181418_A_G_b38,chr18_60185715_A_C_b38,chr18_60183189_G_T_b38,chr18_60156805_C_G_b38,chr18_60184530_A_G_b38,chr18_60183864_T_C_b38,chr18_60144750_G_A_b38,chr18_60181790_G_A_b38,chr18_60171168_G_A_b38	MC4R	o
chr12_117827636_T_G_b38	KSR2	o
chr4_80259918_A_T_b38	FGF5	o
chr3_138403280_C_T_b38,chr3_138389510_G_A_b38,chr3_138380319_T_TTTC_b38,chr3_138374047_C_T_b38,chr3_138405272_T_G_b38,chr3_138392909_C_T_b38,chr3_138399143_C_T_b38,chr3_138403635_C_T_b38,chr3_138401110_T_C_b38,chr3_138403078_A_T_b38,chr3_138333912_C_T_b38	MRAS	eo
chr4_119988346_A_C_b38	MAD2L1	o
chr6_22612400_G_A_b38,chr6_22591296_C_A_b38	HDGFL1	o
chr10_30032669_C_T_b38,chr10_30028144_G_A_b38,chr10_30046193_T_C_b38,chr10_30034963_G_A_b38,chr10_30046591_G_A_b38,chr10_30027143_C_G_b38	KIAA1462,JCAD	e,o
chr6_160576086_A_T_b38,chr6_160589086_A_G_b38,chr6_160486102_C_T_b38,chr6_160442500_T_C_b38,chr6_160564494_G_A_b38,chr6_160584578_C_T_b38,chr6_160541471_T_C_b38,chr6_160548706_C_G_b38,chr6_160591981_T_C_b38	LPAL2,LPA,SLC22A3	s,eo,seo
chr3_124731234_G_C_b38,chr3_124756354_T_G_b38,chr3_124762913_T_A_b38,chr3_124734175_T_G_b38	UMPS	eo
chr12_20067099_C_G_b38	PDE3A	o
chr12_112153882_G_A_b38,chr12_112246417_A_T_b38,chr12_111645358_C_T_b38,chr12_111427245_C_G_b38,chr12_112433568_A_G_b38,chr12_111835695_C_T_b38,chr12_111494996_C_T_b38,chr12_111535554_A_G_b38,chr12_111634620_A_G_b38,chr12_112049014_A_G_b38,chr12_111472415_A_G_b38,chr12_112468611_A_G_b38,chr12_112445672_G_A_b38,chr12_111388673_A_AAATT_b38,chr12_111446804_T_C_b38,chr12_111569952_C_T_b38,chr12_111395984_G_A_b38,chr12_111621753_C_T_b38,chr12_112172910_G_A_b38,chr12_111469627_A_AC_b38,chr12_111466567_T_A_b38,chr12_111762346_T_C_b38	PTPN11,ATXN2,SH2B3	o,o,o
chr5_72098560_C_T_b38	MAP1B	o
chr2_215439661_T_C_b38,chr2_215426636_C_T_b38,chr2_215435462_C_T_b38,chr2_215441111_G_A_b38,chr2_215435759_T_A_b38,chr2_215422370_A_G_b38,chr2_215434906_C_G_b38,chr2_215438330_A_G_b38	FN1	o
chr3_14886570_G_T_b38,chr3_14884844_T_C_b38	FGD5	o
chr5_122074834_C_G_b38,chr5_122075906_C_T_b38,chr5_122077513_C_T_b38	LOX	o
chr9_22102166_C_T_b38,chr9_22019674_G_C_b38,chr9_22125504_G_C_b38,chr9_22052735_T_C_b38,chr9_22124473_C_T_b38,chr9_22124505_A_T_b38,chr9_22121350_A_T_b38,chr9_22071752_G_A_b38,chr9_22033367_C_T_b38,chr9_22031006_G_A_b38,chr9_22072302_G_C_b38,chr9_22119196_T_C_b38,chr9_22115960_A_G_b38,chr9_22110132_T_C_b38,chr9_22085599_T_C_b38,chr9_22115287_T_C_b38,chr9_22003368_G_A_b38,chr9_22090937_T_G_b38,chr9_22051671_G_C_b38,chr9_22096056_A_G_b38,chr9_22081851_C_T_b38,chr9_22072265_A_G_b38,chr9_22049483_C_CTT_b38,chr9_22124745_C_G_b38,chr9_22099569_C_A_b38,chr9_22124141_A_T_b38,chr9_22032153_T_G_b38,chr9_22090936_C_T_b38,chr9_22090604_C_T_b38,chr9_22077086_A_C_b38,chr9_22025494_G_A_b38,chr9_22124478_A_G_b38,chr9_22101703_T_C_b38,chr9_22116072_T_C_b38,chr9_22088095_A_G_b38,chr9_22045318_C_T_b38,chr9_22003224_C_T_b38,chr9_22056360_A_G_b38,chr9_22114470_G_C_b38,chr9_22040766_C_T_b38,chr9_22088261_C_T_b38,chr9_22100177_G_C_b38,chr9_22098575_A_G_b38,chr9_22068653_G_A_b38,chr9_22019130_A_G_b38,chr9_22084311_C_T_b38,chr9_22103814_A_G_b38,chr9_22098620_A_G_b38,chr9_22043927_A_G_b38,chr9_22124451_A_G_b38	CDKN2B,CDKN2A,CDKN2B-AS1	o,o,s
chr6_31918153_C_T_b38,chr6_31916180_A_G_b38,chr6_31913954_G_A_b38	C2	o
chr10_44192332_T_G_b38,chr10_44187833_C_T_b38,chr10_44197395_A_G_b38	C10orf142	o
chr13_110165755_T_A_b38,chr13_110185206_C_T_b38	COL4A1	o
chr3_136575915_C_G_b38,chr3_136786990_C_T_b38	STAG1	o
