Heart rate	genes	source
chr12_106794002_G_A_b38,chr12_106755644_A_T_b38		
chr12_37536300_A_G_b38,chr12_38045401_C_T_b38,chr12_37762556_C_T_b38,chr12_37976308_C_G_b38,chr12_37820809_T_C_b38,chr12_34458237_C_G_b38		
chr12_64583070_T_C_b38,chr12_64576316_C_A_b38		
chr14_23507801_A_G_b38		
chr17_15291962_C_T_b38		
chr1_44546601_A_C_b38,chr1_44537583_T_C_b38		
chr2_59779531_C_A_b38,chr2_59779570_G_T_b38,chr2_59798828_A_C_b38,chr2_59793239_G_A_b38		
chr3_53490024_G_A_b38,chr3_53479327_A_G_b38,chr3_53421542_G_T_b38		
chr5_173216115_G_A_b38		
chr5_30888476_A_T_b38,chr5_30896251_A_C_b38		
chr6_36849337_A_G_b38,chr6_36852789_A_G_b38		
chr11_62645472_C_T_b38,chr11_62675614_G_A_b38,chr11_62671347_G_T_b38,chr11_62612555_C_T_b38	METTL12,LBHD1,BSCL2,MTA2,UBXN1,EEF1G,B3GAT3,UQCC3,EML3,INTS5,ROM1,C11orf98	e,seo,e,se,e,e,se,e,se,e,se,s
chr1_207837647_T_C_b38,chr1_207767508_T_A_b38,chr1_207851475_C_T_b38,chr1_207815258_G_C_b38,chr1_207788387_G_A_b38,chr1_207774716_T_C_b38,chr1_207842055_G_GT_b38	CD46	so
chr22_38717129_G_A_b38,chr22_38646216_G_T_b38,chr22_38714119_G_A_b38,chr22_38624261_C_A_b38,chr22_38754445_G_A_b38,chr22_38527670_T_C_b38,chr22_38578149_C_A_b38,chr22_38754538_G_T_b38,chr22_38679587_C_T_b38,chr22_38729069_C_G_b38,chr22_38704259_T_A_b38	CBY1,TOMM22,GTPBP1,JOSD1,FAM227A,RP3-508I15.9,DDX17,KDELR3,SUN2	se,e,se,e,e,s,e,e,e
chr7_100895738_G_A_b38,chr7_100899511_A_G_b38,chr7_100855586_T_C_b38,chr7_100897340_G_T_b38,chr7_100885099_G_A_b38,chr7_100889133_G_C_b38,chr7_100911633_A_C_b38,chr7_100908761_C_T_b38,chr7_100897329_G_T_b38	TRIP6,ACHE,SRRT	se,se,e
chr3_49797334_A_C_b38,chr3_49835755_C_T_b38,chr3_49834208_C_T_b38,chr3_49854452_T_C_b38,chr3_49714152_C_T_b38,chr3_49696607_G_T_b38,chr3_49732599_G_A_b38	UBA7,CDHR4,RNF123,FAM212A,TRAIP	s,se,s,e,e
chr11_61820833_A_G_b38,chr11_61803876_C_G_b38,chr11_61837342_C_A_b38,chr11_61776027_T_C_b38,chr11_61824890_A_G_b38,chr11_61843278_G_A_b38,chr11_61838027_T_A_b38,chr11_61854084_G_C_b38,chr11_61829161_C_T_b38,chr11_61822009_A_G_b38,chr11_61784455_A_C_b38,chr11_61776489_T_C_b38,chr11_61827448_CT_C_b38,chr11_61836038_C_A_b38,chr11_61790331_T_C_b38,chr11_61803910_G_A_b38,chr11_61812288_T_C_b38,chr11_61802358_C_T_b38,chr11_61790354_T_C_b38,chr11_61813896_A_G_b38,chr11_61813163_C_T_b38,chr11_61815236_T_C_b38,chr11_61811991_A_G_b38,chr11_61828850_CA_C_b38,chr11_61839170_A_G_b38,chr11_61792609_G_A_b38,chr11_61779120_A_G_b38,chr11_61832870_A_C_b38,chr11_61855668_C_T_b38,chr11_61830500_A_G_b38,chr11_61814184_G_A_b38,chr11_61852357_C_A_b38,chr11_61803311_T_C_b38,chr11_61798436_T_C_b38,chr11_61796827_G_T_b38,chr11_61842278_C_T_b38,chr11_61783884_T_C_b38,chr11_61826344_C_T_b38,chr11_61818856_C_CT_b38,chr11_61817672_A_G_b38,chr11_61804006_T_C_b38,chr11_61801834_C_G_b38,chr11_61825533_A_G_b38,chr11_61851136_A_G_b38,chr11_61800281_C_A_b38,chr11_61814292_T_C_b38,chr11_61785208_G_T_b38,chr11_61781553_G_A_b38,chr11_61839211_G_A_b38	FADS3,FADS1,TMEM258,FADS2	e,seo,eo,seo
chr5_179741096_T_C_b38,chr5_179708814_C_A_b38	MAML1,CANX,MGAT4B	se,e,e
chr3_122448833_T_A_b38,chr3_122533533_A_G_b38,chr3_122371255_G_A_b38,chr3_122350976_G_A_b38	CCDC58,WDR5B,FAM162A,KPNA1	se,e,e,e
chr9_125431177_G_T_b38,chr9_125650397_G_A_b38,chr9_125479135_C_T_b38,chr9_125516460_A_G_b38,chr9_125666534_G_A_b38,chr9_125672977_G_A_b38	MAPKAP1	so
chr1_66525663_T_C_b38,chr1_66553045_C_T_b38	SGIP1	seo
chr1_156469208_T_C_b38,chr1_156486737_T_G_b38	MEF2D	seo
chr2_227270464_A_G_b38,chr2_227314612_C_T_b38,chr2_227269439_T_C_b38,chr2_227303383_C_A_b38	COL4A3,MFF	o,se
chr19_40327563_G_A_b38	MAP3K10	se
chr12_38712929_C_T_b38,chr12_38695197_A_C_b38	CPNE8,ALG10B	s,e
chr5_138165314_T_C_b38,chr5_138217281_T_C_b38,chr5_138165707_A_C_b38	CDC23,BRD8,KIF20A	e,s,e
chr1_87427449_G_A_b38	LMO4	eo
chr9_35909521_G_A_b38	SPAAR	e
chr12_81825597_C_T_b38,chr12_81809457_ACTTTACTTTTAGAATGT_A_b38	PPFIA2	eo
chr11_128894676_C_A_b38,chr11_128894675_G_A_b38,chr11_128898062_T_C_b38	KCNJ5,C11orf45	o,e
chr2_187377642_A_G_b38,chr2_187138391_T_C_b38,chr2_187163590_G_A_b38,chr2_187320077_G_A_b38,chr2_187325748_G_A_b38	CALCRL	eo
chr3_69357651_T_A_b38,chr3_69361574_A_G_b38	FRMD4B	eo
chr2_231388679_A_G_b38,chr2_231387611_T_G_b38,chr2_231406573_A_C_b38,chr2_231408115_A_G_b38,chr2_231404173_A_C_b38,chr2_231407789_A_G_b38,chr2_231400203_G_T_b38	B3GNT7	eo
chr14_85388136_C_T_b38,chr14_85315140_AT_A_b38,chr14_85330220_A_G_b38,chr14_85341837_T_C_b38,chr14_85343567_T_C_b38,chr14_85392103_G_A_b38,chr14_85318907_G_C_b38	FLRT2	eo
chr1_207915947_T_C_b38	RP11-328D5.4	e
chr5_173235021_T_C_b38,chr5_173237160_G_A_b38,chr5_173243742_G_T_b38,chr5_173242768_A_G_b38	NKX2-5	eo
chr7_93916039_G_A_b38,chr7_93921103_G_C_b38,chr7_93920284_T_A_b38,chr7_93921135_C_T_b38,chr7_93911230_T_C_b38	GNG11,BET1	eo,e
chr1_6236178_T_G_b38	LINC00337	e
chr11_44958832_A_G_b38	TP53I11	eo
chr3_179451442_T_G_b38,chr3_179455191_G_T_b38,chr3_179455436_A_T_b38	GNB4	eo
chr16_65223988_T_C_b38,chr16_65252967_T_C_b38,chr16_65231799_C_T_b38,chr16_65249692_AAAGT_A_b38,chr16_65249951_A_C_b38	CDH11	eo
chr8_143907320_G_A_b38,chr8_143944186_C_T_b38	PLEC	e
chr2_219434819_G_T_b38	SPEG	e
chr6_118641577_T_C_b38,chr6_118467489_G_T_b38,chr6_118359211_C_T_b38,chr6_118688750_A_G_b38,chr6_118346359_T_C_b38,chr6_118313916_C_G_b38,chr6_118385480_C_T_b38	PLN,CEP85L	o,eo
chr2_27375230_T_C_b38,chr2_27527678_A_G_b38,chr2_27508073_T_C_b38,chr2_27519736_T_C_b38,chr2_27526037_G_A_b38,chr2_27518238_A_G_b38,chr2_27512105_G_A_b38,chr2_27518370_T_C_b38,chr2_27518205_C_G_b38,chr2_27529596_G_A_b38	GCKR	o
chr12_131136742_A_T_b38,chr12_131137217_A_G_b38,chr12_131132872_C_A_b38	ADGRD1	o
chr3_172082466_A_G_b38,chr3_172067378_G_C_b38,chr3_172115476_G_C_b38	FNDC3B	o
chr1_217545447_C_T_b38,chr1_217549548_C_CT_b38,chr1_217549107_A_C_b38	GPATCH2	o
chr3_38592432_G_C_b38,chr3_38579746_C_G_b38	SCN5A	o
chr3_38736063_T_G_b38,chr3_38754924_A_C_b38,chr3_38725184_A_G_b38,chr3_38729148_C_G_b38,chr3_38744318_G_T_b38,chr3_38730434_C_G_b38,chr3_38725824_T_C_b38,chr3_38737127_T_C_b38,chr3_38733341_C_T_b38,chr3_38742538_T_C_b38,chr3_38743466_G_A_b38	SCN10A	o
chr4_23949395_C_G_b38	PPARGC1A	o
chr4_148049320_A_G_b38,chr4_148053451_T_C_b38	ARHGAP10	o
chr5_108411746_G_A_b38	FBXL17	o
chr7_35215781_C_T_b38,chr7_35218665_T_C_b38	TBX20	o
chr7_116806519_T_G_b38	MET	o
chr7_127329951_A_G_b38,chr7_127329992_G_C_b38	ZNF800	o
chr7_136891353_A_G_b38,chr7_136957887_T_C_b38	CHRM2	o
chr11_12237633_AC_A_b38	MICAL2	o
chr12_20319268_T_C_b38,chr12_20315160_G_A_b38,chr12_20277003_G_C_b38	PDE3A	o
chr12_24607522_A_G_b38,chr12_24623865_G_A_b38,chr12_24623818_A_G_b38,chr12_24617944_A_G_b38,chr12_24635405_G_A_b38,chr12_24605546_G_A_b38,chr12_24631205_G_A_b38,chr12_24619033_C_T_b38	SOX5	o
chr12_27802363_C_T_b38	KLHL42	o
chr14_21074607_A_G_b38	ARHGEF40	o
chr14_72418763_G_C_b38	DPF3,RGS6	o,o
chr14_91117029_A_C_b38	DGLUCY	o
chr15_73359833_A_G_b38,chr15_73371562_A_T_b38,chr15_73384923_C_T_b38,chr15_73374914_T_G_b38,chr15_73376665_G_A_b38,chr15_73371291_A_G_b38,chr15_73373165_T_G_b38	HCN4	o
chr16_15818687_T_C_b38,chr16_15816886_G_A_b38,chr16_15812273_A_G_b38	MYH11	o
chr18_28186254_A_C_b38	CDH2	o
chr18_32425564_G_A_b38,chr18_32423359_G_A_b38	GAREM1	o
chr19_44919689_A_G_b38,chr19_44918903_C_G_b38,chr19_44919589_G_A_b38	APOC1	o
chr20_41203988_T_C_b38	ZHX3	o
chr1_207920374_A_G_b38	CD34	o
chr12_33424055_A_C_b38,chr12_33445628_G_A_b38,chr12_33384452_T_C_b38,chr12_33376353_T_C_b38,chr12_33529470_T_C_b38,chr12_33445840_G_A_b38,chr12_33440192_T_C_b38,chr12_33469964_T_A_b38	SYT10	o
chr14_23392602_A_G_b38,chr14_23401543_G_A_b38,chr14_23396676_G_A_b38,chr14_23395595_T_C_b38,chr14_23394593_G_T_b38	MYH6	o
chr20_38215636_C_T_b38,chr20_38215590_A_G_b38,chr20_38211754_T_C_b38,chr20_38220686_G_A_b38,chr20_38220605_C_T_b38,chr20_38212475_G_T_b38	KIAA1755	o
chr6_118370282_G_C_b38,chr6_118332041_G_C_b38,chr6_118309137_G_A_b38,chr6_118252898_G_A_b38,chr6_118244502_A_G_b38,chr6_118256880_G_A_b38,chr6_118370989_G_C_b38,chr6_118238495_T_A_b38	SLC35F1	o
chr6_121810339_T_C_b38,chr6_121793305_A_G_b38,chr6_121824888_C_A_b38,chr6_121780609_G_C_b38,chr6_121778006_G_A_b38,chr6_121516168_A_G_b38,chr6_121437366_C_T_b38,chr6_121824746_T_G_b38,chr6_121846992_C_T_b38,chr6_121871446_C_T_b38,chr6_121837124_G_A_b38,chr6_121409576_G_A_b38,chr6_121771751_G_A_b38,chr6_121460244_T_C_b38,chr6_121804281_T_C_b38,chr6_121852542_G_C_b38,chr6_121846353_C_T_b38	GJA1	eo
chr12_2071430_C_T_b38,chr12_2068380_G_A_b38,chr12_2075300_G_C_b38,chr12_2069594_G_C_b38	CACNA1C	o
chr2_178860510_G_T_b38,chr2_178856319_G_A_b38,chr2_178975161_G_A_b38,chr2_178921341_T_C_b38	CCDC141	o
