Type 2 diabetes	genes	source
chr10_121144836_G_C_b38		
chr11_2249112_A_G_b38		
chr11_2825839_T_G_b38,chr11_2822986_G_C_b38		
chr11_2828300_A_C_b38,chr11_2818521_C_T_b38		
chr11_2835964_A_C_b38,chr11_2836067_G_A_b38		
chr11_2837316_C_T_b38,chr11_2837406_C_T_b38,chr11_2837210_G_A_b38		
chr12_121018813_G_T_b38		
chr12_121022883_T_A_b38		
chr12_123007025_G_A_b38,chr12_123008576_A_G_b38		
chr13_109288515_T_C_b38		
chr16_54456899_T_C_b38		
chr17_58680223_G_A_b38		
chr18_60171168_G_A_b38,chr18_60183694_GTCT_G_b38,chr18_60183864_T_C_b38,chr18_60181418_A_G_b38,chr18_60159337_T_C_b38,chr18_60156805_C_G_b38,chr18_60185354_T_C_b38,chr18_60181790_G_A_b38,chr18_60141746_C_A_b38,chr18_60182196_C_T_b38,chr18_60183350_C_A_b38,chr18_60165623_A_AC_b38,chr18_60185715_A_C_b38,chr18_60187461_C_T_b38,chr18_60178844_C_T_b38,chr18_60172536_C_A_b38,chr18_60183189_G_T_b38,chr18_60144750_G_A_b38,chr18_60161902_T_C_b38,chr18_60181298_T_C_b38,chr18_60184530_A_G_b38		
chr19_45654898_A_G_b38,chr19_45655255_T_G_b38,chr19_45655777_T_TTTTGTTTG_b38		
chr19_7905750_A_G_b38,chr19_7907730_A_G_b38		
chr19_7911644_T_C_b38		
chr1_229537208_G_A_b38		
chr1_50755008_T_C_b38,chr1_50901748_C_T_b38,chr1_50885609_C_T_b38,chr1_50556195_G_A_b38,chr1_50707931_C_T_b38,chr1_50743501_CATTTTTAGT_C_b38,chr1_50444313_G_A_b38,chr1_50506129_A_G_b38,chr1_50908936_T_G_b38,chr1_50488456_G_A_b38,chr1_51041214_A_G_b38,chr1_50571988_G_GT_b38,chr1_50997752_A_T_b38,chr1_50991528_A_G_b38,chr1_50926173_C_T_b38,chr1_51065317_T_C_b38		
chr20_44335874_G_A_b38		
chr22_43981562_A_G_b38		
chr2_111192964_T_C_b38		
chr2_226155937_A_G_b38		
chr2_65069664_G_A_b38		
chr3_150379848_G_C_b38		
chr3_50134964_C_T_b38,chr3_49943163_C_T_b38		
chr4_121739095_A_G_b38		
chr4_1316113_C_G_b38		
chr4_1785670_TGCCCCTGGGAG_T_b38,chr4_1782676_C_T_b38		
chr4_52268127_G_T_b38		
chr5_77129124_G_A_b38,chr5_77131486_G_A_b38		
chr6_126470949_A_G_b38		
chr6_126643364_A_G_b38,chr6_126747838_T_C_b38		
chr6_32813335_C_T_b38		
chr8_10782555_C_G_b38,chr8_10755789_C_G_b38,chr8_10766123_G_C_b38,chr8_10817678_T_C_b38,chr8_10773058_A_G_b38,chr8_10749744_A_G_b38,chr8_10775649_A_C_b38,chr8_10790313_A_G_b38,chr8_10780042_G_A_b38,chr8_10736964_C_A_b38,chr8_10773388_C_A_b38,chr8_10807934_C_A_b38,chr8_10807559_A_G_b38		
chr8_25136581_C_T_b38		
chr9_79284065_A_G_b38,chr9_79290675_A_G_b38,chr9_79266915_A_G_b38		
chr9_79337213_C_T_b38		
chr9_94156900_T_C_b38,chr9_94156209_C_CT_b38		
chr11_69050429_G_A_b38,chr11_69063896_G_A_b38,chr11_69049973_T_G_b38,chr11_69105375_C_T_b38	TPCN2	seo
chr15_89828835_G_C_b38,chr15_89879754_T_C_b38,chr15_89836982_C_A_b38,chr15_89906291_T_C_b38,chr15_89831025_C_A_b38	ARPIN,AP3S2	se,se
chr16_53492639_C_T_b38	AKTIP,RBL2	e,seo
chr17_42564217_C_T_b38,chr17_42568614_G_A_b38,chr17_42570011_A_G_b38,chr17_42569024_C_T_b38,chr17_42561053_C_T_b38,chr17_42546057_A_G_b38,chr17_42544897_C_T_b38	HSD17B1,MLX,FAM134C,TUBG2,TUBG1	e,se,se,e,e
chr3_12350773_C_T_b38,chr3_12288284_C_T_b38,chr3_12347814_A_G_b38,chr3_12355414_G_A_b38,chr3_12348985_T_C_b38,chr3_12327902_C_T_b38,chr3_12303231_C_G_b38,chr3_12353341_C_T_b38,chr3_12351626_C_G_b38,chr3_12354146_G_A_b38	PPARG	so
chr6_32658715_G_A_b38,chr6_32659937_T_G_b38,chr6_32658837_A_G_b38,chr6_32658824_A_G_b38	HLA-DRB1,HLA-DQA2,HLA-DQA1,HLA-DQB1,HLA-DQB2	e,e,se,e,se
chr7_102743216_T_A_b38,chr7_102743243_C_A_b38	RASA4,RASA4B	s,e
chr8_144778182_A_G_b38	ZNF517,ZNF34,ZNF251,RPL8	e,se,e,e
chr8_41661944_A_G_b38,chr8_41665473_A_G_b38,chr8_41675996_A_G_b38,chr8_41670660_G_T_b38,chr8_41661730_T_C_b38	ANK1	se
chr11_43856909_G_A_b38,chr11_43855148_C_T_b38,chr11_43856384_C_A_b38,chr11_43856935_G_A_b38	HSD17B12	seo
chr19_53445571_T_G_b38	ZNF761	so
chr8_94949566_C_T_b38,chr8_94957029_G_A_b38,chr8_94948658_G_T_b38,chr8_94957094_C_T_b38,chr8_94948283_T_C_b38,chr8_94953467_A_G_b38,chr8_94979792_C_T_b38,chr8_94959692_G_A_b38,chr8_94925274_T_C_b38,chr8_94960323_G_A_b38,chr8_94948627_G_C_b38,chr8_94922936_C_A_b38,chr8_94948539_G_A_b38,chr8_94976256_G_A_b38,chr8_94974744_G_C_b38,chr8_94954149_G_GC_b38	INTS8,CCNE2,NDUFAF6,TP53INP1	se,e,se,eo
chr10_122433665_T_G_b38,chr10_122435969_A_G_b38,chr10_122375287_G_C_b38,chr10_122371251_CAT_C_b38,chr10_122427198_C_T_b38,chr10_122407996_C_T_b38	PLEKHA1	seo
chr12_121249126_G_A_b38	CAMKK2	se
chr12_27714794_G_A_b38,chr12_27738969_A_T_b38	MRPS35	s
chr16_250642_G_A_b38,chr16_256244_A_G_b38	FAM234A	se
chr6_160353454_C_A_b38,chr6_160354985_C_A_b38,chr6_160370338_C_G_b38,chr6_160345738_T_C_b38,chr6_160361902_G_C_b38,chr6_160348391_G_A_b38,chr6_160346873_T_G_b38,chr6_160427135_A_C_b38,chr6_160349886_T_G_b38,chr6_160348779_C_T_b38,chr6_160349280_A_G_b38	SLC22A3	seo
chr6_31161839_A_G_b38,chr6_31168937_T_C_b38,chr6_31168676_A_G_b38	PSORS1C2,CCHCR1,TCF19	e,se,seo
chr15_63531102_A_G_b38	FBXL22,HERC1	se,se
chr17_63619677_T_C_b38,chr17_63568639_G_A_b38,chr17_63610240_C_T_b38	DDX42,LIMD2,DCAF7,STRADA,MAP3K3,KCNH6,PSMC5	se,e,e,se,se,s,e
chr3_185599886_G_C_b38,chr3_185636428_G_C_b38,chr3_185632918_G_A_b38,chr3_185613377_C_A_b38,chr3_185604855_G_A_b38,chr3_185584310_G_A_b38,chr3_185581080_A_G_b38,chr3_185590814_A_T_b38	SENP2	se
chr11_17366435_A_G_b38,chr11_17388025_T_C_b38,chr11_17346466_AG_A_b38,chr11_17382092_T_C_b38,chr11_17386857_C_T_b38,chr11_17384070_C_T_b38,chr11_17390274_C_T_b38,chr11_17387083_C_T_b38,chr11_17350896_C_A_b38,chr11_17372526_C_G_b38,chr11_17383292_G_A_b38	KCNJ11,NCR3LG1,ABCC8	seo,eo,s
chr19_19277691_A_T_b38,chr19_19584419_C_T_b38,chr19_19383674_G_A_b38,chr19_19547663_G_T_b38,chr19_19268740_C_T_b38,chr19_19321481_AG_A_b38,chr19_19499787_C_T_b38,chr19_19616343_A_G_b38,chr19_19349732_G_C_b38,chr19_19551411_C_T_b38,chr19_19296909_T_C_b38	TM6SF2,MAU2,AC004475.1	o,s,o
chr22_31605064_G_A_b38	SFI1	seo
chr7_44189469_C_T_b38,chr7_44196069_G_A_b38,chr7_44184122_G_A_b38,chr7_44209229_G_A_b38,chr7_44225580_G_A_b38,chr7_44192287_T_C_b38,chr7_44186502_C_T_b38,chr7_44206254_A_T_b38	GCK,POLR2J4,YKT6	eo,s,eo
chr12_123156306_C_G_b38,chr12_123142469_T_C_b38,chr12_123131967_A_G_b38,chr12_123258145_TG_T_b38,chr12_123265681_T_C_b38,chr12_123333022_G_T_b38,chr12_123338999_A_G_b38,chr12_123283382_G_A_b38,chr12_123423743_T_C_b38,chr12_123108938_T_A_b38,chr12_123250227_T_G_b38,chr12_123268945_C_G_b38,chr12_123379073_G_A_b38,chr12_123178804_G_A_b38,chr12_123227869_G_A_b38,chr12_123401390_C_T_b38,chr12_123321672_C_T_b38,chr12_123286468_G_A_b38,chr12_123169009_C_T_b38,chr12_123286485_A_G_b38,chr12_123405729_C_T_b38,chr12_123273688_C_G_b38,chr12_123417814_G_A_b38,chr12_123183403_T_C_b38,chr12_123338164_G_A_b38,chr12_123372451_G_A_b38,chr12_123204974_C_T_b38,chr12_123193817_GAC_G_b38,chr12_123075742_T_C_b38,chr12_123376905_G_A_b38,chr12_122986039_C_T_b38,chr12_123416596_T_C_b38,chr12_123182807_G_T_b38	C12orf65,MPHOSPH9,KMT5A,CDK2AP1,PITPNM2	se,se,e,e,e
chr4_122910288_CA_C_b38,chr4_122904764_C_T_b38,chr4_123145793_G_A_b38,chr4_122911621_A_G_b38,chr4_122906887_T_G_b38,chr4_122911999_T_C_b38	FGF2,NUDT6	e,so
chr11_65564802_C_T_b38,chr11_65556254_G_A_b38	EHBP1L1,LTBP3	se,s
chr2_160266740_C_T_b38,chr2_160314943_T_C_b38,chr2_160280145_A_G_b38,chr2_160230900_T_C_b38,chr2_160287544_G_A_b38	ITGB6,RBMS1	seo,o
chr10_100152437_C_T_b38,chr10_100223656_G_A_b38,chr10_100216744_G_C_b38,chr10_100278884_G_A_b38,chr10_100267650_C_T_b38	BLOC1S2,CWF19L1,ERLIN1	se,e,eo
chr9_34025642_C_G_b38,chr9_33909006_T_TTAAATAAA_b38,chr9_33803410_T_C_b38	UBE2R2,UBAP2	e,s
chr6_136972090_T_C_b38,chr6_136966564_A_G_b38	IL20RA,NHEG1	eo,se
chr15_90968030_A_G_b38,chr15_90978107_C_A_b38	PRC1	s
chr16_75212039_C_T_b38,chr16_75212137_G_C_b38,chr16_75213347_T_G_b38,chr16_75200974_C_A_b38,chr16_75208114_C_G_b38,chr16_75215654_C_T_b38,chr16_75209759_G_C_b38,chr16_75218429_G_A_b38	CTRB2	so
chr17_48967647_C_T_b38,chr17_48970506_G_A_b38,chr17_48965289_A_G_b38,chr17_48967960_G_A_b38,chr17_48897372_T_C_b38,chr17_48967101_C_T_b38,chr17_48964755_G_A_b38,chr17_48889762_G_A_b38,chr17_48951110_A_G_b38,chr17_48911792_A_G_b38,chr17_48922889_C_T_b38,chr17_48889676_T_A_b38,chr17_48880334_G_C_b38,chr17_48968000_C_T_b38,chr17_48928226_C_T_b38,chr17_48917608_G_A_b38	UBE2Z,SNF8,ATP5G1	se,e,e
chr4_82663343_A_G_b38	SCD5	so
chr6_31557074_C_T_b38	DDX39B,ATP6V1G2	s,e
chr6_43837765_G_C_b38,chr6_43838872_G_A_b38,chr6_43844025_C_T_b38,chr6_43850054_A_T_b38,chr6_43837625_T_A_b38,chr6_43852478_A_G_b38,chr6_43837088_A_G_b38,chr6_43837071_G_C_b38,chr6_43838598_T_C_b38,chr6_43842065_T_C_b38,chr6_43843237_G_A_b38	RP11-344J7.4,VEGFA	se,eo
chr1_120039047_T_TC_b38,chr1_119918630_C_T_b38,chr1_119928601_A_G_b38,chr1_120065830_A_G_b38,chr1_119975336_G_T_b38,chr1_119895261_A_G_b38	ADAM30,NOTCH2	o,se
chr2_65057022_C_CGTGGATGCAGCA_b38,chr2_65057489_T_C_b38,chr2_65048915_T_C_b38,chr2_65052671_T_C_b38,chr2_65056838_T_C_b38,chr2_65069146_T_C_b38,chr2_65057097_A_T_b38,chr2_65060762_A_G_b38,chr2_65049318_T_C_b38,chr2_65052089_C_T_b38,chr2_65053051_A_G_b38	CEP68	eo
chr10_73894114_C_T_b38,chr10_73834292_G_T_b38,chr10_73895870_G_C_b38,chr10_73898591_G_T_b38,chr10_73841838_C_T_b38,chr10_73839369_A_G_b38	PLAU,FUT11,CAMK2G	seo,e,e
chr3_46884049_T_C_b38	PTH1R	e
chr4_103067742_G_T_b38	BDH2	e
chr2_226242785_C_T_b38,chr2_226230042_A_G_b38,chr2_226239001_A_C_b38,chr2_226298926_C_T_b38,chr2_226257202_A_G_b38,chr2_226234464_C_T_b38,chr2_226241205_C_T_b38,chr2_226314914_C_G_b38,chr2_226258723_C_T_b38,chr2_226251649_A_G_b38,chr2_226228869_A_C_b38,chr2_226234818_A_G_b38,chr2_226236593_T_C_b38,chr2_226228086_A_G_b38,chr2_226235138_T_C_b38,chr2_226235982_G_T_b38,chr2_226253062_C_G_b38,chr2_226239395_T_C_b38,chr2_226203364_A_C_b38,chr2_226241501_A_G_b38,chr2_226218695_A_G_b38,chr2_226197364_A_G_b38,chr2_226258370_C_T_b38,chr2_226229029_T_C_b38,chr2_226236695_A_G_b38,chr2_226263827_T_G_b38,chr2_226243730_C_T_b38,chr2_226258868_A_G_b38,chr2_226183055_C_T_b38,chr2_226252982_C_G_b38	IRS1,RP11-395N3.2	eo,e
chr8_36992428_C_G_b38,chr8_37000622_C_G_b38,chr8_37001668_T_C_b38,chr8_36989597_T_C_b38,chr8_36995695_C_T_b38,chr8_36988591_C_T_b38,chr8_37000965_A_G_b38	ZNF703,KCNU1,RP11-419C23.1	e,o,e
chr6_126490782_A_T_b38,chr6_126454948_G_T_b38,chr6_126552945_A_G_b38,chr6_126383649_C_T_b38,chr6_126544987_C_A_b38,chr6_126377573_A_G_b38,chr6_126362448_A_G_b38,chr6_126357122_G_T_b38,chr6_126340712_C_T_b38,chr6_126395918_A_G_b38,chr6_126357185_T_TA_b38,chr6_126645162_T_C_b38,chr6_126382244_T_A_b38,chr6_126434496_T_G_b38,chr6_126460288_C_T_b38,chr6_126446454_C_T_b38,chr6_126406804_A_T_b38,chr6_126386699_CT_C_b38,chr6_126391101_G_C_b38,chr6_126437887_G_T_b38,chr6_126431728_C_T_b38,chr6_126466961_G_A_b38,chr6_126516517_A_C_b38,chr6_126337897_T_G_b38,chr6_126530014_C_T_b38,chr6_126541409_TTG_T_b38,chr6_126622474_G_C_b38	CENPW	eo
chr12_27810574_T_G_b38,chr12_27812217_C_T_b38,chr12_27809170_C_T_b38,chr12_27804600_T_G_b38	KLHL42	eo
chr12_124083909_C_T_b38	CCDC92,RFLNA	e,eo
chr2_43528893_C_T_b38,chr2_43434343_T_A_b38,chr2_43480246_C_T_b38,chr2_43340079_T_C_b38,chr2_43391680_C_T_b38,chr2_43397113_A_C_b38,chr2_43438039_C_T_b38,chr2_43508574_C_T_b38,chr2_43505684_T_C_b38,chr2_43364537_C_T_b38,chr2_43292838_C_T_b38,chr2_43460740_C_T_b38,chr2_43527516_T_C_b38,chr2_43530154_A_T_b38,chr2_43451478_C_T_b38,chr2_43512622_C_A_b38,chr2_43253874_G_A_b38	LINC01126,THADA,AC010883.5	e,o,s
chr19_45646924_A_G_b38,chr19_45644269_T_C_b38	EML2	e
chr20_34131991_C_T_b38,chr20_34000289_T_C_b38,chr20_34087921_A_G_b38,chr20_34141638_T_G_b38,chr20_34022595_T_C_b38,chr20_34002002_G_C_b38	RP5-1125A11.7,RALY,RP5-1125A11.6	e,o,e
chr1_39579628_A_C_b38,chr1_39570256_G_T_b38,chr1_39557105_C_G_b38,chr1_39537738_C_T_b38,chr1_39156916_A_G_b38,chr1_39570014_C_T_b38,chr1_39552837_C_T_b38,chr1_39503387_C_T_b38,chr1_39331383_A_G_b38,chr1_39370145_A_G_b38,chr1_39110310_A_C_b38,chr1_39571175_G_C_b38,chr1_39562508_A_G_b38,chr1_39594801_G_A_b38,chr1_39505256_C_A_b38,chr1_39106320_T_G_b38,chr1_39599289_G_A_b38,chr1_39447679_A_G_b38,chr1_39529402_C_T_b38,chr1_39594353_G_A_b38	BMP8A,PPIEL,PABPC4,MACF1	e,s,seo,eo
chr11_49278234_A_G_b38,chr11_49329474_A_C_b38	FOLH1	e
chr20_33848172_C_T_b38	CHMP4B	eo
chr5_75719417_T_G_b38,chr5_75707853_T_C_b38,chr5_75696024_A_C_b38,chr5_75714177_T_C_b38	POC5	eo
chr17_4044350_T_C_b38,chr17_4178680_G_A_b38,chr17_4180628_G_A_b38,chr17_4049808_A_G_b38,chr17_4111090_G_T_b38,chr17_4082570_G_A_b38,chr17_4077854_G_C_b38,chr17_4083627_G_GCTT_b38	CYB5D2,ANKFY1,ZZEF1	e,eo,se
chr6_131613841_CAAT_C_b38,chr6_131603549_G_A_b38,chr6_131577068_T_C_b38,chr6_131576138_C_T_b38,chr6_131613080_CAAGA_C_b38	ARG1,MED23	e,eo
chr3_64013646_G_A_b38,chr3_63911539_C_T_b38,chr3_63996994_C_T_b38	RP11-245J9.5	e
chr4_1242714_C_G_b38,chr4_1260747_C_T_b38,chr4_1250430_G_A_b38,chr4_1252250_A_T_b38	CTBP1	eo
chr3_49823421_T_C_b38,chr3_49737225_G_A_b38	FAM212A	e
chr17_9889451_G_A_b38,chr17_9877070_A_G_b38	GLP2R	eo
chr22_30197423_A_G_b38,chr22_29803349_T_C_b38,chr22_29840599_G_T_b38,chr22_30041669_C_G_b38,chr22_29773080_C_CA_b38,chr22_30020538_A_G_b38,chr22_30156824_A_G_b38,chr22_29804772_C_G_b38,chr22_30195265_CA_C_b38,chr22_30109129_AT_A_b38,chr22_30154391_C_T_b38	MTMR3	e
chr6_32372120_C_T_b38	TSBP1,BTNL2	o,e
chr15_77094333_G_A_b38,chr15_77544713_T_G_b38,chr15_77250955_C_T_b38,chr15_77381117_C_T_b38,chr15_77489993_A_G_b38,chr15_77454848_A_G_b38,chr15_77540420_G_A_b38	HMG20A,PEAK1	eo,eo
chr11_2175882_A_G_b38,chr11_2176056_A_G_b38,chr11_2191936_C_T_b38,chr11_2193859_G_A_b38	C11orf21,TH	e,e
chr12_26310241_G_A_b38,chr12_26290097_G_A_b38,chr12_26310149_C_T_b38,chr12_26321934_G_A_b38,chr12_26300350_A_G_b38,chr12_26318431_C_T_b38,chr12_26310049_T_G_b38,chr12_26312579_T_G_b38,chr12_26316083_A_G_b38,chr12_26308212_C_A_b38,chr12_26287765_G_A_b38,chr12_26304257_A_G_b38	SSPN,BHLHE41	o,e
chr22_43928850_C_T_b38,chr22_43928975_G_A_b38,chr22_43928847_C_G_b38,chr22_43945024_C_T_b38	PNPLA3	eo
chr13_26207391_G_A_b38	RNF6	eo
chr3_185795604_A_G_b38,chr3_185811386_T_A_b38,chr3_185777532_G_A_b38,chr3_185790241_C_T_b38,chr3_185811292_A_C_b38,chr3_185785668_T_A_b38,chr3_185796300_C_T_b38,chr3_185801319_G_A_b38,chr3_185803160_A_G_b38,chr3_185787999_C_T_b38,chr3_185789104_C_T_b38,chr3_185789511_A_T_b38,chr3_185806293_A_G_b38,chr3_185790803_T_C_b38,chr3_185792825_T_G_b38,chr3_185798732_G_A_b38,chr3_185793899_G_T_b38,chr3_185812502_T_C_b38,chr3_185801133_G_A_b38,chr3_185797847_G_A_b38,chr3_185819848_G_GT_b38,chr3_185806065_G_A_b38	IGF2BP2	eo
chr16_69522812_C_T_b38,chr16_69624093_T_G_b38,chr16_69548009_T_C_b38,chr16_69701368_T_A_b38,chr16_69617963_C_T_b38,chr16_69652773_C_CTTTTT_b38,chr16_69554669_T_C_b38,chr16_69653009_A_G_b38,chr16_69532406_C_G_b38,chr16_69716946_C_T_b38,chr16_69632780_G_A_b38	NFAT5	eo
chr8_20012752_T_A_b38,chr8_20054859_G_A_b38,chr8_19962922_T_C_b38,chr8_19994534_T_A_b38,chr8_19967052_T_C_b38,chr8_20007664_A_G_b38,chr8_19986711_A_G_b38,chr8_19966534_C_A_b38,chr8_19995428_A_T_b38,chr8_19970337_C_A_b38,chr8_19990179_C_A_b38,chr8_20002949_C_G_b38,chr8_19962894_G_A_b38,chr8_19961817_T_C_b38,chr8_19996989_C_T_b38,chr8_20041650_T_C_b38,chr8_19982897_G_C_b38,chr8_19979135_T_C_b38,chr8_20008763_G_A_b38,chr8_19995318_G_T_b38,chr8_19958727_A_C_b38,chr8_20028423_T_C_b38,chr8_19965299_C_T_b38,chr8_19961928_A_G_b38,chr8_19975135_G_T_b38,chr8_20028215_T_C_b38,chr8_19967156_C_T_b38,chr8_19964271_T_G_b38,chr8_20012760_C_A_b38,chr8_19966981_T_C_b38,chr8_19998333_GTATTTT_G_b38,chr8_20010875_A_C_b38,chr8_19962213_C_G_b38,chr8_19994799_C_G_b38	LPL	eo
chr12_71269322_C_T_b38,chr12_71045809_C_T_b38	CTD-2021H9.2,CTD-2021H9.1,TSPAN8	e,e,eo
chr12_93599490_C_A_b38,chr12_93586312_T_A_b38,chr12_93583815_A_G_b38,chr12_93591706_T_C_b38,chr12_93588556_G_A_b38,chr12_93584728_G_T_b38,chr12_93583178_A_G_b38	SOCS2	o
chr18_60230570_T_C_b38,chr18_60222419_G_A_b38,chr18_60217517_G_A_b38,chr18_60246732_G_A_b38,chr18_60196859_C_G_b38,chr18_60208994_T_C_b38,chr18_60241442_A_G_b38,chr18_60192330_C_A_b38,chr18_60229509_C_T_b38,chr18_60194430_T_C_b38,chr18_60194728_G_A_b38,chr18_60191596_T_C_b38,chr18_60205756_A_G_b38,chr18_60191569_A_G_b38	MC4R	o
chr2_27518370_T_C_b38,chr2_27526037_G_A_b38,chr2_27512105_G_A_b38,chr2_27529596_G_A_b38,chr2_27518238_A_G_b38,chr2_27519736_T_C_b38,chr2_27508073_T_C_b38,chr2_27375230_T_C_b38,chr2_27518205_C_G_b38,chr2_27527678_A_G_b38	GCKR,FNDC4	o,e
chr15_80070911_C_T_b38,chr15_80139880_A_G_b38,chr15_80075814_C_T_b38	ZFAND6	o
chr16_81490669_A_C_b38,chr16_81500184_C_A_b38,chr16_81501185_T_C_b38	CMIP	o
chr9_133279427_C_T_b38	ABO	o
chr12_120951159_A_C_b38,chr12_120993422_G_A_b38,chr12_120979185_A_G_b38,chr12_120960072_A_G_b38,chr12_121012362_C_T_b38,chr12_120983004_G_A_b38,chr12_120977112_G_A_b38,chr12_121016819_C_T_b38,chr12_120979733_G_GACTC_b38,chr12_120991391_T_C_b38,chr12_120982123_T_C_b38,chr12_120978847_A_C_b38,chr12_120967323_C_A_b38	HNF1A,C12orf43	o,e
chr3_64724577_G_A_b38,chr3_64744216_G_A_b38,chr3_64726228_C_T_b38,chr3_64713769_C_T_b38,chr3_64738956_C_T_b38,chr3_64719689_C_T_b38,chr3_64729479_C_T_b38	ADAMTS9	o
chr2_629959_T_C_b38,chr2_631606_A_G_b38,chr2_629510_C_A_b38,chr2_635857_C_A_b38,chr2_631396_T_TA_b38,chr2_600575_G_T_b38,chr2_622827_T_C_b38,chr2_636790_T_C_b38,chr2_630555_A_G_b38,chr2_635154_G_A_b38,chr2_624678_G_A_b38,chr2_633660_C_T_b38,chr2_629601_A_G_b38,chr2_629831_T_C_b38,chr2_614168_A_G_b38,chr2_635864_A_G_b38,chr2_633053_A_AC_b38,chr2_644953_A_G_b38,chr2_653195_G_A_b38,chr2_651430_T_C_b38,chr2_621461_A_C_b38,chr2_630070_T_C_b38,chr2_630553_GA_G_b38,chr2_622225_T_G_b38,chr2_647861_T_C_b38,chr2_651349_T_G_b38,chr2_630323_C_A_b38,chr2_638144_G_T_b38,chr2_632922_G_A_b38,chr2_629244_A_C_b38,chr2_630569_T_C_b38,chr2_629881_T_C_b38,chr2_631069_G_A_b38,chr2_615140_T_C_b38,chr2_624205_T_G_b38,chr2_635721_T_C_b38,chr2_634905_T_C_b38,chr2_630075_C_T_b38,chr2_646364_T_A_b38,chr2_624034_G_C_b38,chr2_628504_A_G_b38,chr2_632348_A_G_b38,chr2_624210_G_A_b38,chr2_653245_A_C_b38,chr2_653581_G_A_b38,chr2_650519_A_G_b38,chr2_637830_A_G_b38,chr2_621558_C_T_b38,chr2_651407_T_C_b38	TMEM18	o
chr15_62090956_T_C_b38,chr15_62104743_G_A_b38,chr15_62102065_G_C_b38,chr15_62104190_A_G_b38	C2CD4A	o
chr19_45698914_C_T_b38,chr19_45663346_C_T_b38,chr19_45677156_G_T_b38,chr19_45690093_A_G_b38,chr19_45678134_G_C_b38,chr19_45679046_T_A_b38,chr19_45669952_GT_G_b38,chr19_45676926_C_T_b38,chr19_45669020_G_A_b38,chr19_45675785_G_A_b38	GIPR	eo
chr2_164699087_AT_A_b38,chr2_164687940_G_A_b38,chr2_164645417_T_TG_b38,chr2_164694691_T_C_b38,chr2_164696196_A_AAAAAT_b38,chr2_164697799_C_A_b38,chr2_164700808_C_T_b38,chr2_164651879_C_T_b38,chr2_164688063_GAA_G_b38,chr2_164683151_T_C_b38,chr2_164672114_G_T_b38,chr2_164692059_G_A_b38,chr2_164672366_C_T_b38,chr2_164656555_CA_C_b38,chr2_164645339_A_C_b38,chr2_164684290_T_C_b38,chr2_164656581_T_C_b38	COBLL1,GRB14,SCN2A	so,eo,e
chr1_219575476_C_G_b38,chr1_219557457_G_T_b38,chr1_219490688_A_G_b38,chr1_219561618_A_C_b38,chr1_219495884_T_C_b38,chr1_219570796_C_A_b38,chr1_219589239_C_A_b38,chr1_219487193_A_G_b38,chr1_219557244_G_C_b38,chr1_219494910_C_A_b38,chr1_219486326_A_T_b38,chr1_219580167_T_C_b38,chr1_219577375_G_T_b38,chr1_219556664_A_T_b38,chr1_219568478_G_A_b38,chr1_219615188_A_G_b38,chr1_219554437_T_C_b38	RP11-392O17.1,ZC3H11B	se,o
chr6_7290204_A_G_b38,chr6_7281421_A_G_b38,chr6_7258384_C_T_b38	RIOK1,SSR1	e,seo
chr18_63178651_T_C_b38	BCL2	o
chr14_79464301_T_C_b38,chr14_79470621_T_C_b38,chr14_79473787_TAGGAGTTTTTCCAGATCATTAGCCACTTATACGGAG_T_b38,chr14_79424334_C_T_b38,chr14_79478819_A_G_b38,chr14_79473650_G_A_b38,chr14_79427703_G_A_b38,chr14_79477263_C_T_b38,chr14_79474040_G_T_b38,chr14_79476304_G_A_b38,chr14_79450580_CA_C_b38,chr14_79466480_C_T_b38,chr14_79443776_C_T_b38	NRXN3	o
chr1_213985913_T_C_b38,chr1_213977478_G_C_b38	PROX1	o
chr17_37738049_G_A_b38,chr17_37741165_T_C_b38,chr17_37739849_C_T_b38	HNF1B	o
chr5_134526066_C_T_b38,chr5_134529762_A_G_b38,chr5_134528909_G_A_b38,chr5_134525973_C_T_b38	JADE2	o
chr7_140912363_A_T_b38	BRAF	o
chr9_81694033_G_A_b38,chr9_81696885_T_C_b38	TLE1	o
chr13_32980164_G_A_b38,chr13_32983035_A_T_b38	KL	o
chr13_91287915_T_A_b38	GPC5	o
chr4_152592148_A_G_b38,chr4_152354549_T_C_b38,chr4_152332969_C_T_b38,chr4_152599127_G_A_b38,chr4_152599323_C_T_b38,chr4_152432804_A_T_b38,chr4_152476671_C_T_b38,chr4_152431643_C_T_b38	FBXW7	eo
chr8_117172786_G_A_b38,chr8_117173494_A_G_b38,chr8_117208031_T_C_b38,chr8_117172544_C_T_b38,chr8_117191781_C_T_b38	SLC30A8	o
chr11_2670241_A_G_b38,chr11_2670270_G_A_b38	KCNQ1	o
chr11_92940662_C_T_b38,chr11_92935809_T_C_b38,chr11_92935660_C_T_b38,chr11_92975544_C_G_b38,chr11_92956866_G_T_b38,chr11_92951950_A_G_b38,chr11_92946612_C_T_b38,chr11_92947847_C_T_b38,chr11_92958366_T_C_b38	MTNR1B	o
chr13_80133294_A_G_b38,chr13_80134597_C_T_b38,chr13_80132320_T_C_b38,chr13_80143021_G_A_b38	SPRY2	o
chr7_117856836_T_G_b38,chr7_117870567_C_T_b38,chr7_117889587_T_C_b38,chr7_117855613_C_A_b38	CTTNBP2	o
chr6_7231610_G_A_b38	RREB1	o
chr1_116987885_C_T_b38	CD101	o
chr2_111177884_C_T_b38,chr2_111177483_A_ACTTT_b38,chr2_111177400_C_T_b38,chr2_111175420_C_G_b38,chr2_111177655_C_T_b38	BCL2L11	o
chr2_120552183_C_T_b38,chr2_120590036_G_C_b38	GLI2,AC073257.2,INHBB	o,e,e
chr2_228108944_A_G_b38	SPHKAP	o
chr3_23413299_A_G_b38,chr3_23294959_C_A_b38,chr3_23228279_T_C_b38	UBE2E2	o
chr3_152335461_T_C_b38	MBNL1	o
chr3_171048829_G_A_b38	SLC2A2	o
chr3_186951426_A_G_b38,chr3_186947857_C_T_b38	ST6GAL1	o
chr4_184795078_T_C_b38,chr4_184787653_T_C_b38	ACSL1	o
chr5_53975590_G_A_b38,chr5_53976834_G_A_b38	ARL15	o
chr5_56560548_G_T_b38,chr5_56565959_C_T_b38,chr5_56516303_A_G_b38,chr5_56509812_C_T_b38,chr5_56565039_G_T_b38,chr5_56564125_A_G_b38,chr5_56512515_C_T_b38,chr5_56510924_A_G_b38,chr5_56507706_G_A_b38,chr5_56511543_C_T_b38,chr5_56565637_C_T_b38,chr5_56565532_G_A_b38,chr5_56566067_G_A_b38,chr5_56514478_A_T_b38,chr5_56508725_A_C_b38,chr5_56538065_G_A_b38,chr5_56512010_T_C_b38,chr5_56565080_GC_G_b38,chr5_56565774_G_A_b38,chr5_56500812_T_C_b38,chr5_56520065_A_G_b38,chr5_56512648_C_T_b38,chr5_56561198_G_GT_b38	C5orf67	o
chr7_103777110_C_T_b38,chr7_103804531_C_T_b38,chr7_103786781_T_G_b38,chr7_103776094_C_A_b38,chr7_103778399_C_T_b38	RELN	o
chr8_9331252_C_T_b38	PPP1R3B	o
chr8_30983075_G_A_b38,chr8_31006206_G_A_b38,chr8_31000538_C_T_b38	PURG	o
chr9_4290541_C_A_b38,chr9_4291747_C_G_b38,chr9_4289050_C_A_b38,chr9_4287466_A_G_b38,chr9_4291928_A_C_b38,chr9_4285119_C_G_b38,chr9_4292083_G_A_b38,chr9_4290085_G_C_b38,chr9_4296430_A_G_b38,chr9_4283137_G_T_b38,chr9_4295583_A_G_b38	GLIS3	o
chr10_69709758_G_A_b38,chr10_69706172_A_G_b38	FAM241B,COL13A1	o,o
chr11_128519496_C_T_b38,chr11_128366163_C_A_b38,chr11_128529043_C_T_b38	ETS1	o
chr17_17750097_T_C_b38	RAI1	o
chr17_42390483_G_A_b38	STAT3	o
chr18_7070643_T_C_b38	LAMA1	o
chr20_22455111_A_C_b38	AL121722.1,FOXA2	o,o
chr20_46975601_T_C_b38,chr20_46975185_C_T_b38,chr20_46968907_T_C_b38,chr20_46966072_G_A_b38	EYA2	o
chr16_53794050_A_G_b38,chr16_53779538_A_T_b38,chr16_53776634_C_A_b38,chr16_53766656_G_A_b38,chr16_53778521_T_C_b38,chr16_53780451_G_T_b38,chr16_53786901_A_G_b38,chr16_53769662_T_A_b38,chr16_53779455_T_G_b38,chr16_53772541_A_G_b38,chr16_53771295_C_A_b38,chr16_53790314_A_G_b38,chr16_53775211_C_T_b38,chr16_53803430_A_G_b38,chr16_53788739_A_G_b38,chr16_53791576_C_T_b38,chr16_53775335_G_A_b38,chr16_53767042_T_C_b38,chr16_53765993_A_G_b38,chr16_53808996_G_A_b38,chr16_53788325_A_G_b38,chr16_53788257_AT_A_b38,chr16_53786615_T_A_b38,chr16_53794154_C_T_b38,chr16_53796553_A_G_b38,chr16_53768582_C_T_b38,chr16_53793267_C_G_b38,chr16_53796143_C_G_b38,chr16_53769311_G_A_b38,chr16_53806613_C_G_b38,chr16_53768073_C_T_b38,chr16_53764710_G_T_b38,chr16_53787703_A_G_b38,chr16_53786154_T_C_b38,chr16_53792116_T_C_b38,chr16_53776774_T_C_b38,chr16_53765366_G_GT_b38,chr16_53766842_G_A_b38,chr16_53811575_C_A_b38,chr16_53785257_T_C_b38,chr16_53782363_C_A_b38,chr16_53784548_G_T_b38,chr16_53785981_A_G_b38,chr16_53765595_G_A_b38,chr16_53766065_T_G_b38,chr16_53777876_A_G_b38	FTO	o
chr7_130751316_A_AAT_b38,chr7_130739451_A_G_b38,chr7_130755103_G_C_b38,chr7_130747710_G_A_b38,chr7_130746210_C_T_b38,chr7_130761222_C_T_b38,chr7_130739314_G_A_b38,chr7_130760815_G_A_b38,chr7_130761118_A_C_b38,chr7_130748625_C_T_b38,chr7_130739885_G_A_b38,chr7_130754299_C_G_b38,chr7_130747722_T_C_b38,chr7_130747779_A_T_b38,chr7_130753455_G_A_b38,chr7_130782095_A_G_b38,chr7_130761088_TA_T_b38,chr7_130738173_T_C_b38,chr7_130744427_T_A_b38,chr7_130760175_A_G_b38,chr7_130750422_T_C_b38	KLF14	eo
chr12_108236003_G_A_b38,chr12_108224853_C_T_b38	WSCD2	o
chr20_63810246_A_T_b38	ZBTB46	o
chr2_60358671_T_C_b38,chr2_60359572_C_G_b38,chr2_60357684_G_A_b38	BCL11A	o
chr3_123346931_A_G_b38,chr3_123371513_G_A_b38,chr3_123349897_C_T_b38,chr3_123377973_T_C_b38,chr3_123351670_C_T_b38,chr3_123363551_T_C_b38,chr3_123335923_A_C_b38,chr3_123351579_G_A_b38,chr3_123350211_C_T_b38,chr3_123374683_T_C_b38	ADCY5	o
chr3_188023111_T_C_b38,chr3_188022735_T_C_b38,chr3_188024054_A_G_b38	LPP	o
chr6_50929538_C_T_b38,chr6_50819863_CGAGGTGGGA_C_b38,chr6_50821065_A_C_b38,chr6_50918523_G_A_b38,chr6_50841565_C_T_b38,chr6_50953889_A_T_b38,chr6_50841440_T_TG_b38,chr6_50898107_C_T_b38,chr6_50830813_C_T_b38,chr6_50970534_C_A_b38,chr6_50865371_G_A_b38,chr6_50849174_G_T_b38,chr6_50877777_A_G_b38,chr6_50829192_T_C_b38,chr6_50868566_G_A_b38,chr6_50835337_A_G_b38	TFAP2B	o
chr6_142751904_T_C_b38	HIVEP2	o
chr7_15024301_C_T_b38,chr7_15019647_A_C_b38,chr7_15025987_A_T_b38,chr7_15023805_T_A_b38,chr7_15013964_C_T_b38,chr7_15025378_T_C_b38,chr7_15025675_C_T_b38,chr7_15024684_G_T_b38,chr7_14882382_T_C_b38,chr7_14858657_C_T_b38,chr7_15025359_G_A_b38,chr7_15024630_G_T_b38,chr7_15025842_C_T_b38	DGKB	o
chr9_22136441_G_C_b38,chr9_22049483_C_CTT_b38,chr9_22056360_A_G_b38,chr9_22132077_A_G_b38,chr9_22003368_G_A_b38,chr9_22019674_G_C_b38,chr9_22045318_C_T_b38,chr9_22133285_G_A_b38,chr9_22068653_G_A_b38,chr9_22019130_A_G_b38,chr9_22132699_T_C_b38,chr9_22132879_T_C_b38,chr9_22043927_A_G_b38,chr9_22071752_G_A_b38,chr9_22033367_C_T_b38,chr9_22051671_G_C_b38,chr9_22031006_G_A_b38,chr9_22032153_T_G_b38,chr9_22134095_T_C_b38,chr9_22134069_G_A_b38,chr9_22134254_G_A_b38,chr9_22040766_C_T_b38,chr9_22132730_A_G_b38,chr9_22137686_T_G_b38,chr9_22052735_T_C_b38	CDKN2A,CDKN2B-AS1,CDKN2B	o,s,o
chr10_69572545_C_T_b38	NEUROG3	o
chr12_65818538_C_T_b38,chr12_65960111_G_A_b38,chr12_65961131_G_A_b38,chr12_65827280_A_T_b38,chr12_65953588_G_T_b38,chr12_65781114_G_C_b38,chr12_65969290_T_G_b38,chr12_65933163_A_G_b38	HMGA2	o
chr15_38580914_T_C_b38	RASGRP1	o
chr15_101446425_G_T_b38	PCSK6	o
chr11_72694405_C_T_b38,chr11_72749717_A_T_b38,chr11_72721940_G_A_b38,chr11_72759870_GGTTT_G_b38,chr11_72722053_A_C_b38,chr11_72717127_A_G_b38,chr11_72697010_G_C_b38,chr11_72749353_A_C_b38	STARD10,ARAP1	o,seo
chr22_49963045_T_C_b38	PIM3	o
chr12_4265207_A_G_b38,chr12_4297115_A_G_b38,chr12_4219355_G_A_b38,chr12_4276898_A_G_b38,chr12_4275530_C_T_b38,chr12_4275678_T_G_b38	CCND2,AC008012.1	eo,o
chr13_50521959_A_T_b38	DLEU7	o
chr7_28156603_A_G_b38,chr7_28149792_T_C_b38,chr7_28159058_C_T_b38,chr7_28144083_T_C_b38,chr7_28156794_G_A_b38,chr7_28149930_T_G_b38,chr7_28140937_T_C_b38,chr7_28146272_T_C_b38,chr7_28154778_C_A_b38,chr7_28160478_C_T_b38,chr7_28137719_G_A_b38,chr7_28148187_C_T_b38,chr7_28133113_C_T_b38,chr7_28102469_A_G_b38,chr7_28152661_C_T_b38	JAZF1	eo
chr4_6299901_TTG_T_b38,chr4_6288259_T_G_b38,chr4_6300792_G_A_b38,chr4_6293337_A_G_b38,chr4_6302515_T_C_b38,chr4_6302228_G_A_b38,chr4_6298187_A_G_b38,chr4_6302559_C_T_b38,chr4_6268329_G_A_b38,chr4_6301295_C_T_b38	WFS1	seo
chr6_20682391_T_C_b38,chr6_20660803_A_C_b38,chr6_20686647_C_T_b38,chr6_20679478_A_G_b38,chr6_20685255_T_C_b38,chr6_20673649_T_C_b38,chr6_20657333_A_G_b38,chr6_20686342_C_A_b38,chr6_20707989_GTATAT_G_b38,chr6_20686765_C_A_b38,chr6_20665318_G_A_b38,chr6_20714111_C_CT_b38,chr6_20719330_G_A_b38,chr6_20643521_A_G_b38,chr6_20703721_A_G_b38,chr6_20694653_C_T_b38,chr6_20680447_T_A_b38,chr6_20657634_A_G_b38,chr6_20675561_C_A_b38,chr6_20661019_G_C_b38,chr6_20687890_T_A_b38,chr6_20667151_T_C_b38,chr6_20720587_A_G_b38	CDKAL1	o
chr9_136340958_C_T_b38,chr9_136345132_T_C_b38,chr9_136352136_A_G_b38,chr9_136357696_G_A_b38	GPSM1	eo
chr20_44370990_A_C_b38,chr20_44373081_C_T_b38,chr20_44361137_G_A_b38,chr20_44413724_C_T_b38,chr20_44360627_G_A_b38	HNF4A	o
chr5_102995761_A_T_b38,chr5_103084485_TTTG_T_b38,chr5_102764872_C_T_b38,chr5_103201584_A_G_b38,chr5_102807607_G_A_b38,chr5_103087264_C_T_b38,chr5_103346444_A_G_b38,chr5_102834090_G_T_b38,chr5_103011162_C_G_b38,chr5_103003035_C_G_b38,chr5_103003107_A_G_b38,chr5_102965654_T_C_b38	PPIP5K2,PAM,GIN1	o,eo,o
chr19_44888997_C_T_b38	APOE,AC011481.1	o,o
chr7_157282526_G_A_b38,chr7_157235059_T_C_b38,chr7_157240230_T_G_b38,chr7_157280606_A_G_b38,chr7_157191153_A_G_b38	UBE3C	seo
chr10_12213658_G_T_b38,chr10_12267270_C_T_b38,chr10_12208621_T_C_b38,chr10_12265895_C_T_b38,chr10_12213176_G_C_b38,chr10_12286011_A_G_b38,chr10_12211598_G_A_b38	CDC123,CAMK1D	o,e
chr10_79187681_T_C_b38,chr10_79184084_G_A_b38,chr10_79191373_C_CG_b38,chr10_79187911_T_G_b38,chr10_79205218_T_C_b38,chr10_79182874_A_G_b38,chr10_79182863_C_T_b38,chr10_79193069_G_C_b38,chr10_79184390_C_G_b38,chr10_79181660_G_C_b38,chr10_79195028_C_T_b38	ZMIZ1	o
chr10_92719350_A_G_b38,chr10_92707530_C_T_b38,chr10_92713872_G_A_b38,chr10_92703125_C_T_b38,chr10_92722319_C_T_b38,chr10_92706670_T_C_b38,chr10_92705802_C_T_b38,chr10_92706682_A_G_b38,chr10_92715354_G_A_b38,chr10_92454823_A_G_b38,chr10_92664316_T_G_b38,chr10_92722160_G_A_b38,chr10_92710223_T_C_b38,chr10_92717782_G_A_b38,chr10_92669754_T_C_b38,chr10_92707153_G_A_b38	HHEX,KIF11	o,o
chr5_14767983_C_G_b38,chr5_14751196_C_T_b38,chr5_14847222_G_A_b38	ANKH	eo
chr16_12091694_G_A_b38	SNX29	o
chr10_113129502_T_A_b38,chr10_113008012_G_A_b38,chr10_113005988_C_A_b38,chr10_113039134_T_A_b38,chr10_113120583_T_C_b38,chr10_113029056_T_C_b38,chr10_112995025_T_C_b38,chr10_112998590_C_T_b38,chr10_112994329_T_C_b38,chr10_113014674_A_C_b38,chr10_112996282_A_T_b38,chr10_113049143_G_T_b38,chr10_112994312_T_C_b38	TCF7L2	o
