Atopic Dermatitis	genes	source
chr10_8534243_A_G_b38,chr10_8553876_G_A_b38,chr10_8564051_A_G_b38,chr10_8563590_G_T_b38		
chr10_8799706_T_C_b38,chr10_8808772_C_T_b38		
chr11_118871133_C_T_b38,chr11_118872577_G_A_b38		
chr11_128317488_T_C_b38,chr11_128315955_G_C_b38,chr11_128316987_T_G_b38		
chr11_61026179_C_G_b38,chr11_61025858_C_T_b38,chr11_61026176_C_T_b38		
chr11_95688666_T_A_b38,chr11_95692306_A_G_b38		
chr13_50261832_G_A_b38,chr13_50234741_A_G_b38		
chr13_73465798_C_G_b38		
chr13_99435465_T_G_b38		
chr15_75110793_A_G_b38		
chr17_40608272_T_A_b38		
chr19_44728895_G_A_b38		
chr19_8679934_C_T_b38,chr19_8677078_C_T_b38,chr19_8677915_T_G_b38,chr19_8679458_A_G_b38,chr19_8681318_AG_A_b38,chr19_8679457_C_T_b38,chr19_8679402_A_C_b38,chr19_8675909_G_A_b38,chr19_8679648_A_C_b38,chr19_8679120_C_A_b38		
chr1_152469813_T_C_b38		
chr1_155906822_G_A_b38		
chr1_172670579_C_T_b38		
chr1_35170626_G_A_b38,chr1_35216137_T_C_b38		
chr20_63750626_C_T_b38		
chr2_111510863_A_C_b38		
chr2_111618386_A_C_b38		
chr3_188683350_A_G_b38,chr3_188684683_C_T_b38,chr3_188680854_C_G_b38,chr3_188682769_C_T_b38,chr3_188682451_G_C_b38		
chr3_33026776_A_G_b38,chr3_33039610_G_A_b38		
chr4_122219915_T_C_b38		
chr4_122211337_A_G_b38,chr4_122441954_A_C_b38,chr4_122480586_GGATCTCTCTGAGGAGGAACCCTTAGGTA_G_b38,chr4_122456327_C_A_b38,chr4_122415763_G_A_b38,chr4_122496409_A_G_b38,chr4_122465565_G_A_b38,chr4_122263256_T_C_b38,chr4_122350513_G_C_b38		
chr5_134103583_G_A_b38		
chr5_138131899_A_G_b38,chr5_138241824_G_A_b38		
chr5_160487658_T_C_b38		
chr5_40487168_C_T_b38,chr5_40486794_G_T_b38,chr5_40490507_C_T_b38		
chr6_127943780_C_G_b38,chr6_127970926_T_A_b38		
chr6_137876369_A_G_b38,chr6_137916852_C_T_b38,chr6_137874929_T_G_b38,chr6_137874586_C_G_b38,chr6_137921300_T_C_b38,chr6_137874014_G_T_b38,chr6_137902352_G_T_b38,chr6_137811379_T_G_b38,chr6_137922602_C_T_b38,chr6_137922563_G_A_b38,chr6_137866361_C_T_b38,chr6_137906227_T_G_b38		
chr6_209159_C_T_b38		
chr8_128682763_T_C_b38		
chr9_6074936_A_G_b38		
chr10_102640355_T_C_b38,chr10_102622916_A_G_b38,chr10_102567827_A_G_b38,chr10_102581678_T_C_b38,chr10_102504350_C_T_b38,chr10_102626552_T_A_b38,chr10_102525837_A_T_b38,chr10_102553638_C_T_b38	ACTR1A,SUFU,TRIM8,MFSD13A	e,se,e,se
chr12_56052982_C_T_b38,chr12_56009793_C_T_b38,chr12_56034024_C_T_b38,chr12_56051582_G_A_b38,chr12_56002984_G_C_b38,chr12_55996852_A_G_b38,chr12_55981353_C_G_b38,chr12_56080696_A_G_b38,chr12_56041628_G_A_b38,chr12_56055651_G_A_b38,chr12_56023144_A_C_b38,chr12_56018703_T_G_b38,chr12_56050848_C_T_b38,chr12_55996580_C_G_b38,chr12_56088396_T_G_b38,chr12_56061510_C_T_b38,chr12_56080595_T_C_b38,chr12_55975722_A_G_b38	SUOX,RAB5B	se,se
chr14_35089920_C_T_b38,chr14_35069925_T_G_b38,chr14_35103151_C_T_b38	PPP2R3C,PSMA6,FAM177A1,KIAA0391	e,e,se,e
chr16_27360103_T_C_b38,chr16_27358181_A_G_b38,chr16_27360218_C_T_b38	IL4R	so
chr16_28520867_T_G_b38,chr16_28497126_A_G_b38,chr16_28479196_T_C_b38,chr16_28582026_T_C_b38,chr16_28528527_C_T_b38,chr16_28544079_A_G_b38,chr16_28532060_G_A_b38,chr16_28638330_C_A_b38,chr16_28527319_A_G_b38,chr16_28574806_T_C_b38,chr16_28620700_T_G_b38	TUFM,SULT1A2,SGF29,ATXN2L,APOBR,EIF3C,ATP2A1,NUPR1,SULT1A1,RP11-1348G14.4,NPIPB7,SH2B1,CLN3,SBK1,NPIPB6	se,se,se,se,e,se,e,e,se,e,se,se,e,e,se
chr18_51121270_G_C_b38,chr18_50988025_T_C_b38,chr18_51041256_C_G_b38	SMAD4	seo
chr19_10286727_C_T_b38,chr19_10293271_T_C_b38,chr19_10285007_A_G_b38	ZGLP1,FDX2,ICAM5,ICAM1	e,e,seo,s
chr1_150293284_T_C_b38,chr1_150278123_T_A_b38	MRPS21,C1orf54,CIART	e,se,e
chr22_41471373_C_T_b38,chr22_41454496_A_G_b38,chr22_41401754_G_A_b38,chr22_41356940_A_G_b38,chr22_41371482_T_C_b38,chr22_41546900_T_C_b38,chr22_41361643_G_A_b38,chr22_41324724_G_C_b38,chr22_41402516_A_G_b38,chr22_41385090_C_G_b38,chr22_41463657_A_G_b38,chr22_41550515_C_A_b38,chr22_41512401_T_C_b38,chr22_41365286_T_C_b38,chr22_41372858_C_T_b38,chr22_41381554_A_G_b38,chr22_41324693_A_G_b38,chr22_41381237_A_G_b38,chr22_41364168_T_G_b38,chr22_41457924_A_G_b38	SNU13,MEI1,PMM1,DESI1,TOB2,TEF,CSDC2,POLR3H,ACO2	se,se,e,e,se,eo,se,e,seo
chr2_28401966_A_G_b38,chr2_28413873_A_G_b38,chr2_28409510_G_A_b38,chr2_28412873_T_C_b38	FOSL2,RP11-373D23.3	so,e
chr3_141428572_T_C_b38,chr3_141390479_A_G_b38,chr3_141390506_C_T_b38,chr3_141402972_A_C_b38,chr3_141406344_A_G_b38,chr3_141381438_A_G_b38,chr3_141375367_G_A_b38,chr3_141386728_A_G_b38,chr3_141374443_T_C_b38,chr3_141406863_C_G_b38,chr3_141431184_A_G_b38,chr3_141396377_T_C_b38,chr3_141375927_C_A_b38,chr3_141414608_G_A_b38,chr3_141423849_G_A_b38,chr3_141383991_G_A_b38,chr3_141383119_C_T_b38,chr3_141387221_T_C_b38	ZBTB38	seo
chr9_120928679_C_T_b38,chr9_120890102_T_C_b38,chr9_120878222_T_C_b38,chr9_120894049_T_C_b38,chr9_120890620_T_C_b38,chr9_120893051_T_C_b38,chr9_120904499_G_C_b38,chr9_120944104_T_C_b38	TRAF1,PHF19	seo,e
chr15_90466252_G_A_b38,chr15_90494302_G_GTATT_b38	IQGAP1	seo
chr2_241947382_C_T_b38	AC131097.2,LINC01238	o,se
chr3_56630824_A_G_b38,chr3_56552343_A_T_b38,chr3_56633654_G_C_b38	TASOR,FAM208A,CCDC66	o,e,seo
chr5_141576210_C_T_b38,chr5_141538221_T_C_b38,chr5_141636721_T_G_b38	HDAC3	se
chr9_137605991_G_A_b38	ARRDC1	seo
chr6_135370378_A_T_b38,chr6_135305210_T_G_b38,chr6_135386348_C_T_b38,chr6_135396930_T_A_b38,chr6_135306396_G_A_b38,chr6_135375459_C_T_b38,chr6_135318506_C_T_b38,chr6_135347959_T_A_b38	AHI1	so
chr6_32051969_G_C_b38,chr6_32102292_G_A_b38,chr6_31960914_G_A_b38	ATF6B,CYP21A2,C4B	e,s,e
chr20_63691653_G_C_b38,chr20_63691346_A_G_b38,chr20_63671762_C_A_b38,chr20_63689615_T_C_b38,chr20_63680946_T_C_b38,chr20_63697389_C_T_b38,chr20_63690935_T_C_b38,chr20_63644491_T_C_b38,chr20_63678486_A_G_b38	ZGPAT,LIME1,RTEL1-TNFRSF6B,SLC2A4RG,RTEL1,STMN3	e,se,o,e,se,e
chr12_57095926_T_C_b38,chr12_57099944_T_G_b38	STAT6	seo
chr12_123204974_C_T_b38,chr12_123333022_G_T_b38,chr12_123286485_A_G_b38,chr12_123273688_C_G_b38,chr12_123338999_A_G_b38,chr12_123250227_T_G_b38,chr12_123405729_C_T_b38,chr12_123265681_T_C_b38,chr12_123417814_G_A_b38,chr12_123423743_T_C_b38,chr12_123142469_T_C_b38,chr12_123156306_C_G_b38,chr12_123193817_GAC_G_b38,chr12_123169009_C_T_b38,chr12_123416596_T_C_b38,chr12_123108938_T_A_b38,chr12_123376905_G_A_b38,chr12_123227869_G_A_b38,chr12_123338164_G_A_b38,chr12_123321672_C_T_b38,chr12_123268945_C_G_b38,chr12_122986039_C_T_b38,chr12_123401390_C_T_b38,chr12_123379073_G_A_b38,chr12_123075742_T_C_b38,chr12_123258145_TG_T_b38,chr12_123178804_G_A_b38,chr12_123286468_G_A_b38,chr12_123182807_G_T_b38,chr12_123372451_G_A_b38,chr12_123283382_G_A_b38,chr12_123131967_A_G_b38,chr12_123183403_T_C_b38	KMT5A,C12orf65,PITPNM2,CDK2AP1,MPHOSPH9	e,se,e,e,se
chr17_42419266_T_C_b38,chr17_42534324_G_A_b38	NAGLU	se
chr1_24924933_G_A_b38,chr1_24925432_A_T_b38,chr1_24927826_C_T_b38,chr1_24924339_C_T_b38,chr1_24924428_G_GT_b38,chr1_24935531_C_A_b38,chr1_24933393_C_G_b38	RUNX3	so
chr3_121995837_G_A_b38,chr3_121922846_G_A_b38,chr3_121925183_C_T_b38,chr3_121907787_T_C_b38,chr3_121916971_C_G_b38,chr3_121995544_C_T_b38,chr3_121925182_G_T_b38,chr3_121938746_A_G_b38,chr3_121922482_T_TA_b38,chr3_121902535_A_G_b38	SLC15A2	seo
chr1_173194429_A_G_b38,chr1_173182897_T_G_b38,chr1_173162769_T_C_b38,chr1_173201479_C_T_b38,chr1_173187153_T_C_b38	TNFSF4,RP3-395P12.2,TNFSF18	so,e,e
chr1_152313385_G_A_b38	CRNN,FLG	s,eo
chr1_8444361_C_A_b38,chr1_8416368_A_G_b38,chr1_8422018_C_T_b38,chr1_8424763_A_G_b38,chr1_8444998_G_A_b38,chr1_8371547_C_T_b38,chr1_8441726_A_G_b38,chr1_8437247_T_A_b38,chr1_8420956_T_G_b38,chr1_8438266_T_TG_b38,chr1_8443319_C_A_b38,chr1_8429242_C_T_b38	RERE	se
chr5_132694975_C_G_b38,chr5_132721182_A_C_b38,chr5_132713335_C_T_b38	IL4,KIF3A	e,seo
chr2_241742614_T_C_b38,chr2_241759225_G_A_b38,chr2_241771867_G_A_b38	D2HGDH	seo
chr22_21610472_G_A_b38,chr22_21622758_C_T_b38,chr22_21620414_G_C_b38,chr22_21602364_A_G_b38,chr22_21585386_G_T_b38,chr22_21563190_C_T_b38,chr22_21561877_T_C_b38,chr22_21590807_T_A_b38,chr22_21574352_G_A_b38,chr22_21563161_G_A_b38,chr22_21630090_G_A_b38,chr22_21627765_T_G_b38,chr22_21630805_A_G_b38,chr22_21619030_C_T_b38,chr22_21625000_T_C_b38,chr22_21609497_A_G_b38,chr22_21622645_T_C_b38,chr22_21577779_C_T_b38,chr22_21625968_A_G_b38,chr22_21574308_C_G_b38,chr22_21615351_T_C_b38,chr22_21628971_A_G_b38,chr22_21563337_C_G_b38,chr22_21627960_T_C_b38,chr22_21628603_C_T_b38,chr22_21574627_T_G_b38,chr22_21576488_C_T_b38	KB-1440D3.14,YDJC,CCDC116,UBE2L3	e,e,e,seo
chr2_197778907_G_A_b38,chr2_198079931_A_T_b38,chr2_198035564_C_T_b38,chr2_197970488_T_C_b38,chr2_198049348_G_T_b38,chr2_198032171_A_G_b38,chr2_198090050_C_T_b38,chr2_198079547_G_A_b38,chr2_197757912_C_T_b38,chr2_198085516_G_A_b38,chr2_198016459_G_A_b38,chr2_198018789_C_T_b38	RFTN2,BOLL,PLCL1	e,so,eo
chr1_154453788_C_T_b38,chr1_154443301_A_G_b38,chr1_154446403_C_T_b38,chr1_154422736_C_A_b38,chr1_154432548_A_G_b38,chr1_154452980_G_A_b38,chr1_154455807_A_G_b38,chr1_154447611_G_A_b38,chr1_154447926_G_C_b38,chr1_154454494_A_C_b38,chr1_154423363_C_T_b38,chr1_154442920_C_A_b38	IL6R	seo
chr5_132461855_A_G_b38,chr5_132461230_G_A_b38	C5orf56	s
chr18_54303259_C_T_b38,chr18_54287596_T_A_b38,chr18_54306037_C_T_b38	STARD6,POLI	e,eo
chr11_111664589_G_A_b38,chr11_111659729_A_G_b38,chr11_111621495_ATC_A_b38,chr11_111563369_T_C_b38,chr11_111709215_G_C_b38,chr11_111664378_G_A_b38,chr11_111664381_C_T_b38,chr11_111620598_A_G_b38,chr11_111715367_C_G_b38,chr11_111613995_A_C_b38,chr11_111566171_T_A_b38,chr11_111570140_C_G_b38,chr11_111603392_G_A_b38,chr11_111647184_G_A_b38,chr11_111601736_T_C_b38,chr11_111562181_AG_A_b38	PPP2R1B,SIK2,LAYN	e,e,e
chr1_161189357_C_T_b38,chr1_161217875_C_T_b38,chr1_161215268_G_T_b38	B4GALT3,PPOX,FCER1G,ADAMTS4,NDUFS2	e,e,eo,e,e
chr12_120879272_G_T_b38,chr12_120784753_T_C_b38,chr12_120863185_T_C_b38,chr12_120829323_C_T_b38,chr12_120767275_G_A_b38	ACADS,UNC119B,SPPL3	e,e,eo
chr3_196645675_C_T_b38,chr3_196641630_A_G_b38,chr3_196646711_C_T_b38	NRROS	eo
chr1_66899406_T_C_b38,chr1_67041704_G_A_b38	MIER1	eo
chr6_36390512_T_C_b38,chr6_36387877_A_C_b38	ETV7	eo
chr2_30555718_C_T_b38,chr2_30514935_T_G_b38	LCLAT1	eo
chr6_34636408_A_AT_b38,chr6_34651116_G_A_b38,chr6_34580429_T_A_b38,chr6_34796205_C_T_b38,chr6_34613859_T_G_b38,chr6_34584333_A_G_b38,chr6_34805950_C_T_b38,chr6_34648545_G_C_b38,chr6_34859308_A_T_b38,chr6_34656128_C_T_b38,chr6_34801988_C_T_b38,chr6_34595283_A_G_b38,chr6_34634877_G_GA_b38,chr6_34585020_G_A_b38,chr6_34817302_G_A_b38,chr6_34715858_G_A_b38,chr6_34857885_T_C_b38,chr6_34635869_G_A_b38,chr6_34621855_C_T_b38,chr6_34601943_C_T_b38,chr6_34743690_G_A_b38,chr6_34624313_A_G_b38,chr6_34584959_G_A_b38	C6orf106,UHRF1BP1,TAF11	eo,e,e
chr4_38797027_C_A_b38,chr4_38798089_T_C_b38	FAM114A1,TLR10,TLR1	e,o,seo
chr10_6579811_T_C_b38,chr10_6583416_T_C_b38,chr10_6589102_CA_C_b38	PRKCQ	eo
chr2_187163590_G_A_b38,chr2_187377642_A_G_b38,chr2_187138391_T_C_b38,chr2_187320077_G_A_b38,chr2_187325748_G_A_b38	CALCRL	eo
chr1_155013615_T_C_b38,chr1_155022502_G_T_b38,chr1_155011887_G_A_b38,chr1_155021439_CT_C_b38,chr1_155017347_T_TGGGGGCAGTAGAGGGGGCAGTAGA_b38,chr1_155018913_T_C_b38	ZBTB7B,ADAM15	eo,e
chr17_39970224_A_G_b38	GSDMA,PSMD3	eo,e
chr8_80363600_A_G_b38,chr8_80388446_G_A_b38,chr8_80380364_A_C_b38,chr8_80372904_G_T_b38,chr8_80379410_G_A_b38,chr8_80374940_T_C_b38,chr8_80373657_C_A_b38,chr8_80379644_T_C_b38,chr8_80366650_G_A_b38,chr8_80355001_G_A_b38,chr8_80382269_T_C_b38,chr8_80377552_A_G_b38,chr8_80382467_C_T_b38,chr8_80383509_G_T_b38,chr8_80350661_A_G_b38,chr8_80377390_G_T_b38	TPD52,ZBTB10	o,eo
chr17_49287433_T_C_b38,chr17_49280607_A_G_b38,chr17_49359450_A_T_b38,chr17_49329709_A_C_b38,chr17_49313928_T_C_b38,chr17_49373413_G_A_b38,chr17_49254625_C_T_b38	ZNF652	eo
chr12_122169835_G_T_b38,chr12_122177244_C_T_b38,chr12_122183779_G_A_b38	LRRC43	eo
chr10_9016708_G_A_b38,chr10_9011169_C_T_b38,chr10_9012824_G_A_b38,chr10_9012362_C_T_b38,chr10_9001441_G_A_b38,chr10_9012377_A_C_b38,chr10_9020893_T_G_b38	GATA3-AS1,GATA3	e,e
chr4_102570567_A_G_b38,chr4_102513096_T_C_b38,chr4_102518908_C_G_b38,chr4_102537720_G_A_b38,chr4_102480566_A_G_b38,chr4_102527884_T_C_b38,chr4_102537021_A_G_b38,chr4_102540570_A_AT_b38,chr4_102581605_T_C_b38,chr4_102564623_A_G_b38,chr4_102570706_A_C_b38,chr4_102540881_C_T_b38,chr4_102575510_C_T_b38,chr4_102560404_T_C_b38	NFKB1	eo
chr1_12084377_G_A_b38	TNFRSF8	eo
chr2_167135776_T_C_b38	B3GALT1,XIRP2	e,eo
chr1_9285727_T_A_b38	SPSB1	eo
chr7_77409628_C_T_b38	GSAP	eo
chr6_32046679_C_T_b38,chr6_32081646_C_T_b38,chr6_32107027_T_C_b38	PRRT1,FKBPL	e,e
chr11_65784486_A_G_b38,chr11_65791795_A_G_b38	OVOL1	eo
chr5_142109741_A_G_b38,chr5_142159774_C_A_b38,chr5_142145740_A_G_b38,chr5_142112420_C_T_b38,chr5_142158452_G_C_b38,chr5_142134289_T_C_b38,chr5_142131189_A_G_b38,chr5_142133639_A_T_b38,chr5_142119476_A_G_b38,chr5_142112854_C_A_b38,chr5_142153497_A_G_b38,chr5_142146492_C_A_b38,chr5_142139375_A_AAGG_b38	NDFIP1	eo
chr5_132565533_A_G_b38,chr5_132616530_T_C_b38,chr5_132637485_A_G_b38,chr5_132660272_A_G_b38,chr5_132660977_T_C_b38,chr5_132655964_C_T_b38,chr5_132616304_T_C_b38,chr5_132589495_T_C_b38,chr5_132581248_A_C_b38,chr5_132568236_G_A_b38,chr5_132549202_C_A_b38,chr5_132656189_C_T_b38,chr5_132660151_T_C_b38,chr5_132655393_T_C_b38,chr5_132660808_A_C_b38,chr5_132660753_A_G_b38	RAD50,IL13	se,seo
chr3_187726422_T_C_b38,chr3_187711669_T_C_b38	RTP2	eo
chr15_67171953_A_G_b38,chr15_67149412_C_A_b38,chr15_67163292_C_T_b38,chr15_67157967_A_G_b38,chr15_67150258_C_T_b38,chr15_67156025_G_A_b38	SMAD3	eo
chr9_133279294_G_T_b38	ABO	o
chr12_111466567_T_A_b38,chr12_111535554_A_G_b38,chr12_111621753_C_T_b38,chr12_111472415_A_G_b38,chr12_111446804_T_C_b38,chr12_111427245_C_G_b38,chr12_111395984_G_A_b38,chr12_111388673_A_AAATT_b38,chr12_111569952_C_T_b38,chr12_111469627_A_AC_b38,chr12_111494996_C_T_b38	SH2B3	o
chr4_102225731_A_C_b38,chr4_102267552_C_T_b38,chr4_102276925_A_G_b38,chr4_102225733_A_T_b38	SLC39A8	o
chr9_6211813_T_C_b38,chr9_6208030_G_T_b38,chr9_6190076_A_C_b38,chr9_6176871_C_G_b38,chr9_6175855_A_T_b38,chr9_6172380_A_G_b38,chr9_6177453_G_A_b38	IL33	o
chr10_46046326_T_C_b38	MSMB	o
chr9_22336997_G_C_b38,chr9_22373458_C_T_b38	DMRTA1	o
chr1_151829204_G_A_b38	RORC	o
chr7_150993088_C_T_b38	NOS3	o
chr2_70872975_A_G_b38	VAX2	o
chr6_32607747_G_T_b38	HLA-DRB1	o
chr10_5996890_G_C_b38	IL15RA	o
chr15_60777222_A_G_b38,chr15_60776505_G_A_b38,chr15_60776148_G_A_b38,chr15_60776978_T_C_b38,chr15_60755727_G_A_b38,chr15_60777789_C_T_b38,chr15_60777002_T_C_b38	RORA	o
chr6_159049210_G_T_b38,chr6_159051263_G_A_b38,chr6_159052542_A_G_b38,chr6_159049385_G_A_b38	TAGAP	o
chr12_51912002_C_T_b38	ACVRL1	o
chr1_152468434_C_T_b38,chr1_152467700_A_T_b38,chr1_152206676_C_T_b38,chr1_152101640_A_C_b38,chr1_152027641_G_A_b38	HRNR	eo
chr1_167455687_C_T_b38,chr1_167457187_G_A_b38,chr1_167451062_G_A_b38,chr1_167467033_A_G_b38,chr1_167448647_C_T_b38,chr1_167464183_A_G_b38,chr1_167463712_T_C_b38	CD247	o
chr1_172810693_T_C_b38	FASLG	o
chr3_187915568_TA_T_b38,chr3_187925558_A_G_b38,chr3_187915480_G_A_b38	BCL6,AC072022.2	o,o
chr5_14610200_C_G_b38	OTULINL	o
chr9_128721272_T_A_b38	ZDHHC12	o
chr17_4632019_G_A_b38,chr17_4618178_C_A_b38	ALOX15	o
chr1_2561226_G_T_b38,chr1_2562891_G_A_b38,chr1_2579316_G_A_b38	TNFRSF14	o
chr1_3259164_A_G_b38	PRDM16	o
chr1_212691650_A_G_b38	BATF3	o
chr2_8298563_C_T_b38,chr2_8301605_C_G_b38,chr2_8526108_A_G_b38,chr2_8302118_G_A_b38,chr2_8302417_G_A_b38,chr2_8303673_G_A_b38,chr2_8309993_A_G_b38,chr2_8354967_G_A_b38,chr2_8311368_A_G_b38	ID2	o
chr2_25291464_C_T_b38	DNMT3A	o
chr2_60936446_C_G_b38,chr2_60895838_G_A_b38	REL	o
chr2_102355405_G_T_b38,chr2_102324851_G_A_b38,chr2_102454108_T_C_b38,chr2_102350323_T_C_b38,chr2_102299506_A_AT_b38,chr2_102350089_A_G_b38,chr2_102338622_G_A_b38,chr2_102319699_T_A_b38,chr2_102327786_T_G_b38,chr2_102449062_A_AG_b38,chr2_102275879_G_A_b38,chr2_102343750_T_A_b38,chr2_102263004_C_A_b38,chr2_102337157_G_T_b38,chr2_102437989_G_A_b38,chr2_102297754_A_G_b38,chr2_102316052_G_T_b38,chr2_102368964_A_G_b38,chr2_102470310_A_C_b38,chr2_102265892_A_G_b38,chr2_102441868_G_A_b38,chr2_102365573_G_T_b38,chr2_102410643_T_C_b38,chr2_102392952_A_G_b38	IL1RL1,IL18R1,IL18RAP	o,eo,seo
chr2_112932170_G_A_b38	IL37	o
chr2_143074030_A_G_b38,chr2_143118156_T_C_b38,chr2_143129250_G_A_b38	ARHGAP15	o
chr2_213013140_T_C_b38,chr2_213025508_G_T_b38,chr2_213021730_A_T_b38	IKZF2	o
chr2_227874419_G_T_b38,chr2_227840005_T_C_b38,chr2_227856161_G_A_b38,chr2_227860010_A_G_b38	DAW1	o
chr2_233204655_C_T_b38,chr2_233206983_C_T_b38,chr2_233205886_CT_C_b38,chr2_233204411_G_A_b38	INPP5D	o
chr3_23514810_G_A_b38,chr3_23526489_A_C_b38	UBE2E2	o
chr3_72345701_T_C_b38	RYBP	o
chr3_107975987_A_G_b38	CD47	o
chr3_112852072_C_A_b38,chr3_112868645_C_T_b38,chr3_112869150_A_ACATC_b38,chr3_112860283_T_A_b38,chr3_112904703_A_G_b38	CD200R1L	o
chr3_188382468_G_T_b38,chr3_188374140_G_A_b38,chr3_188415730_A_T_b38,chr3_188415548_C_T_b38,chr3_188415651_C_T_b38,chr3_188402113_G_A_b38,chr3_188411191_G_A_b38,chr3_188362632_C_G_b38,chr3_188370473_A_G_b38,chr3_188401794_C_T_b38,chr3_188405190_C_T_b38,chr3_188370530_T_C_b38	LPP	o
chr4_4766748_T_G_b38,chr4_4773410_C_T_b38	MSX1	o
chr5_51678216_A_T_b38	ISL1	o
chr5_110822781_G_A_b38,chr5_110823145_A_G_b38,chr5_110851355_G_A_b38,chr5_110807116_A_G_b38,chr5_110818610_T_C_b38,chr5_110812772_T_C_b38,chr5_110825774_C_CA_b38,chr5_110817642_C_A_b38	TMEM232	o
chr5_111131801_C_T_b38,chr5_111030094_C_T_b38,chr5_111134439_C_A_b38	WDR36,TSLP	seo,eo
chr5_119348602_T_C_b38,chr5_119355086_C_G_b38	TNFAIP8	o
chr6_90246690_A_G_b38,chr6_90271600_T_G_b38,chr6_90277793_C_G_b38,chr6_90193089_A_T_b38,chr6_90236760_T_C_b38,chr6_90276967_G_A_b38,chr6_90301954_C_T_b38,chr6_90237621_GT_G_b38,chr6_90220794_T_C_b38,chr6_90225664_A_G_b38,chr6_90248783_G_A_b38,chr6_90266890_G_A_b38,chr6_90145610_G_A_b38,chr6_90296508_G_A_b38,chr6_90275479_A_T_b38,chr6_90303148_C_T_b38,chr6_90263440_C_A_b38,chr6_90253895_A_AT_b38,chr6_90276840_A_G_b38	BACH2	o
chr7_3077159_C_T_b38	CARD11	o
chr7_20416355_A_T_b38	ITGB8	o
chr7_20536128_C_T_b38,chr7_20521373_T_C_b38	ABCB5	o
chr7_28102567_G_T_b38	JAZF1	o
chr7_50214301_G_A_b38,chr7_50212812_G_A_b38	ZPBP,IKZF1	o,o
chr8_100507673_T_C_b38	ANKRD46	o
chr8_127765473_A_G_b38	MYC	o
chr9_16739765_C_T_b38,chr9_16730976_A_G_b38,chr9_16737282_G_A_b38	BNC2	o
chr9_79570457_A_G_b38	TLE4	o
chr9_99057562_A_G_b38,chr9_99053057_G_T_b38	COL15A1	o
chr10_62616798_T_C_b38,chr10_62610240_C_G_b38	AC067752.1,ZNF365	o,o
chr11_2274398_C_T_b38	ASCL2	o
chr11_36365351_A_G_b38	PRR5L	o
chr11_76269481_T_C_b38	WNT11	o
chr11_128293562_C_T_b38,chr11_128291247_C_G_b38,chr11_128287970_C_T_b38,chr11_128302575_G_A_b38	ETS1	o
chr12_54974507_C_T_b38	TESPA1	o
chr12_94188560_G_A_b38	PLXNC1	o
chr13_40629228_C_T_b38,chr13_40423758_T_A_b38,chr13_40648973_C_T_b38,chr13_40586133_T_C_b38,chr13_40599271_G_C_b38,chr13_40643068_G_A_b38	FOXO1	o
chr13_73053538_T_G_b38,chr13_73056062_A_G_b38	KLF5	o
chr14_35395672_G_T_b38	NFKBIA	o
chr14_68293810_A_G_b38	RAD51B	o
chr14_102772597_C_G_b38,chr14_102773293_C_T_b38	TRAF3	o
chr16_49245091_C_A_b38	CBLN1	o
chr17_17728480_A_G_b38	RAI1	o
chr18_3822871_T_C_b38	DLGAP1	o
chr18_48924776_G_A_b38	SMAD7	o
chr18_62343215_A_C_b38,chr18_62342581_C_T_b38,chr18_62339745_C_G_b38	TNFRSF11A	o
chr19_33235672_C_A_b38,chr19_33230549_C_T_b38,chr19_33235671_G_A_b38	SLC7A10	o
chr20_47052639_T_C_b38	EYA2	o
chr20_51538108_T_G_b38,chr20_51541298_A_G_b38	NFATC2	o
chr20_53595734_G_A_b38	ZNF217	o
chr20_54179000_A_G_b38	CYP24A1	o
chr21_35092334_C_G_b38,chr21_35105762_G_A_b38,chr21_35080321_G_A_b38,chr21_35078544_C_T_b38,chr21_35063733_T_C_b38,chr21_35051694_C_T_b38,chr21_35064754_C_T_b38,chr21_35079942_TCCC_T_b38,chr21_35085209_C_G_b38	RUNX1	o
chr21_43421172_T_C_b38	SIK1	o
chr5_35885880_T_C_b38,chr5_35881341_G_A_b38,chr5_35878993_C_T_b38,chr5_35875491_A_T_b38,chr5_35883884_T_G_b38,chr5_35883632_T_C_b38,chr5_35862739_C_T_b38,chr5_35874473_C_T_b38,chr5_35891935_C_T_b38,chr5_35851729_C_T_b38,chr5_35857602_A_G_b38,chr5_35881028_G_GT_b38,chr5_35881274_G_T_b38,chr5_35852209_G_A_b38,chr5_35879054_G_T_b38	IL7R	seo
chr10_6073676_T_G_b38,chr10_6052734_C_T_b38,chr10_6081532_C_T_b38,chr10_6055320_T_C_b38	IL2RA	o
chr11_76591023_C_A_b38,chr11_76590272_C_T_b38,chr11_76590331_C_T_b38,chr11_76588605_C_A_b38,chr11_76582714_G_A_b38,chr11_76559639_A_G_b38,chr11_76582483_G_T_b38,chr11_76582026_C_T_b38,chr11_76588150_G_T_b38,chr11_76580110_G_A_b38,chr11_76587581_G_GT_b38,chr11_76591029_G_A_b38,chr11_76570549_C_T_b38,chr11_76584554_G_A_b38,chr11_76582761_G_C_b38,chr11_76585627_A_G_b38,chr11_76582682_G_T_b38	LRRC32	o
chr16_11135732_T_C_b38,chr16_11106123_G_A_b38,chr16_11135271_G_T_b38,chr16_11149598_C_A_b38,chr16_11119164_T_A_b38,chr16_11136846_T_C_b38,chr16_11134855_C_T_b38,chr16_11129597_C_G_b38,chr16_11131109_A_G_b38,chr16_11127430_A_G_b38,chr16_11131207_C_G_b38,chr16_11125184_G_A_b38	CLEC16A	so
chr6_33679281_T_C_b38	IP6K3,ITPR3	o,o
chr15_41495387_T_G_b38,chr15_41490486_A_C_b38	ITPKA	o
chr17_45380520_G_A_b38,chr17_45378874_A_G_b38,chr17_45379362_C_T_b38	SPATA32	o
