Psoriasis	genes	source
chr10_79285523_T_C_b38,chr10_79287818_A_C_b38,chr10_79283986_A_G_b38,chr10_79272775_A_G_b38,chr10_79285450_T_C_b38,chr10_79286508_T_C_b38		
chr11_118549384_A_C_b38		
chr11_501841_G_A_b38		
chr12_6389529_C_G_b38		
chr14_58936235_C_G_b38		
chr16_11243931_G_C_b38		
chr16_11265823_C_T_b38,chr16_11260234_A_G_b38,chr16_11271643_C_T_b38,chr16_11251046_C_T_b38,chr16_11255821_C_T_b38,chr16_11260640_T_C_b38		
chr17_39836458_G_C_b38		
chr19_10775530_G_T_b38		
chr1_197776113_G_T_b38		
chr20_49939692_C_T_b38,chr20_49905793_G_A_b38,chr20_49898382_C_T_b38,chr20_49957917_G_A_b38		
chr2_162404181_T_C_b38		
chr2_185202261_A_C_b38		
chr2_61198058_C_T_b38		
chr3_189897686_C_A_b38		
chr4_122059933_A_G_b38		
chr5_132335969_C_G_b38,chr5_132441990_G_A_b38,chr5_132463681_G_C_b38		
chr5_173815867_C_G_b38		
chr5_40370622_C_A_b38		
chr5_40397431_C_A_b38		
chr5_40512668_A_G_b38		
chr6_26379378_T_C_b38		
chr6_28432300_T_A_b38		
chr6_28315054_T_G_b38,chr6_28149553_C_T_b38,chr6_28450880_TG_T_b38,chr6_28371701_A_G_b38,chr6_28728995_T_G_b38,chr6_28329065_C_T_b38,chr6_28447824_T_C_b38,chr6_28308807_G_A_b38,chr6_28091680_T_C_b38,chr6_28936933_G_C_b38,chr6_28580897_G_A_b38,chr6_28116838_T_C_b38		
chr6_33512961_T_C_b38		
chr6_33766464_G_C_b38		
chr7_27025131_A_C_b38		
chr7_50965959_T_C_b38		
chr9_108030001_T_C_b38		
chr9_34858598_G_T_b38		
chr9_34921676_A_C_b38		
chr11_64285685_T_G_b38,chr11_64347665_C_T_b38,chr11_64362250_G_A_b38,chr11_64254133_G_A_b38,chr11_64340263_G_A_b38,chr11_64340005_T_C_b38,chr11_64329761_A_G_b38,chr11_64338845_C_T_b38,chr11_64335476_A_G_b38	AP003774.1,CCDC88B,GPR137,PPP1R14B	s,seo,s,se
chr12_112466427_A_T_b38,chr12_111820775_A_G_b38,chr12_112401562_T_A_b38	MAPKAPK5,TMEM116,TRAFD1,NAA25,PTPN11	e,se,e,e,o
chr15_31345463_T_C_b38	KLF13	so
chr16_28560684_C_T_b38	SGF29	s
chr16_30959620_T_C_b38,chr16_31043286_C_T_b38,chr16_30995651_C_T_b38,chr16_31038712_C_T_b38,chr16_31019023_C_A_b38,chr16_31083930_G_C_b38,chr16_30903305_T_C_b38,chr16_31009757_C_T_b38,chr16_30976059_GT_G_b38,chr16_30987821_A_G_b38,chr16_30972891_G_A_b38,chr16_30932667_C_T_b38,chr16_30989488_G_A_b38,chr16_31079888_T_C_b38,chr16_30958236_G_C_b38,chr16_30931304_G_A_b38,chr16_30993491_T_C_b38,chr16_30991343_A_G_b38	ZNF668,STX1B,HSD3B7,RP11-196G11.2,ZNF646,PRSS53,STX4,RP11-1072A3.4,VKORC1	e,e,e,e,se,se,se,e,e
chr17_80205094_C_T_b38,chr17_80201684_T_C_b38	RP11-334C17.5,SGSH,CARD14	s,eo,eo
chr18_54290024_C_T_b38	POLI,MBD2	so,e
chr2_233429756_G_A_b38	DGKD	so
chr6_31546470_A_G_b38,chr6_31485513_G_A_b38,chr6_30948482_G_A_b38,chr6_31273332_C_T_b38,chr6_31208169_A_C_b38,chr6_31111867_G_A_b38,chr6_31274954_T_A_b38,chr6_31378876_A_G_b38,chr6_31090563_C_A_b38,chr6_31368014_G_A_b38,chr6_31403294_C_A_b38,chr6_31353490_A_C_b38,chr6_31306778_C_T_b38,chr6_31344549_T_G_b38,chr6_31466844_A_G_b38,chr6_31380742_A_G_b38,chr6_31466554_A_T_b38,chr6_31298313_G_A_b38,chr6_31385394_A_G_b38,chr6_31349134_G_T_b38,chr6_31537703_A_G_b38,chr6_31204374_T_C_b38,chr6_31466589_G_A_b38,chr6_31297975_T_C_b38,chr6_31481199_C_A_b38,chr6_31135812_C_T_b38,chr6_31508681_T_A_b38,chr6_31285148_C_T_b38,chr6_31497270_G_T_b38,chr6_31380588_G_A_b38,chr6_31484059_T_C_b38,chr6_31385552_G_A_b38,chr6_31331689_G_A_b38,chr6_31464003_T_G_b38	DDX39B,HLA-A,HLA-B,CYP21A2,XXbac-BPG27H4.8,MICB,STK19B,ZBTB12,POU5F1,SKIV2L,CDSN,C4A,HLA-L,FLOT1,C4B,GPANK1,CLIC1,MSH5,HLA-W,CCHCR1,PSORS1C1,HLA-C,HCG22,ATF6B,MICA,LINC00243	s,s,seo,se,e,seo,s,e,e,e,e,se,s,e,e,e,e,e,s,e,s,se,e,e,s,e
chr9_121279393_T_A_b38	GSN	seo
chr19_48714803_C_T_b38,chr19_48703949_A_G_b38,chr19_48705721_A_G_b38,chr19_48705969_G_A_b38,chr19_48710247_G_A_b38,chr19_48708712_T_C_b38,chr19_48703417_G_A_b38,chr19_48702851_C_G_b38,chr19_48702915_C_T_b38,chr19_48702888_G_C_b38,chr19_48705608_G_A_b38,chr19_48710027_G_A_b38,chr19_48711017_G_A_b38,chr19_48703205_C_T_b38,chr19_48706082_T_C_b38,chr19_48704535_G_A_b38,chr19_48703160_A_G_b38,chr19_48703728_G_A_b38,chr19_48705753_T_C_b38,chr19_48700572_C_T_b38	MAMSTR,FUT2,NTN5,RASIP1	seo,eo,e,se
chr12_10408358_T_C_b38,chr12_10444608_C_T_b38	RP11-277P12.20,KLRK1,KLRC1,KLRC4,KLRC3	s,e,e,se,se
chr12_56350492_C_G_b38,chr12_56251102_A_G_b38,chr12_56356420_C_T_b38,chr12_56346898_C_G_b38,chr12_56264924_C_T_b38,chr12_56254127_G_C_b38,chr12_56243191_C_G_b38,chr12_56344189_A_G_b38,chr12_56347444_G_A_b38	SLC39A5,PAN2,CS,COQ10A,RNF41,RP11-977G19.11,IL23A,CNPY2,ANKRD52,STAT2	e,e,s,e,e,s,se,e,e,e
chr16_30792936_C_T_b38,chr16_30875322_T_C_b38	BCL7C	s
chr19_10709291_C_T_b38,chr19_10707416_G_A_b38	QTRT1	s
chr13_99298006_G_A_b38	UBAC2	se
chr3_16954543_G_A_b38,chr3_17023401_C_A_b38,chr3_16955131_G_A_b38	PLCL2	so
chr10_100278884_G_A_b38,chr10_100267650_C_T_b38,chr10_100216744_G_C_b38,chr10_100223656_G_A_b38	CWF19L1,ERLIN1,BLOC1S2	e,e,se
chr1_206481155_T_C_b38,chr1_206481989_C_T_b38	IKBKE,RASSF5,RP11-534L20.5	se,s,e
chr19_10414696_G_A_b38,chr19_10359299_A_C_b38,chr19_10362257_A_G_b38,chr19_10352442_G_C_b38	ZGLP1,FDX2,TYK2	e,e,se
chr16_68569895_C_T_b38,chr16_68626662_C_T_b38,chr16_68557327_A_C_b38,chr16_68565035_G_A_b38,chr16_68553789_T_A_b38,chr16_68574608_T_C_b38	ZFP90	seo
chr22_21610472_G_A_b38,chr22_21622758_C_T_b38,chr22_21620414_G_C_b38,chr22_21602364_A_G_b38,chr22_21585386_G_T_b38,chr22_21563190_C_T_b38,chr22_21561877_T_C_b38,chr22_21590807_T_A_b38,chr22_21574352_G_A_b38,chr22_21563161_G_A_b38,chr22_21630090_G_A_b38,chr22_21627765_T_G_b38,chr22_21630805_A_G_b38,chr22_21619030_C_T_b38,chr22_21625000_T_C_b38,chr22_21609497_A_G_b38,chr22_21622645_T_C_b38,chr22_21577779_C_T_b38,chr22_21625968_A_G_b38,chr22_21574308_C_G_b38,chr22_21615351_T_C_b38,chr22_21628971_A_G_b38,chr22_21563337_C_G_b38,chr22_21627960_T_C_b38,chr22_21628603_C_T_b38,chr22_21574627_T_G_b38,chr22_21576488_C_T_b38	KB-1440D3.14,YDJC,CCDC116,UBE2L3	e,e,e,seo
chr10_73839369_A_G_b38,chr10_73898591_G_T_b38,chr10_73834292_G_T_b38,chr10_73841838_C_T_b38,chr10_73894114_C_T_b38,chr10_73895870_G_C_b38	PLAU,CAMK2G,FUT11,C10orf55	seo,e,e,se
chr1_77979080_C_CGGCCG_b38,chr1_77984833_C_A_b38	FUBP1,DNAJB4,GIPC2	eo,o,o
chr3_48468811_C_T_b38	MST1	e
chr17_75894282_G_A_b38	TRIM65,WBP2,TRIM47	e,e,e
chr12_122169835_G_T_b38,chr12_122177244_C_T_b38,chr12_122183779_G_A_b38	LRRC43	eo
chr5_96766240_A_G_b38,chr5_96784555_C_T_b38,chr5_96783148_G_C_b38,chr5_96784466_G_A_b38	ERAP1,CAST	eo,s
chr2_62325186_A_G_b38,chr2_62324337_A_G_b38,chr2_62333197_A_G_b38,chr2_62343438_T_A_b38,chr2_62327662_A_G_b38,chr2_62341310_G_C_b38,chr2_62341086_A_G_b38	B3GNT2	eo
chr11_110091706_A_G_b38	ZC3H12C	eo
chr1_152577542_T_G_b38,chr1_152619708_C_T_b38,chr1_152618187_T_C_b38,chr1_152578849_C_T_b38,chr1_152619805_G_T_b38,chr1_152619477_G_C_b38,chr1_152631366_C_A_b38,chr1_152578800_A_G_b38	LCE3D,LCE3E,LCE3A,LCE3C	e,e,e,e
chr17_39470410_C_T_b38	FBXL20,CDK12	e,o
chr17_42378745_T_C_b38,chr17_42355962_A_C_b38,chr17_42384378_T_C_b38	STAT3	eo
chr2_233593094_T_C_b38	USP40	e
chr2_100365473_A_G_b38	LONRF2,CHST10	o,eo
chr2_60845432_C_T_b38,chr2_60854407_C_T_b38,chr2_60845048_T_A_b38,chr2_60856371_T_C_b38,chr2_60908994_G_T_b38,chr2_60864815_G_A_b38,chr2_60853347_G_A_b38,chr2_60897715_T_C_b38,chr2_60937196_G_A_b38	LINC01185,REL	e,eo
chr5_132660272_A_G_b38,chr5_132660151_T_C_b38,chr5_132660977_T_C_b38,chr5_132660808_A_C_b38,chr5_132660753_A_G_b38	IL13	eo
chr6_135090090_T_C_b38,chr6_135106021_T_C_b38,chr6_135100038_C_T_b38,chr6_135097904_G_A_b38,chr6_135097778_A_G_b38,chr6_135103041_C_G_b38,chr6_135097880_T_C_b38,chr6_135105435_A_G_b38,chr6_135106006_C_A_b38,chr6_135102071_T_C_b38,chr6_135098498_C_T_b38,chr6_135106679_G_A_b38,chr6_135097899_AC_A_b38,chr6_135098493_A_G_b38	HBS1L	o
chr1_67262335_G_A_b38,chr1_67233226_C_T_b38,chr1_67228519_A_G_b38,chr1_67230864_G_A_b38,chr1_67243458_C_G_b38,chr1_67259437_C_A_b38	IL12RB2	o
chr9_32523739_T_C_b38	DDX58	o
chr14_35212966_T_C_b38	AL121594.1	o
chr13_39780063_C_T_b38,chr13_39760715_C_G_b38,chr13_39776927_G_T_b38,chr13_39777204_A_G_b38,chr13_39781776_T_C_b38,chr13_39734170_T_C_b38,chr13_39745817_A_G_b38,chr13_39771329_C_T_b38,chr13_39793932_C_T_b38,chr13_39759232_T_C_b38	COG6	eo
chr1_67205072_C_T_b38,chr1_67210045_T_G_b38,chr1_67209833_C_T_b38	C1orf141	o
chr21_35098568_C_T_b38	RUNX1	o
chr1_69322799_T_G_b38	LRRC7	o
chr12_111634620_A_G_b38,chr12_112445672_G_A_b38,chr12_111427245_C_G_b38,chr12_112468611_A_G_b38,chr12_111762346_T_C_b38,chr12_112433568_A_G_b38,chr12_111569952_C_T_b38,chr12_112153882_G_A_b38,chr12_111835695_C_T_b38,chr12_112172910_G_A_b38,chr12_111466567_T_A_b38,chr12_111535554_A_G_b38,chr12_112049014_A_G_b38,chr12_111621753_C_T_b38,chr12_111645358_C_T_b38,chr12_111472415_A_G_b38,chr12_111446804_T_C_b38,chr12_111388673_A_AAATT_b38,chr12_112246417_A_T_b38,chr12_111395984_G_A_b38,chr12_111469627_A_AC_b38,chr12_111494996_C_T_b38	SH2B3	o
chr1_8225949_G_A_b38	SLC45A1	o
chr1_24192153_A_G_b38,chr1_24191716_T_C_b38	GRHL3,IL22RA1,IFNLR1,RP11-10N16.2	e,e,eo,e
chr1_172705957_T_C_b38,chr1_172711891_T_C_b38	FASLG	o
chr2_162272314_T_C_b38,chr2_162267541_C_T_b38,chr2_162254026_A_G_b38,chr2_162311236_C_G_b38	FAP,IFIH1	o,o
chr3_101928465_T_G_b38,chr3_101944711_A_G_b38	NFKBIZ	o
chr6_577820_A_G_b38	EXOC2	o
chr6_20643496_G_A_b38,chr6_20728500_T_C_b38,chr6_20657114_T_C_b38,chr6_20678199_G_C_b38,chr6_20689714_G_A_b38	CDKAL1	o
chr13_44747595_C_A_b38,chr13_44760058_C_T_b38	TSC22D1	o
chr14_35363460_T_G_b38,chr14_35370030_G_C_b38,chr14_35383280_T_C_b38	NFKBIA	o
chr18_12857003_G_T_b38	PTPN2	o
chr6_28291657_A_C_b38	PGBD1	o
chr1_24978623_T_C_b38,chr1_24942864_G_A_b38,chr1_24966593_T_C_b38,chr1_24964519_A_T_b38,chr1_24970693_G_A_b38	RUNX3	o
chr1_67234232_C_A_b38,chr1_67265685_T_C_b38,chr1_67242007_G_A_b38,chr1_67240275_G_A_b38,chr1_67260421_T_C_b38,chr1_67242472_G_T_b38,chr1_67236843_T_G_b38,chr1_67247663_T_C_b38	IL23R	o
chr1_116744732_G_A_b38	CD2	o
chr1_197585172_C_A_b38	DENND1B	o
chr1_198466279_C_G_b38,chr1_198642319_T_G_b38	ATP6V1G3,NEK7,PTPRC	o,e,o
chr2_65270218_A_G_b38	ACTR2	o
chr2_180991568_C_G_b38	UBE2E3	o
chr2_203674547_C_A_b38	CD28	o
chr3_50774921_A_C_b38	DOCK3	o
chr4_122510430_G_A_b38,chr4_122536624_T_C_b38	IL21,IL2	o,o
chr5_596162_G_T_b38,chr5_548840_G_A_b38	CEP72	seo
chr6_27336148_C_T_b38	POM121L2	o
chr6_90148717_C_T_b38	BACH2	o
chr6_105961299_G_A_b38	PRDM1	o
chr6_137662844_A_C_b38	OLIG3	o
chr6_137874556_T_C_b38,chr6_137878280_G_T_b38,chr6_137807709_C_A_b38,chr6_137876687_C_T_b38	TNFAIP3	o
chr7_37371862_T_C_b38,chr7_37345761_A_G_b38	ELMO1	o
chr7_50472259_G_A_b38	DDC,FIGNL1	o,o
chr7_50859117_G_A_b38	GRB10	o
chr8_78648195_T_C_b38,chr8_78621408_C_T_b38	ZC2HC1A	o
chr8_88368978_A_C_b38	MMP16	o
chr9_4971927_C_A_b38	JAK2	o
chr10_35370724_A_T_b38	CCNY	o
chr10_58227044_G_A_b38	IPMK	o
chr10_62610240_C_G_b38,chr10_62595406_C_T_b38,chr10_62616798_T_C_b38	AC067752.1,ZNF365	o,o
chr11_68406654_G_A_b38	LRP5	o
chr11_76518678_T_C_b38,chr11_76427998_A_T_b38	EMSY	o
chr12_40320530_T_C_b38,chr12_40398498_G_A_b38,chr12_40420859_C_A_b38,chr12_40208138_C_T_b38,chr12_40428296_G_A_b38,chr12_40430861_C_T_b38	MUC19,LRRK2	o,seo
chr12_68102660_C_G_b38	IFNG	o
chr13_43883475_A_G_b38,chr13_43880319_C_A_b38	CCDC122,LACC1	e,eo
chr16_10973571_C_G_b38	CLEC16A	o
chr17_27779649_A_G_b38,chr17_27797882_G_A_b38,chr17_27752663_T_C_b38,chr17_27747689_C_T_b38	NOS2	o
chr17_34292355_C_A_b38	CCL11	o
chr20_44561731_C_T_b38,chr20_44532143_A_G_b38	PKIG	seo
chr5_151087129_GC_G_b38,chr5_151084456_A_G_b38,chr5_151098757_G_A_b38,chr5_151087628_G_C_b38,chr5_151085080_A_C_b38,chr5_151090412_G_A_b38	TNIP1	o
chr6_27275539_G_C_b38	PRSS16	o
chr6_111305787_A_T_b38,chr6_111374888_T_C_b38,chr6_111334327_G_A_b38,chr6_111592059_C_T_b38,chr6_111608659_G_T_b38,chr6_111284434_G_C_b38,chr6_111605706_A_G_b38,chr6_111311725_T_C_b38,chr6_111352511_T_C_b38	MFSD4B,REV3L,TRAF3IP2,TRAF3IP2-AS1,RP5-1112D6.7	eo,seo,so,s,e
chr11_128536543_A_G_b38,chr11_128533313_T_C_b38,chr11_128522042_C_T_b38,chr11_128525029_GA_G_b38,chr11_128516011_T_C_b38	ETS1	o
chr6_159085568_C_T_b38,chr6_159068759_G_A_b38,chr6_159094045_A_G_b38,chr6_159094277_T_G_b38,chr6_159082054_A_G_b38	TAGAP	o
chr5_159402519_A_T_b38,chr5_159371067_A_G_b38,chr5_159290781_G_A_b38,chr5_159242905_C_T_b38,chr5_159393053_T_C_b38,chr5_159337470_T_C_b38,chr5_159402281_A_G_b38,chr5_159409099_T_C_b38,chr5_159322080_G_T_b38,chr5_159337169_T_C_b38,chr5_159304540_G_A_b38,chr5_159360377_G_A_b38,chr5_159344329_G_A_b38,chr5_159399349_A_G_b38,chr5_159416227_C_A_b38,chr5_159332892_A_G_b38,chr5_159339014_G_A_b38,chr5_159394909_G_T_b38,chr5_159399302_G_C_b38,chr5_159323761_C_T_b38,chr5_159405269_C_A_b38	UBLCP1,IL12B	o,eo
