asthma	genes	source
chr10_8471661_G_A_b38,chr10_8473362_T_C_b38,chr10_8468994_T_A_b38		
chr10_8473385_C_T_b38		
chr10_8549406_C_A_b38		
chr10_8553876_G_A_b38,chr10_8534243_A_G_b38,chr10_8563590_G_T_b38,chr10_8564051_A_G_b38		
chr10_8735677_G_A_b38		
chr10_8808772_C_T_b38,chr10_8799706_T_C_b38		
chr10_9001389_G_A_b38		
chr10_9007290_C_T_b38		
chr10_9022398_T_C_b38,chr10_9001956_T_C_b38,chr10_9001341_T_C_b38,chr10_9010779_G_A_b38,chr10_9022753_T_C_b38,chr10_9020320_C_T_b38,chr10_8998737_C_T_b38,chr10_9004682_A_G_b38		
chr11_1119225_G_A_b38,chr11_1129831_A_G_b38		
chr11_118871133_C_T_b38,chr11_118872577_G_A_b38		
chr11_127891771_G_A_b38		
chr11_61862632_G_A_b38		
chr12_111535554_A_G_b38,chr12_112433568_A_G_b38,chr12_111388673_A_AAATT_b38,chr12_112468611_A_G_b38,chr12_112153882_G_A_b38,chr12_112049014_A_G_b38,chr12_111466567_T_A_b38,chr12_112172910_G_A_b38,chr12_111645358_C_T_b38,chr12_111621753_C_T_b38,chr12_111427245_C_G_b38,chr12_111634620_A_G_b38,chr12_111446804_T_C_b38,chr12_111469627_A_AC_b38,chr12_111835695_C_T_b38,chr12_111569952_C_T_b38,chr12_111395984_G_A_b38,chr12_111762346_T_C_b38,chr12_111494996_C_T_b38,chr12_111472415_A_G_b38,chr12_112445672_G_A_b38,chr12_112246417_A_T_b38		
chr12_120926032_C_T_b38,chr12_120940042_CTG_C_b38		
chr12_123150549_C_T_b38		
chr13_73421057_C_T_b38		
chr13_99322238_C_G_b38		
chr13_99418203_T_C_b38		
chr17_39418339_G_C_b38		
chr17_39455099_C_T_b38,chr17_39475835_A_G_b38,chr17_39387196_T_G_b38,chr17_39583908_T_C_b38,chr17_39279125_T_C_b38		
chr17_40602398_G_A_b38,chr17_40598769_A_G_b38		
chr17_40608272_T_A_b38		
chr17_42238611_G_A_b38		
chr17_45379362_C_T_b38,chr17_45380520_G_A_b38,chr17_45378874_A_G_b38		
chr19_10891336_G_A_b38		
chr19_3136093_C_T_b38		
chr19_8681318_AG_A_b38,chr19_8675909_G_A_b38,chr19_8679458_A_G_b38,chr19_8677915_T_G_b38,chr19_8677078_C_T_b38,chr19_8679402_A_C_b38,chr19_8679648_A_C_b38,chr19_8679457_C_T_b38,chr19_8679120_C_A_b38,chr19_8679934_C_T_b38		
chr19_9017666_G_A_b38		
chr1_212883085_G_A_b38		
chr1_8477229_G_A_b38,chr1_8599655_A_G_b38,chr1_8590126_T_C_b38,chr1_8466082_G_A_b38,chr1_8599223_T_A_b38,chr1_8648470_T_C_b38		
chr20_63748397_T_G_b38		
chr21_35323611_T_C_b38		
chr2_100146324_T_G_b38,chr2_100142247_G_C_b38,chr2_100165104_A_G_b38,chr2_100145988_GCTATGATGATAC_G_b38,chr2_100146237_G_T_b38,chr2_100147542_T_G_b38,chr2_100143015_G_A_b38,chr2_100147663_T_C_b38,chr2_100142823_T_C_b38		
chr2_101671373_C_T_b38		
chr2_145361450_G_A_b38,chr2_145382564_C_T_b38,chr2_145399111_G_A_b38,chr2_145356165_G_T_b38,chr2_145367955_C_T_b38		
chr2_8341169_A_T_b38,chr2_8331189_G_A_b38		
chr3_128194003_C_CT_b38		
chr3_188598774_T_C_b38		
chr3_188682769_C_T_b38,chr3_188682451_G_C_b38,chr3_188680854_C_G_b38,chr3_188684683_C_T_b38,chr3_188683350_A_G_b38		
chr3_33002847_T_C_b38		
chr3_33006170_G_T_b38,chr3_33005791_G_A_b38,chr3_33004988_C_T_b38		
chr3_33042493_G_A_b38,chr3_33026563_C_T_b38		
chr3_3573203_C_T_b38		
chr3_51403873_G_A_b38,chr3_50663819_T_C_b38,chr3_50734193_G_A_b38		
chr4_122219915_T_C_b38		
chr4_122480586_GGATCTCTCTGAGGAGGAACCCTTAGGTA_G_b38,chr4_122415763_G_A_b38,chr4_122465565_G_A_b38,chr4_122263256_T_C_b38,chr4_122441954_A_C_b38,chr4_122496409_A_G_b38,chr4_122350513_G_C_b38,chr4_122211337_A_G_b38,chr4_122456327_C_A_b38		
chr5_132452642_A_C_b38,chr5_132463934_T_C_b38,chr5_132472976_A_G_b38		
chr6_127970054_C_T_b38,chr6_127958284_C_G_b38,chr6_127957653_A_G_b38,chr6_127972417_C_T_b38		
chr6_29257248_T_G_b38,chr6_28936933_G_C_b38,chr6_28728995_T_G_b38,chr6_28450880_TG_T_b38,chr6_28997735_G_A_b38		
chr6_31445184_T_C_b38		
chr9_4148351_T_C_b38,chr9_4144996_T_C_b38		
chr11_10643354_C_T_b38,chr11_10639293_G_T_b38,chr11_10645728_A_G_b38,chr11_10643688_C_T_b38,chr11_10642486_G_T_b38	MRVI1	so
chr12_56007301_G_A_b38,chr12_56002984_G_C_b38,chr12_56023144_A_C_b38,chr12_56088396_T_G_b38,chr12_55981353_C_G_b38,chr12_56051582_G_A_b38,chr12_56055651_G_A_b38,chr12_56061510_C_T_b38,chr12_56001170_A_G_b38,chr12_56018703_T_G_b38,chr12_56052982_C_T_b38,chr12_55995509_T_C_b38,chr12_56080696_A_G_b38,chr12_56034024_C_T_b38,chr12_55975722_A_G_b38,chr12_56080595_T_C_b38,chr12_55996580_C_G_b38,chr12_56041628_G_A_b38,chr12_55996852_A_G_b38,chr12_56009793_C_T_b38,chr12_55991020_G_A_b38,chr12_56050848_C_T_b38,chr12_56042145_C_G_b38	IKZF4,RPS26,SUOX,RAB5B	e,e,se,se
chr17_39720582_A_G_b38,chr17_39676451_A_G_b38,chr17_39674194_T_A_b38,chr17_39727784_C_G_b38,chr17_39676113_G_A_b38	STARD3,ERBB2,PNMT,PGAP3	se,e,e,se
chr18_50988025_T_C_b38,chr18_51121270_G_C_b38,chr18_51041256_C_G_b38	SMAD4	seo
chr22_41371482_T_C_b38,chr22_41512401_T_C_b38,chr22_41356940_A_G_b38,chr22_41372858_C_T_b38,chr22_41454496_A_G_b38,chr22_41381237_A_G_b38,chr22_41471101_T_TTGTC_b38,chr22_41471373_C_T_b38,chr22_41385090_C_G_b38,chr22_41402516_A_G_b38,chr22_41364168_T_G_b38,chr22_41401754_G_A_b38,chr22_41463657_A_G_b38,chr22_41457924_A_G_b38,chr22_41562858_G_C_b38,chr22_41363121_C_CCT_b38,chr22_41381554_A_G_b38,chr22_41365286_T_C_b38,chr22_41546900_T_C_b38,chr22_41324693_A_G_b38,chr22_41361643_G_A_b38,chr22_41550515_C_A_b38,chr22_41324724_G_C_b38	CSDC2,PMM1,DESI1,TOB2,MEI1,XRCC6,TEF,POLR3H,ACO2,SNU13	se,e,e,se,se,e,eo,e,seo,se
chr3_141374443_T_C_b38,chr3_141375927_C_A_b38,chr3_141396377_T_C_b38,chr3_141414608_G_A_b38,chr3_141381438_A_G_b38,chr3_141431184_A_G_b38,chr3_141386728_A_G_b38,chr3_141390479_A_G_b38,chr3_141390506_C_T_b38,chr3_141375367_G_A_b38,chr3_141428572_T_C_b38,chr3_141406863_C_G_b38,chr3_141423849_G_A_b38,chr3_141383119_C_T_b38,chr3_141383991_G_A_b38,chr3_141402972_A_C_b38,chr3_141387221_T_C_b38,chr3_141406344_A_G_b38	ZBTB38	seo
chr3_196035621_G_A_b38	RP11-141C7.2,TFRC	s,o
chr6_30197496_C_T_b38,chr6_30206354_C_T_b38,chr6_30201550_A_G_b38,chr6_30202733_T_C_b38	TRIM26	se
chr9_137605991_G_A_b38	ARRDC1	seo
chr11_61852357_C_A_b38,chr11_61827448_CT_C_b38,chr11_61776027_T_C_b38,chr11_61839170_A_G_b38,chr11_61817672_A_G_b38,chr11_61822009_A_G_b38,chr11_61792609_G_A_b38,chr11_61798436_T_C_b38,chr11_61813163_C_T_b38,chr11_61854084_G_C_b38,chr11_61801834_C_G_b38,chr11_61803311_T_C_b38,chr11_61843278_G_A_b38,chr11_61851136_A_G_b38,chr11_61829161_C_T_b38,chr11_61785208_G_T_b38,chr11_61824890_A_G_b38,chr11_61781553_G_A_b38,chr11_61818856_C_CT_b38,chr11_61855668_C_T_b38,chr11_61783884_T_C_b38,chr11_61790331_T_C_b38,chr11_61796827_G_T_b38,chr11_61826344_C_T_b38,chr11_61815236_T_C_b38,chr11_61842278_C_T_b38,chr11_61832870_A_C_b38,chr11_61836038_C_A_b38,chr11_61776489_T_C_b38,chr11_61820833_A_G_b38,chr11_61803876_C_G_b38,chr11_61812288_T_C_b38,chr11_61839211_G_A_b38,chr11_61830500_A_G_b38,chr11_61803910_G_A_b38,chr11_61837342_C_A_b38,chr11_61784455_A_C_b38,chr11_61828850_CA_C_b38,chr11_61814292_T_C_b38,chr11_61814184_G_A_b38,chr11_61825533_A_G_b38,chr11_61838027_T_A_b38,chr11_61790354_T_C_b38,chr11_61804006_T_C_b38,chr11_61800281_C_A_b38,chr11_61811991_A_G_b38,chr11_61779120_A_G_b38,chr11_61802358_C_T_b38	FADS1,FADS2,TMEM258,FADS3	seo,seo,eo,e
chr6_33131761_G_T_b38,chr6_33065245_A_G_b38,chr6_33075103_A_G_b38,chr6_33066047_C_T_b38	HLA-DPA1,HLA-DPB2,HLA-DOA	se,s,e
chr17_39900944_G_A_b38,chr17_39905943_G_A_b38,chr17_39911280_A_G_b38,chr17_39908718_G_A_b38,chr17_39908152_C_T_b38,chr17_39748854_C_T_b38,chr17_39820216_C_T_b38,chr17_39905964_C_T_b38,chr17_39783586_C_T_b38,chr17_39899863_T_C_b38,chr17_39917778_T_C_b38,chr17_39910767_C_T_b38,chr17_39895095_A_G_b38,chr17_39913696_C_T_b38,chr17_39766006_G_A_b38,chr17_39754115_C_T_b38,chr17_39884510_G_A_b38,chr17_39911790_T_C_b38,chr17_39917715_G_C_b38,chr17_39909987_T_C_b38,chr17_39879117_G_T_b38,chr17_39907128_C_T_b38,chr17_39876427_T_C_b38,chr17_39910014_G_T_b38,chr17_39756124_C_T_b38,chr17_39869916_C_T_b38,chr17_39926554_T_C_b38,chr17_39887090_G_A_b38,chr17_39829548_A_G_b38,chr17_39806734_T_A_b38,chr17_39887396_C_T_b38,chr17_39916149_C_T_b38,chr17_39883866_T_C_b38,chr17_39893336_C_T_b38,chr17_39891991_T_C_b38,chr17_39905186_T_C_b38,chr17_39912261_T_C_b38,chr17_39933091_A_G_b38,chr17_39867492_A_G_b38,chr17_39848676_GATTT_G_b38,chr17_39781794_C_T_b38	IKZF3,RP11-387H17.4,ORMDL3,GSDMB,ZPBP2	e,e,e,seo,seo
chr12_57095926_T_C_b38,chr12_57103222_T_C_b38,chr12_57109992_C_T_b38,chr12_57116526_T_C_b38,chr12_57117951_T_C_b38,chr12_57115272_T_C_b38,chr12_57108399_C_T_b38,chr12_57115319_C_T_b38,chr12_57118687_C_G_b38,chr12_57099944_T_G_b38,chr12_57109198_C_T_b38	STAT6	seo
chr6_32400310_T_C_b38,chr6_32411712_C_T_b38	XXbac-BPG154L12.4,BTNL2	s,eo
chr1_24924428_G_GT_b38,chr1_24927826_C_T_b38,chr1_24935531_C_A_b38,chr1_24924933_G_A_b38,chr1_24933393_C_G_b38,chr1_24924339_C_T_b38,chr1_24925432_A_T_b38	RUNX3	so
chr6_31120368_T_A_b38,chr6_31114163_T_C_b38,chr6_31133897_C_T_b38	PSORS1C1	se
chr6_35171952_A_G_b38,chr6_35163996_G_C_b38,chr6_35208770_C_T_b38,chr6_35189310_T_C_b38,chr6_35166952_G_A_b38,chr6_35175122_T_C_b38,chr6_35176874_G_A_b38,chr6_35170596_G_A_b38	DEF6,ZNF76	e,se
chr1_152313385_G_A_b38	CRNN,FLG	s,eo
chr1_8441726_A_G_b38,chr1_8438266_T_TG_b38,chr1_8429242_C_T_b38,chr1_8422018_C_T_b38,chr1_8444361_C_A_b38,chr1_8443319_C_A_b38,chr1_8371547_C_T_b38,chr1_8424763_A_G_b38,chr1_8437247_T_A_b38,chr1_8420956_T_G_b38,chr1_8444998_G_A_b38	RERE	se
chr3_128244867_C_T_b38,chr3_128296335_C_T_b38,chr3_128296658_G_GC_b38,chr3_128212497_G_A_b38	RUVBL1,EEFSEC	se,eo
chr5_132713335_C_T_b38,chr5_132721182_A_C_b38,chr5_132694975_C_G_b38	KIF3A,IL4	seo,e
chr15_41401257_G_T_b38,chr15_41490486_A_C_b38,chr15_41495387_T_G_b38,chr15_41482225_A_G_b38	RTF1,OIP5-AS1	e,s
chr18_63775385_A_G_b38	SERPINB7	seo
chr2_241742614_T_C_b38,chr2_241759225_G_A_b38,chr2_241771867_G_A_b38	D2HGDH	seo
chr16_11131109_A_G_b38,chr16_11136846_T_C_b38,chr16_11106123_G_A_b38,chr16_11105081_G_A_b38,chr16_11119164_T_A_b38,chr16_11135271_G_T_b38,chr16_11149598_C_A_b38,chr16_11131207_C_G_b38,chr16_11134855_C_T_b38,chr16_11125184_G_A_b38,chr16_11110536_CAA_C_b38,chr16_11127430_A_G_b38	CLEC16A	so
chr18_54290038_G_A_b38	POLI	se
chr8_144103704_G_A_b38	SHARPIN	s
chr1_154455807_A_G_b38,chr1_154432548_A_G_b38,chr1_154447611_G_A_b38,chr1_154423363_C_T_b38,chr1_154447926_G_C_b38,chr1_154453788_C_T_b38,chr1_154422736_C_A_b38,chr1_154454494_A_C_b38,chr1_154442920_C_A_b38,chr1_154452980_G_A_b38,chr1_154443301_A_G_b38,chr1_154446403_C_T_b38	IL6R	seo
chr5_132461230_G_A_b38,chr5_132461855_A_G_b38	C5orf56	s
chr19_45759028_C_A_b38,chr19_45799116_T_A_b38,chr19_45798221_C_T_b38,chr19_45721713_C_T_b38,chr19_45867123_G_A_b38,chr19_45829584_C_T_b38,chr19_45847117_A_C_b38,chr19_45839627_G_A_b38	DMPK,DMWD	e,e
chr11_111621495_ATC_A_b38,chr11_111570140_C_G_b38,chr11_111613995_A_C_b38,chr11_111709215_G_C_b38,chr11_111715367_C_G_b38,chr11_111664381_C_T_b38,chr11_111664378_G_A_b38,chr11_111601736_T_C_b38,chr11_111664589_G_A_b38,chr11_111647184_G_A_b38,chr11_111603392_G_A_b38,chr11_111620598_A_G_b38,chr11_111566171_T_A_b38,chr11_111673192_T_A_b38,chr11_111659729_A_G_b38,chr11_111563369_T_C_b38,chr11_111562181_AG_A_b38	PPP2R1B,LAYN,SIK2	e,e,e
chr1_161215268_G_T_b38,chr1_161217875_C_T_b38,chr1_161189357_C_T_b38	FCER1G,PPOX,NDUFS2,ADAMTS4,B4GALT3	eo,e,e,e,e
chr2_223799333_C_G_b38	AP1S3	eo
chr2_111511155_T_C_b38,chr2_111510500_CT_C_b38,chr2_111510708_T_C_b38	AC017002.1	e
chr4_38798089_T_C_b38,chr4_38797027_C_A_b38	TLR10,FAM114A1,TLR1	o,e,seo
chr10_6583416_T_C_b38,chr10_6579811_T_C_b38,chr10_6589102_CA_C_b38,chr10_6584252_G_A_b38,chr10_6586262_G_A_b38	PRKCQ,PRKCQ-AS1,RP11-554I8.1	eo,s,e
chr2_227805859_G_A_b38,chr2_227805721_T_C_b38	CCL20	eo
chr17_39965740_G_A_b38,chr17_39963578_G_T_b38	LRRC3C,GSDMA	e,eo
chr12_71139458_G_T_b38,chr12_71139430_C_T_b38	CTD-2021H9.3,TSPAN8,CTD-2021H9.1,CTD-2021H9.2	e,eo,e,e
chr2_111130177_T_G_b38,chr2_111142983_T_C_b38,chr2_111165509_G_GT_b38,chr2_111159291_A_C_b38,chr2_111175424_G_T_b38	BCL2L11	eo
chr7_106018005_G_A_b38,chr7_106018481_T_C_b38,chr7_106036059_C_T_b38	CDHR3	seo
chr13_39759232_T_C_b38,chr13_39777204_A_G_b38,chr13_39760715_C_G_b38,chr13_39734170_T_C_b38,chr13_39780063_C_T_b38,chr13_39662464_G_A_b38,chr13_39793932_C_T_b38,chr13_39781776_T_C_b38,chr13_39665648_G_T_b38,chr13_39745817_A_G_b38,chr13_39776927_G_T_b38,chr13_39771329_C_T_b38	COG6	eo
chr11_65791795_A_G_b38,chr11_65784486_A_G_b38	OVOL1	eo
chr19_1163597_A_G_b38,chr19_1164198_CT_C_b38,chr19_1152657_A_G_b38,chr19_1169067_A_G_b38,chr19_1170446_C_T_b38,chr19_1167158_C_T_b38,chr19_1162377_G_A_b38,chr19_1170298_A_G_b38,chr19_1168754_G_A_b38,chr19_1165265_C_T_b38	SBNO2	seo
chr9_23585841_T_C_b38,chr9_23583600_G_A_b38,chr9_23587029_C_T_b38,chr9_23589356_G_C_b38,chr9_23584703_G_A_b38,chr9_23586656_T_C_b38,chr9_23588585_C_T_b38	ELAVL2	eo
chr6_28354519_A_G_b38,chr6_28357424_C_G_b38,chr6_28447190_G_T_b38,chr6_28340257_C_G_b38,chr6_28432761_T_C_b38	ZSCAN31	e
chr7_28138643_G_T_b38,chr7_28135367_T_C_b38,chr7_28116987_C_G_b38,chr7_28137682_C_T_b38,chr7_28129126_GTCTT_G_b38,chr7_28132967_T_C_b38,chr7_28117268_C_T_b38,chr7_28133120_T_G_b38	JAZF1	eo
chr1_10506158_A_G_b38,chr1_10496390_G_T_b38,chr1_10496040_G_A_b38,chr1_10483760_A_AC_b38,chr1_10534733_A_G_b38,chr1_10497194_T_C_b38	PEX14	eo
chr3_121997324_C_G_b38	EAF2	e
chr6_32623811_A_G_b38,chr6_32619380_A_G_b38,chr6_32592994_G_A_b38,chr6_32658626_A_G_b38,chr6_32658571_C_T_b38,chr6_32615580_A_T_b38,chr6_32609603_A_G_b38,chr6_32613963_AT_A_b38,chr6_32614873_C_G_b38	HLA-DQA1,HLA-DQA2,HLA-DQB1,HLA-DRB1	seo,se,o,s
chr5_132449992_C_T_b38,chr5_132340627_C_T_b38,chr5_132373185_T_C_b38,chr5_132475490_G_A_b38,chr5_132468655_C_A_b38,chr5_132391341_G_A_b38,chr5_132316836_A_C_b38,chr5_132302631_T_A_b38,chr5_132435113_C_T_b38,chr5_132350453_G_A_b38,chr5_132451445_A_G_b38,chr5_132358384_T_C_b38,chr5_132397705_G_C_b38,chr5_132490630_G_A_b38,chr5_132442760_A_G_b38,chr5_132448701_G_T_b38	SLC22A4,IRF1,SLC22A5	so,eo,seo
chr5_132616530_T_C_b38,chr5_132655964_C_T_b38,chr5_132660808_A_C_b38,chr5_132660977_T_C_b38,chr5_132589495_T_C_b38,chr5_132660272_A_G_b38,chr5_132656189_C_T_b38,chr5_132660753_A_G_b38,chr5_132549202_C_A_b38,chr5_132637485_A_G_b38,chr5_132565533_A_G_b38,chr5_132581248_A_C_b38,chr5_132616304_T_C_b38,chr5_132660151_T_C_b38,chr5_132568236_G_A_b38,chr5_132655393_T_C_b38	RAD50,IL13	se,seo
chr14_102755986_G_A_b38	RCOR1	e
chr9_99153605_C_T_b38	SEC61B,TGFBR1	o,e
chr1_203131376_T_A_b38,chr1_203124073_G_T_b38,chr1_203134077_T_TA_b38,chr1_203122146_G_A_b38	ADORA1,CHIT1,PPFIA4,CHI3L1	eo,e,e,e
chr5_60073967_A_G_b38	PDE4D	o
chr22_37135396_G_A_b38,chr22_37137994_G_A_b38	IL2RB	o
chr1_158962765_C_T_b38	PYHIN1	o
chr5_111135520_A_G_b38,chr5_111066174_T_C_b38,chr5_111131801_C_T_b38,chr5_111072304_C_T_b38,chr5_111091649_G_A_b38,chr5_111069977_A_G_b38,chr5_111092097_C_T_b38,chr5_111069301_A_C_b38,chr5_111134439_C_A_b38,chr5_111071044_C_T_b38	TSLP,CTC-551A13.1,WDR36	eo,e,seo
chr9_12521826_G_A_b38	TYRP1	o
chr6_106207742_T_C_b38,chr6_106279340_C_T_b38,chr6_106181815_T_C_b38,chr6_106219660_T_G_b38,chr6_106220119_C_T_b38	ATG5	o
chr8_119051303_T_C_b38	COLEC10	o
chr1_151829204_G_A_b38	RORC	o
chr6_410417_A_G_b38,chr6_412802_G_A_b38,chr6_408079_C_T_b38,chr6_409119_A_G_b38,chr6_411064_A_G_b38	IRF4	o
chr9_129740522_G_A_b38	PTGES	o
chr6_34188667_C_T_b38	GRM4	o
chr6_31354420_T_A_b38	HLA-B	o
chr16_50712015_C_T_b38	NOD2	o
chr1_12115601_G_A_b38	TNFRSF8	o
chr5_35851729_C_T_b38,chr5_35879054_G_T_b38,chr5_35844023_G_A_b38,chr5_35881274_G_T_b38,chr5_35878993_C_T_b38,chr5_35883884_T_G_b38,chr5_35846713_G_T_b38,chr5_35862739_C_T_b38,chr5_35874473_C_T_b38,chr5_35857602_A_G_b38,chr5_35885880_T_C_b38,chr5_35881341_G_A_b38,chr5_35852209_G_A_b38,chr5_35881028_G_GT_b38,chr5_35841347_A_G_b38,chr5_35883632_T_C_b38,chr5_35837132_G_A_b38	IL7R	seo
chr9_6621066_A_G_b38	UHRF2	o
chr17_49325445_C_T_b38,chr17_49373159_T_A_b38,chr17_49370984_G_A_b38,chr17_49363104_A_G_b38,chr17_49388381_A_ATCT_b38,chr17_49340816_G_A_b38,chr17_49250821_C_T_b38,chr17_49327266_G_T_b38,chr17_49377145_C_T_b38,chr17_49345148_C_T_b38,chr17_49377153_G_T_b38,chr17_49384071_G_A_b38,chr17_49361940_G_A_b38,chr17_49320708_T_A_b38	ZNF652	eo
chr15_67156025_G_A_b38,chr15_67158877_C_G_b38,chr15_67171953_A_G_b38,chr15_67157967_A_G_b38,chr15_67182745_C_T_b38,chr15_67183097_C_T_b38,chr15_67157322_A_G_b38,chr15_67183426_C_CA_b38,chr15_67150258_C_T_b38,chr15_67154447_G_A_b38,chr15_67163292_C_T_b38,chr15_67160650_A_G_b38,chr15_67149412_C_A_b38,chr15_67156561_A_G_b38	IQCH,SMAD3	o,eo
chr5_72400091_C_G_b38	ZNF366	o
chr1_172746562_A_G_b38	FASLG	o
chr6_31504943_G_T_b38	MICB	o
chr1_152101640_A_C_b38,chr1_152206676_C_T_b38	HRNR	o
chr10_62631615_G_A_b38	ZNF365,AC067752.1	o,o
chr14_102777733_C_G_b38	TRAF3	o
chr5_110862415_C_T_b38,chr5_110810746_C_G_b38	SLC25A46	o
chr11_1142570_A_G_b38	MUC5AC	o
chr5_14610200_C_G_b38	OTULINL	o
chr9_128721272_T_A_b38	ZDHHC12	o
chr19_33235671_G_A_b38,chr19_33230549_C_T_b38,chr19_33235672_C_A_b38	SLC7A10	o
chr6_135400147_G_A_b38	AHI1	o
chr8_127765473_A_G_b38	MYC	o
chr12_54974507_C_T_b38	TESPA1	o
chr3_177134250_A_T_b38	TBL1XR1	o
chr3_188362632_C_G_b38,chr3_188415548_C_T_b38,chr3_188411191_G_A_b38,chr3_188382468_G_T_b38,chr3_188415730_A_T_b38,chr3_188403231_C_T_b38,chr3_188370530_T_C_b38,chr3_188377067_A_T_b38,chr3_188414322_A_G_b38,chr3_188370473_A_G_b38,chr3_188402113_G_A_b38,chr3_188401794_C_T_b38,chr3_188405190_C_T_b38,chr3_188384073_G_C_b38,chr3_188371466_C_T_b38,chr3_188384928_C_T_b38,chr3_188374140_G_A_b38,chr3_188407332_C_T_b38,chr3_188394766_C_A_b38,chr3_188415651_C_T_b38	LPP	o
chr5_119348602_T_C_b38,chr5_119355086_C_G_b38	TNFAIP8	o
chr5_142109741_A_G_b38,chr5_142112854_C_A_b38,chr5_142133639_A_T_b38,chr5_142146492_C_A_b38,chr5_142139375_A_AAGG_b38,chr5_142145740_A_G_b38,chr5_142134289_T_C_b38,chr5_142159774_C_A_b38,chr5_142158452_G_C_b38,chr5_142119476_A_G_b38,chr5_142088291_C_A_b38,chr5_142131189_A_G_b38,chr5_142153497_A_G_b38,chr5_142112420_C_T_b38	NDFIP1	eo
chr5_157202838_C_T_b38	ITK	o
chr17_45259320_G_C_b38	SPATA32	o
chr9_6176871_C_G_b38,chr9_6192796_T_C_b38,chr9_6074494_T_C_b38,chr9_6190076_A_C_b38,chr9_6208030_G_T_b38,chr9_6213387_G_A_b38,chr9_6209697_A_G_b38,chr9_6047765_C_T_b38,chr9_6211813_T_C_b38,chr9_6177453_G_A_b38,chr9_6210099_T_C_b38,chr9_6231239_A_G_b38,chr9_6175855_A_T_b38,chr9_6172380_A_G_b38,chr9_6197392_T_C_b38,chr9_6213468_C_T_b38,chr9_6193455_C_A_b38,chr9_6081804_G_T_b38	IL33	eo
chr18_62343215_A_C_b38,chr18_62339745_C_G_b38,chr18_62342581_C_T_b38	TNFRSF11A	o
chr1_9296617_T_C_b38	SPSB1	o
chr1_173162354_A_G_b38,chr1_173162769_T_C_b38,chr1_173187153_T_C_b38,chr1_173182897_T_G_b38,chr1_173194429_A_G_b38,chr1_173201479_C_T_b38	TNFSF18,RP3-395P12.2,TNFSF4	e,e,so
chr11_128302941_G_GA_b38	ETS1	o
chr14_35415835_A_G_b38	NFKBIA	o
chr17_47741840_A_T_b38,chr17_47795683_A_T_b38	TBX21	o
chr20_53555865_T_C_b38,chr20_53554702_A_G_b38	ZNF217	o
chr8_80373657_C_A_b38,chr8_80372904_G_T_b38,chr8_80380364_A_C_b38,chr8_80377552_A_G_b38,chr8_80350661_A_G_b38,chr8_80382467_C_T_b38,chr8_80382269_T_C_b38,chr8_80379410_G_A_b38,chr8_80374940_T_C_b38,chr8_80379644_T_C_b38,chr8_80355001_G_A_b38,chr8_80388446_G_A_b38,chr8_80363600_A_G_b38,chr8_80383509_G_T_b38,chr8_80377390_G_T_b38,chr8_80366650_G_A_b38,chr8_80389777_T_TA_b38	TPD52,ZBTB10	o,eo
chr1_167455687_C_T_b38,chr1_167448647_C_T_b38,chr1_167451062_G_A_b38,chr1_167458010_C_T_b38,chr1_167467033_A_G_b38,chr1_167457187_G_A_b38,chr1_167451188_T_G_b38,chr1_167464183_A_G_b38,chr1_167463712_T_C_b38	CD247	o
chr5_132770006_T_C_b38	SEPT8	o
chr10_92624757_T_TTCTC_b38	KIF11	o
chr12_47810716_C_G_b38,chr12_47811575_C_T_b38,chr12_47792780_T_A_b38,chr12_47803199_G_A_b38,chr12_47809158_C_T_b38,chr12_47793818_C_T_b38,chr12_47802090_C_T_b38	HDAC7	o
chr2_102324851_G_A_b38,chr2_102392952_A_G_b38,chr2_102362568_C_T_b38,chr2_102316102_C_A_b38,chr2_102367819_T_C_b38,chr2_102265892_A_G_b38,chr2_102358876_T_G_b38,chr2_102337157_G_T_b38,chr2_102370999_T_A_b38,chr2_102319699_T_A_b38,chr2_102334362_A_C_b38,chr2_102344025_A_G_b38,chr2_102350089_A_G_b38,chr2_102309902_G_A_b38,chr2_102327786_T_G_b38,chr2_102349850_G_A_b38,chr2_102365573_G_T_b38,chr2_102322576_C_T_b38,chr2_102341256_C_T_b38,chr2_102354740_T_C_b38,chr2_102263004_C_A_b38,chr2_102332701_C_T_b38,chr2_102338622_G_A_b38,chr2_102297754_A_G_b38,chr2_102299506_A_AT_b38,chr2_102316052_G_T_b38,chr2_102351825_T_C_b38,chr2_102275879_G_A_b38,chr2_102368211_T_A_b38,chr2_102346612_A_T_b38,chr2_102369762_G_A_b38,chr2_102351384_C_A_b38,chr2_102343750_T_A_b38,chr2_102297182_A_AAAAC_b38	IL1RL1,IL18R1	so,seo
chr12_120926020_T_C_b38,chr12_120927628_G_A_b38,chr12_120925921_T_C_b38	SPPL3	o
chr1_198641406_A_G_b38,chr1_198632575_A_G_b38,chr1_198697103_A_G_b38,chr1_198654713_G_T_b38,chr1_198671359_C_T_b38	PTPRC	o
chr2_8319274_C_T_b38,chr2_8328080_G_T_b38,chr2_8309993_A_G_b38,chr2_8302118_G_A_b38,chr2_8303673_G_A_b38,chr2_8311368_A_G_b38,chr2_8301605_C_G_b38,chr2_8298563_C_T_b38,chr2_8317950_G_A_b38,chr2_8302417_G_A_b38	ID2	o
chr4_122084379_G_A_b38,chr4_122182953_A_AC_b38,chr4_122340375_A_C_b38,chr4_122481853_G_A_b38,chr4_122438414_A_G_b38,chr4_122263672_G_A_b38,chr4_122446734_C_A_b38,chr4_122432277_A_G_b38,chr4_122111201_T_C_b38,chr4_122499061_TAATAA_T_b38,chr4_122117140_C_A_b38,chr4_122295275_ACT_A_b38	KIAA1109,ADAD1	eo,so
chr15_60777222_A_G_b38,chr15_60777002_T_C_b38,chr15_60777789_C_T_b38,chr15_60755727_G_A_b38,chr15_60776978_T_C_b38,chr15_60776148_G_A_b38,chr15_60776505_G_A_b38,chr15_60757370_A_C_b38	RORA	o
chr3_196632439_G_A_b38	NRROS	o
chr5_110817642_C_A_b38,chr5_110807116_A_G_b38,chr5_110823145_A_G_b38,chr5_110812772_T_C_b38,chr5_110851355_G_A_b38,chr5_110822781_G_A_b38,chr5_110818610_T_C_b38,chr5_110825774_C_CA_b38	TMEM232	o
chr6_90276840_A_G_b38,chr6_90248783_G_A_b38,chr6_90275479_A_T_b38,chr6_90266890_G_A_b38,chr6_90271600_T_G_b38,chr6_90193089_A_T_b38,chr6_90263440_C_A_b38,chr6_90236760_T_C_b38,chr6_90170674_G_A_b38,chr6_90246690_A_G_b38,chr6_90303148_C_T_b38,chr6_90145610_G_A_b38,chr6_90253895_A_AT_b38,chr6_90301954_C_T_b38,chr6_90296024_G_T_b38,chr6_90267049_G_A_b38,chr6_90277793_C_G_b38,chr6_90220794_T_C_b38,chr6_90237621_GT_G_b38,chr6_90225664_A_G_b38,chr6_90276967_G_A_b38,chr6_90296508_G_A_b38	BACH2	o
chr6_121441087_T_C_b38	GJA1	o
chr7_22743871_AT_A_b38,chr7_22752699_A_C_b38,chr7_22740703_C_A_b38,chr7_22735831_G_A_b38	STEAP1B,IL6	o,o
chr9_6065524_G_A_b38,chr9_6051399_G_A_b38	KIAA2026	o
chr10_6051176_C_T_b38	IL2RA	o
chr10_9001441_G_A_b38,chr10_9012362_C_T_b38,chr10_9016708_G_A_b38,chr10_9020893_T_G_b38,chr10_8067700_C_CT_b38,chr10_8073399_C_A_b38,chr10_8062378_A_T_b38,chr10_9012824_G_A_b38,chr10_8062245_C_A_b38,chr10_8072425_A_G_b38,chr10_9012377_A_C_b38,chr10_9011169_C_T_b38,chr10_8060309_G_A_b38,chr10_8059464_A_C_b38	GATA3-AS1,GATA3	e,eo
chr12_94188701_T_C_b38,chr12_94190901_G_T_b38	PLXNC1	o
chr13_99377209_CA_C_b38,chr13_99333984_C_T_b38,chr13_99380092_A_G_b38,chr13_99389484_G_C_b38,chr13_99388725_G_A_b38	GPR18,UBAC2	e,so
chr14_68287978_G_A_b38,chr14_68293424_C_T_b38,chr14_68261708_C_T_b38,chr14_68276590_A_G_b38,chr14_68283210_G_A_b38,chr14_68286876_C_T_b38,chr14_68287700_T_C_b38,chr14_68285926_C_T_b38	RAD51B	o
chr14_68793871_C_T_b38,chr14_68805067_A_G_b38,chr14_68787474_C_T_b38,chr14_68794755_A_G_b38,chr14_68793846_G_C_b38	ZFP36L1	o
chr15_83878087_A_G_b38,chr15_83887871_G_A_b38	ADAMTSL3	o
chr17_12290126_GC_G_b38	MAP2K4	o
chr21_35080321_G_A_b38,chr21_35063733_T_C_b38,chr21_35085209_C_G_b38,chr21_35079942_TCCC_T_b38,chr21_35092334_C_G_b38,chr21_35105762_G_A_b38,chr21_35064754_C_T_b38,chr21_35130261_A_G_b38,chr21_35051694_C_T_b38,chr21_35078544_C_T_b38	RUNX1	o
chr6_33568856_C_T_b38,chr6_33549172_G_T_b38	BAK1	o
chr6_137643560_A_G_b38,chr6_137638098_T_C_b38,chr6_137652695_C_T_b38,chr6_137684378_A_G_b38,chr6_137685367_G_A_b38,chr6_137681038_C_G_b38	OLIG3	o
chr7_20386640_T_C_b38,chr7_20517671_T_C_b38,chr7_20378511_C_T_b38,chr7_20384300_G_GTCTGAACCAAGAT_b38,chr7_20504586_A_G_b38,chr7_20381439_G_A_b38,chr7_20403173_T_C_b38,chr7_20547220_A_G_b38,chr7_20372274_T_C_b38,chr7_20541037_G_A_b38	ITGB8,ABCB5	o,o
chr11_76570549_C_T_b38,chr11_76588605_C_A_b38,chr11_76582026_C_T_b38,chr11_76587581_G_GT_b38,chr11_76584554_G_A_b38,chr11_76537586_C_T_b38,chr11_76582761_G_C_b38,chr11_76590331_C_T_b38,chr11_76582682_G_T_b38,chr11_76580110_G_A_b38,chr11_76559639_A_G_b38,chr11_76588387_G_A_b38,chr11_76582483_G_T_b38,chr11_76585627_A_G_b38,chr11_76588150_G_T_b38,chr11_76591029_G_A_b38,chr11_76590272_C_T_b38,chr11_76582714_G_A_b38	EMSY,LRRC32	o,o
chr10_92682235_AG_A_b38,chr10_92693718_TA_T_b38,chr10_92672243_C_T_b38,chr10_92708886_T_C_b38,chr10_92669710_C_T_b38,chr10_92677094_T_C_b38,chr10_92670768_A_G_b38,chr10_92686284_G_A_b38,chr10_92690476_G_T_b38,chr10_92631682_CT_C_b38	HHEX	eo
chr11_36335707_G_A_b38,chr11_36354471_G_A_b38,chr11_36343703_G_T_b38,chr11_36322652_C_T_b38,chr11_36350207_T_C_b38	PRR5L	o
chr6_106112062_C_T_b38	PRDM1	o
chr16_27344528_G_A_b38,chr16_27332642_T_C_b38,chr16_27354132_C_G_b38,chr16_27360103_T_C_b38,chr16_27360218_C_T_b38,chr16_27358181_A_G_b38,chr16_27338117_T_C_b38,chr16_27327706_T_C_b38,chr16_27337847_C_T_b38	IL4R	so
