Chronic obstructive pulmonary disease	genes	source
chr11_102850214_G_A_b38		
chr12_115504414_T_C_b38,chr12_115510096_A_G_b38		
chr15_49692513_G_C_b38		
chr15_78617925_C_A_b38,chr15_78570420_G_A_b38,chr15_78615812_G_C_b38,chr15_78618256_C_CT_b38,chr15_78602417_C_G_b38,chr15_78607377_G_A_b38,chr15_78631503_T_G_b38,chr15_78617916_C_T_b38,chr15_78615690_A_G_b38,chr15_78604205_G_A_b38		
chr16_57988721_G_A_b38		
chr17_30086111_T_C_b38		
chr17_71159693_T_C_b38,chr17_71220546_T_C_b38,chr17_71205670_A_G_b38,chr17_71201992_G_A_b38,chr17_71189054_T_G_b38,chr17_71162219_A_G_b38,chr17_71156684_A_C_b38,chr17_71240064_C_G_b38,chr17_71153769_G_A_b38		
chr19_40796801_C_T_b38		
chr1_60501100_T_G_b38,chr1_60482453_T_C_b38,chr1_60447471_C_T_b38		
chr3_53233693_G_C_b38		
chr3_55124197_A_G_b38,chr3_55104036_T_C_b38		
chr4_144353887_A_G_b38,chr4_144399854_A_G_b38		
chr4_144542922_T_A_b38,chr4_144553321_A_G_b38,chr4_144585304_T_C_b38,chr4_144542079_G_A_b38,chr4_144539078_A_G_b38,chr4_144548816_G_T_b38,chr4_144564586_C_T_b38,chr4_144515172_T_C_b38,chr4_144567946_A_G_b38,chr4_144513592_A_G_b38,chr4_144564763_T_C_b38,chr4_144524627_A_T_b38		
chr6_139992581_A_G_b38,chr6_139959261_T_C_b38		
chr6_142240107_T_C_b38,chr6_142229945_G_A_b38,chr6_142239820_A_G_b38		
chr9_116651168_T_G_b38,chr9_116654452_G_A_b38,chr9_116639371_G_A_b38		
chr9_82511248_T_C_b38		
chr12_95848331_T_G_b38,chr12_95861926_T_C_b38,chr12_95877650_T_C_b38,chr12_95843792_T_C_b38	RP11-536G4.2,NTN4	s,s
chr16_28520867_T_G_b38,chr16_28544079_A_G_b38,chr16_28574806_T_C_b38,chr16_28620700_T_G_b38,chr16_28527319_A_G_b38,chr16_28582026_T_C_b38,chr16_28532060_G_A_b38,chr16_28479196_T_C_b38,chr16_28497126_A_G_b38,chr16_28528527_C_T_b38,chr16_28638330_C_A_b38	SULT1A1,SH2B1,CLN3,ATP2A1,NUPR1,EIF3C,RP11-1348G14.4,NPIPB7,NPIPB6,SBK1,IL27,SULT1A2,SGF29,ATXN2L,APOBR,TUFM	se,se,e,e,e,se,e,se,se,e,se,se,se,se,e,se
chr16_58041378_C_T_b38,chr16_58063696_G_C_b38	MMP15	seo
chr1_16980100_T_C_b38,chr1_16983223_C_T_b38,chr1_16980101_C_T_b38,chr1_16988930_G_A_b38,chr1_16979534_C_A_b38,chr1_16986248_C_T_b38,chr1_16980375_G_A_b38,chr1_16981759_T_C_b38,chr1_17001705_A_T_b38,chr1_16980180_C_G_b38	MFAP2,RP11-108M9.4,ATP13A2	eo,e,se
chr1_45480964_G_T_b38,chr1_45555123_T_C_b38,chr1_45554960_G_A_b38	TESK2,MMACHC,PRDX1,CCDC163,AKR1A1	e,e,s,e,se
chr17_45841730_A_G_b38,chr17_46265916_G_A_b38,chr17_46742199_C_T_b38,chr17_45753572_G_C_b38,chr17_45849924_G_A_b38,chr17_46779275_G_C_b38,chr17_45846834_C_G_b38,chr17_46110126_A_G_b38,chr17_46003698_A_G_b38,chr17_45641777_A_G_b38,chr17_46208165_G_A_b38,chr17_45988374_C_T_b38,chr17_45589126_C_T_b38,chr17_46006036_G_A_b38,chr17_45913906_A_G_b38,chr17_45846853_T_C_b38,chr17_46021601_G_A_b38,chr17_45496053_C_T_b38,chr17_46019187_G_A_b38,chr17_45707983_T_C_b38,chr17_45961419_A_G_b38,chr17_46206691_C_T_b38,chr17_45846317_A_G_b38,chr17_45794616_C_T_b38,chr17_45654353_A_C_b38,chr17_46765770_C_T_b38,chr17_45900461_C_T_b38,chr17_46005162_A_T_b38,chr17_46187826_AT_A_b38,chr17_45733694_T_G_b38,chr17_46779986_T_C_b38,chr17_46169258_C_A_b38,chr17_45963741_G_A_b38,chr17_45938080_A_G_b38,chr17_45948522_C_A_b38,chr17_45706224_G_A_b38,chr17_45749271_G_A_b38,chr17_45818666_C_T_b38,chr17_45989494_C_CA_b38,chr17_45834077_T_C_b38,chr17_45733530_C_T_b38,chr17_45914149_T_G_b38,chr17_45779273_C_G_b38,chr17_46115557_A_G_b38,chr17_45776556_G_A_b38,chr17_45733507_A_T_b38,chr17_46709946_C_T_b38,chr17_46211866_G_T_b38,chr17_45929235_T_C_b38,chr17_45681532_A_G_b38,chr17_45593574_A_G_b38,chr17_46278236_A_G_b38,chr17_45780623_T_G_b38,chr17_45846288_G_C_b38,chr17_46014622_T_C_b38,chr17_45887201_A_C_b38,chr17_45628235_A_G_b38,chr17_46049399_C_A_b38,chr17_46720553_C_T_b38,chr17_45974222_C_G_b38,chr17_45829462_G_A_b38,chr17_46115202_C_T_b38,chr17_45816350_C_T_b38,chr17_46262107_A_G_b38,chr17_46227518_C_T_b38,chr17_45862655_G_A_b38,chr17_45759587_A_C_b38,chr17_46109891_A_G_b38,chr17_46734822_C_T_b38,chr17_45841739_C_T_b38,chr17_46252739_A_G_b38,chr17_45979401_G_A_b38,chr17_45577102_C_T_b38,chr17_46709947_G_C_b38,chr17_46258269_G_A_b38,chr17_46018101_T_C_b38,chr17_45941033_A_G_b38,chr17_45677484_T_C_b38,chr17_45637484_G_A_b38,chr17_45767194_T_G_b38,chr17_45701314_T_A_b38,chr17_45663199_G_T_b38,chr17_46279985_T_C_b38,chr17_45825175_A_G_b38,chr17_46276362_T_G_b38,chr17_46751565_G_A_b38,chr17_46770468_T_G_b38,chr17_45608332_A_G_b38,chr17_46696417_A_G_b38,chr17_46782655_C_T_b38,chr17_46748690_C_G_b38,chr17_46085231_C_A_b38,chr17_46238437_A_C_b38,chr17_45847931_C_T_b38,chr17_45917282_C_T_b38,chr17_45771384_T_C_b38,chr17_46133076_C_T_b38,chr17_46270565_TTAACTCAGGCA_T_b38,chr17_45729768_T_C_b38,chr17_46115224_T_A_b38,chr17_46112492_G_A_b38,chr17_46115252_A_G_b38	NSF,LINC02210,RP11-293E1.1,KANSL1,FAM215B,ARL17A,MAPT,ARL17B,PLEKHM1,LRRC37A,LRRC37A4P,LRRC37A2,WNT3	seo,s,s,seo,e,e,seo,e,e,e,s,se,e
chr7_2756248_T_G_b38,chr7_2822908_C_A_b38,chr7_2762169_C_T_b38,chr7_2749278_T_C_b38,chr7_2756323_A_G_b38,chr7_2777821_G_T_b38,chr7_2712518_G_A_b38,chr7_2797214_T_G_b38,chr7_2720161_C_T_b38,chr7_2735908_G_C_b38,chr7_2772998_C_G_b38,chr7_2724982_C_CA_b38,chr7_2718304_C_T_b38,chr7_2719348_G_A_b38,chr7_2732797_A_C_b38,chr7_2750246_A_C_b38,chr7_2760887_A_G_b38,chr7_2719839_T_C_b38,chr7_2830351_T_C_b38,chr7_2723468_C_T_b38,chr7_2801530_G_A_b38,chr7_2820213_G_A_b38,chr7_2783352_T_A_b38,chr7_2771112_G_A_b38,chr7_2824952_G_T_b38,chr7_2762888_T_C_b38	GNA12,AMZ1	seo,eo
chr3_57884263_G_T_b38,chr3_57884236_T_C_b38,chr3_57760788_C_T_b38,chr3_57896874_C_T_b38,chr3_57893884_T_G_b38	SLMAP	se
chr4_74748153_G_A_b38,chr4_74751319_G_A_b38,chr4_74751046_A_C_b38	BTC	so
chr2_238409051_G_T_b38,chr2_238415569_C_T_b38,chr2_238407402_T_C_b38,chr2_238407919_G_C_b38	ASB1	seo
chr1_39594353_G_A_b38,chr1_39562508_A_G_b38,chr1_39552837_C_T_b38,chr1_39579628_A_C_b38,chr1_39571175_G_C_b38,chr1_39557105_C_G_b38,chr1_39570014_C_T_b38,chr1_39594801_G_A_b38,chr1_39529402_C_T_b38,chr1_39537738_C_T_b38,chr1_39599289_G_A_b38,chr1_39505256_C_A_b38,chr1_39503387_C_T_b38	PABPC4,PPIEL,BMP8A	seo,s,e
chr5_151214634_T_C_b38,chr5_151215512_A_G_b38	CCDC69	so
chr12_28167603_T_A_b38,chr12_28390218_C_G_b38,chr12_28416781_T_C_b38,chr12_28318386_G_A_b38,chr12_28380028_C_T_b38,chr12_28484182_G_A_b38,chr12_28200877_A_G_b38,chr12_28381482_G_C_b38,chr12_28209517_G_A_b38,chr12_28447311_C_T_b38	CCDC91	seo
chr15_83024761_T_C_b38	BTBD1	se
chr4_105599585_C_T_b38,chr4_105710713_A_G_b38,chr4_105854868_G_C_b38,chr4_105818436_G_T_b38,chr4_105845273_T_C_b38,chr4_105897896_G_A_b38,chr4_105886950_G_A_b38,chr4_105767747_A_G_b38,chr4_105893145_A_G_b38,chr4_105894827_TAGAGAC_T_b38,chr4_105907638_T_C_b38,chr4_105893931_T_C_b38,chr4_105697983_G_T_b38	ARHGEF38,GSTCD,INTS12,NPNT,RP11-45L9.1	o,e,se,seo,s
chr6_32179380_G_C_b38,chr6_31546470_A_G_b38,chr6_31204374_T_C_b38,chr6_31380588_G_A_b38,chr6_31466589_G_A_b38,chr6_31090563_C_A_b38,chr6_32183666_C_T_b38,chr6_31380742_A_G_b38,chr6_31385394_A_G_b38,chr6_31537703_A_G_b38,chr6_31378876_A_G_b38,chr6_31484059_T_C_b38,chr6_31481199_C_A_b38,chr6_31344549_T_G_b38,chr6_31466554_A_T_b38,chr6_31208169_A_C_b38,chr6_31497270_G_T_b38,chr6_30745803_T_C_b38,chr6_31385552_G_A_b38,chr6_31353490_A_C_b38,chr6_30726597_T_C_b38,chr6_31466844_A_G_b38,chr6_31349134_G_T_b38,chr6_31111867_G_A_b38,chr6_31508681_T_A_b38	HLA-L,STK19B,MSH5,CCHCR1,CLIC1,LINC00243,C4B,HLA-B,C4A,ATF6B,PSORS1C1,NOTCH4,SKIV2L,HLA-C,FLOT1,GPANK1,CYP21A2,AGER	s,s,e,e,e,e,e,s,se,e,s,s,e,s,se,e,se,o
chr1_239737706_G_C_b38	CHRM3,CHRM3-AS2	o,s
chr5_95694656_A_G_b38,chr5_95700996_C_T_b38	SPATA9	so
chr9_98899368_G_A_b38	COL15A1	eo
chr17_38678826_C_T_b38,chr17_38699598_T_G_b38,chr17_38730575_G_A_b38	CISD3	e
chr16_75429100_G_C_b38,chr16_75439257_G_A_b38,chr16_75381443_T_C_b38,chr16_75408246_T_C_b38,chr16_75285148_T_TCTGA_b38,chr16_75415023_C_T_b38,chr16_75356418_T_A_b38,chr16_75411340_G_T_b38,chr16_75292035_A_G_b38,chr16_75359454_T_G_b38,chr16_75410674_C_T_b38,chr16_75353635_G_C_b38,chr16_75433123_G_C_b38,chr16_75329010_C_T_b38,chr16_75429114_C_T_b38,chr16_75298143_A_G_b38,chr16_75280940_G_T_b38,chr16_75409285_T_A_b38,chr16_75472695_G_A_b38,chr16_75459381_C_A_b38,chr16_75377547_A_C_b38,chr16_75408245_T_G_b38,chr16_75398788_G_GC_b38,chr16_75428157_A_G_b38,chr16_75306333_A_T_b38	CFDP1,BCAR1,TMEM170A	e,e,e
chr2_228646213_T_C_b38,chr2_228637481_A_C_b38,chr2_228637787_C_T_b38,chr2_228705203_C_G_b38	LINC01807,SPHKAP	e,e
chr11_86733719_A_G_b38,chr11_86737797_T_C_b38,chr11_86731691_G_C_b38	CTD-2005H7.2,ME3,PRSS23,CTD-2005H7.1	e,o,o,e
chr2_9150228_C_T_b38,chr2_9154452_T_A_b38,chr2_9157461_G_A_b38,chr2_9159963_G_T_b38	ASAP2	eo
chr18_8808466_T_C_b38,chr18_8800725_T_C_b38,chr18_8801353_A_G_b38	MTCL1	eo
chr2_217810810_T_C_b38,chr2_217802649_T_C_b38,chr2_217804009_C_T_b38,chr2_217818431_A_G_b38	TNS1,DIRC3	o,e
chr10_12243736_A_T_b38,chr10_12236022_T_A_b38,chr10_12210218_G_A_b38,chr10_12236526_A_G_b38,chr10_12233948_G_A_b38,chr10_12235993_C_T_b38	CAMK1D,NUDT5,CDC123	e,e,o
chr15_78513681_T_C_b38,chr15_78581651_A_T_b38,chr15_78557437_C_T_b38,chr15_78559273_G_A_b38,chr15_78575140_A_C_b38,chr15_78613835_A_T_b38,chr15_78556692_T_C_b38,chr15_78593856_C_T_b38,chr15_78570111_C_A_b38,chr15_78603787_A_G_b38,chr15_78523715_G_T_b38,chr15_78606381_C_T_b38,chr15_78608771_C_T_b38,chr15_78533838_G_A_b38,chr15_78521704_G_A_b38,chr15_78525587_C_T_b38,chr15_78623522_G_A_b38,chr15_78608359_T_G_b38,chr15_78565644_C_G_b38,chr15_78601997_G_A_b38,chr15_78623530_C_A_b38,chr15_78606590_C_G_b38,chr15_78520813_G_A_b38,chr15_78618839_T_C_b38,chr15_78510527_C_T_b38,chr15_78565597_T_G_b38,chr15_78586199_G_A_b38,chr15_78608305_A_G_b38,chr15_78590583_G_A_b38	CHRNA3,PSMA4,CHRNA5,HYKK	eo,e,o,o
chr7_100032719_C_T_b38,chr7_100020229_G_C_b38	AZGP1	e
chr10_80458350_G_C_b38,chr10_80459208_T_C_b38	TSPAN14	eo
chr17_40062520_G_A_b38	MED24	e
chr10_103856724_A_T_b38,chr10_103903236_A_G_b38,chr10_103897116_G_A_b38,chr10_103891899_G_T_b38,chr10_103854694_G_T_b38	SH3PXD2A	eo
chr1_111195486_C_T_b38	DENND2D,CHI3L2	o,e
chr6_7562999_T_G_b38	DSP	eo
chr19_45790878_G_A_b38	DMWD	e
chr15_78497146_C_T_b38,chr15_78481929_C_T_b38	IREB2	e
chr8_8853988_C_T_b38,chr8_8840148_C_G_b38	RP11-211C9.1,MFHAS1	e,o
chr3_25486885_A_G_b38,chr3_25479091_C_A_b38	RARB	o
chr3_128242335_T_A_b38	EEFSEC	o
chr4_105227601_G_C_b38,chr4_105210053_C_T_b38,chr4_105223578_A_C_b38,chr4_105143469_T_TA_b38,chr4_105230485_G_A_b38,chr4_105140377_C_A_b38,chr4_105215876_G_A_b38,chr4_105212027_C_T_b38	TET2	o
chr6_108946847_C_T_b38,chr6_108945052_T_C_b38,chr6_108949453_G_A_b38	ARMC2	o
chr10_79946568_A_G_b38	SFTPD	o
chr19_40833991_T_C_b38,chr19_40835078_T_C_b38	AC008537.1	o
chr5_52899203_G_A_b38	ITGA1	o
chr5_72848178_C_T_b38,chr5_72661491_G_A_b38	TNPO1	o
chr13_44268367_G_A_b38	SMIM2,SERP2	o,o
chr6_7211585_G_A_b38,chr6_7205563_G_A_b38	RREB1	o
chr10_76555466_G_A_b38,chr10_76559121_A_C_b38	LRMDA	o
chr22_32939401_C_G_b38	SYN3	o
chr6_19843536_C_A_b38,chr6_19842430_C_T_b38	ID4	o
chr1_218436360_A_G_b38,chr1_218451191_T_C_b38,chr1_218442109_A_C_b38,chr1_218458110_C_G_b38,chr1_218524685_C_T_b38,chr1_218444558_C_T_b38,chr1_218461445_A_G_b38,chr1_218515813_T_C_b38,chr1_218423702_G_A_b38,chr1_218431336_G_A_b38,chr1_218423955_C_G_b38,chr1_218418281_G_A_b38,chr1_218425127_A_T_b38,chr1_218432267_G_A_b38,chr1_218442672_C_T_b38	TGFB2	o
chr1_219752998_C_T_b38,chr1_219751552_T_A_b38	SLC30A10	o
chr2_15766055_C_T_b38,chr2_15766730_T_C_b38	MYCN	o
chr2_156227185_G_A_b38,chr2_156159745_C_T_b38,chr2_156142512_C_A_b38,chr2_156156523_C_T_b38,chr2_156189920_T_C_b38,chr2_156140933_C_G_b38,chr2_156220381_C_G_b38	NR4A2	o
chr2_238943036_A_C_b38,chr2_238951008_C_T_b38,chr2_238959613_C_G_b38,chr2_238956042_G_A_b38,chr2_238955452_C_T_b38	TWIST2	o
chr3_11599127_G_A_b38	VGLL4	o
chr3_29390074_A_G_b38,chr3_29428184_T_G_b38,chr3_29430921_G_C_b38	AC098650.1	o
chr3_169028357_G_A_b38	MECOM	o
chr4_88951025_G_A_b38,chr4_88948181_T_C_b38,chr4_88949813_C_T_b38,chr4_88962828_C_T_b38,chr4_88954758_C_T_b38,chr4_88951941_A_G_b38,chr4_88962667_G_A_b38,chr4_88947927_C_T_b38,chr4_88945562_T_C_b38	FAM13A	o
chr5_133103318_T_A_b38,chr5_133108035_C_T_b38,chr5_133046580_C_T_b38,chr5_133103318_T_C_b38,chr5_133076607_A_G_b38,chr5_133110068_A_G_b38,chr5_133108609_T_C_b38,chr5_133106571_T_C_b38	HSPA4	eo
chr5_148476829_A_G_b38,chr5_148476770_G_A_b38,chr5_148475407_C_T_b38,chr5_148476959_G_A_b38,chr5_148467144_A_G_b38,chr5_148457317_C_T_b38,chr5_148462790_T_C_b38,chr5_148466252_A_C_b38	HTR4	o
chr5_171474582_A_T_b38,chr5_171474459_T_G_b38	FGF18	o
chr6_22004680_C_T_b38	PRL	o
chr6_116935855_T_C_b38,chr6_116939616_G_A_b38,chr6_116936036_C_T_b38,chr6_116888889_T_C_b38,chr6_116938539_T_C_b38	RFX6	o
chr7_20386640_T_C_b38,chr7_20378511_C_T_b38,chr7_20384300_G_GTCTGAACCAAGAT_b38,chr7_20381439_G_A_b38,chr7_20372274_T_C_b38	ITGB8	o
chr9_4145340_G_A_b38,chr9_4144203_C_G_b38,chr9_4144387_G_C_b38,chr9_4144772_C_T_b38,chr9_4143749_A_T_b38,chr9_4140608_C_T_b38	GLIS3	o
chr11_13149238_G_T_b38,chr11_13149689_C_T_b38	ARNTL	o
chr14_92611266_T_C_b38,chr14_92639608_G_C_b38,chr14_92636964_C_T_b38,chr14_92631994_G_C_b38,chr14_92651884_C_T_b38,chr14_92644775_C_T_b38,chr14_92646579_G_A_b38,chr14_92603941_C_T_b38,chr14_92649065_G_C_b38,chr14_92648442_G_A_b38,chr14_92637384_G_A_b38,chr14_92605972_C_G_b38,chr14_92603644_T_C_b38,chr14_92635906_C_T_b38	RIN3	o
chr21_34289445_A_C_b38,chr21_34336281_C_T_b38,chr21_34311960_T_A_b38	KCNE2	o
chr22_18006117_G_C_b38	MICAL3	o
chr15_71373485_T_C_b38,chr15_71320175_T_G_b38,chr15_71352781_G_A_b38,chr15_71329185_G_A_b38,chr15_71363396_C_T_b38,chr15_71314327_C_A_b38,chr15_71336031_T_A_b38,chr15_71314041_G_A_b38,chr15_71404547_A_G_b38	THSD4	eo
chr14_93044034_T_C_b38,chr14_93034681_A_G_b38,chr14_93045296_G_A_b38,chr14_93050053_T_G_b38,chr14_93050120_T_C_b38,chr14_93037041_T_C_b38	ITPK1	o
chr12_95160995_C_T_b38,chr12_95147426_C_T_b38,chr12_95144245_C_A_b38	FGD6	o
chr8_9158972_C_G_b38,chr8_9161080_T_G_b38	PPP1R3B	o
chr15_83643816_G_A_b38,chr15_83724155_G_A_b38,chr15_83753754_C_G_b38,chr15_83847191_C_G_b38	ADAMTSL3	o
chr6_142403781_C_T_b38,chr6_142517036_C_T_b38,chr6_142442936_A_C_b38,chr6_142347764_T_C_b38,chr6_142358435_G_A_b38,chr6_142334664_T_A_b38,chr6_142367832_A_G_b38,chr6_142395149_G_T_b38,chr6_142416367_G_A_b38,chr6_142542751_T_C_b38,chr6_142385996_T_G_b38,chr6_142380021_A_G_b38,chr6_142476152_G_A_b38,chr6_142345724_T_C_b38,chr6_142472884_C_A_b38,chr6_142332761_A_G_b38,chr6_142431458_G_A_b38,chr6_142493854_C_T_b38,chr6_142413067_T_C_b38,chr6_142334353_A_C_b38,chr6_142382532_C_T_b38,chr6_142446496_A_G_b38	ADGRG6	eo
chr5_157499434_T_C_b38,chr5_157521310_T_G_b38,chr5_157510035_A_G_b38,chr5_157505368_A_C_b38,chr5_157517191_C_A_b38,chr5_157501815_G_A_b38,chr5_157575687_C_T_b38,chr5_157508516_C_T_b38	ADAM19	seo
chr12_91057785_CTG_C_b38	LUM	o
chr8_3036858_G_A_b38	CSMD1	o
