Lung function	genes	source
chr10_100687890_C_A_b38		
chr10_102632823_C_T_b38		
chr10_113426438_G_T_b38,chr10_113432723_A_G_b38		
chr10_121321538_T_C_b38		
chr10_123290618_C_T_b38		
chr10_13698314_T_C_b38		
chr10_21541175_A_G_b38,chr10_21626690_T_A_b38,chr10_21530895_G_A_b38,chr10_21494705_G_A_b38,chr10_21508343_T_C_b38,chr10_21532345_G_A_b38,chr10_21560840_G_A_b38,chr10_21517903_A_C_b38,chr10_21619874_T_C_b38,chr10_21622728_G_A_b38,chr10_21533927_A_G_b38,chr10_21532989_A_T_b38		
chr10_31765476_T_G_b38		
chr10_4291232_G_A_b38		
chr10_63327708_C_G_b38,chr10_63414817_G_C_b38		
chr10_88067236_T_C_b38,chr10_88062964_G_T_b38		
chr10_94374928_G_A_b38		
chr11_116834800_G_A_b38,chr11_116840252_A_G_b38		
chr11_121762102_G_C_b38,chr11_121713865_T_A_b38,chr11_121764755_G_A_b38,chr11_121763626_G_T_b38,chr11_121704150_G_A_b38,chr11_121717175_C_T_b38		
chr11_126139015_G_A_b38		
chr11_126177530_A_G_b38		
chr11_128126009_C_T_b38		
chr11_28742102_A_G_b38,chr11_28734874_C_G_b38		
chr11_66416330_G_A_b38,chr11_66417046_A_G_b38		
chr11_66874932_G_A_b38		
chr11_67097672_C_A_b38		
chr11_96017012_C_T_b38		
chr11_9992916_G_A_b38		
chr12_102348465_C_A_b38		
chr12_114495100_G_T_b38		
chr12_114935504_T_G_b38,chr12_114928377_T_C_b38,chr12_114936131_A_T_b38		
chr12_123399523_A_G_b38		
chr12_12432447_C_G_b38		
chr12_1404360_A_T_b38		
chr12_19798324_G_A_b38		
chr12_28801024_T_C_b38,chr12_28702883_T_C_b38		
chr12_48099591_G_A_b38		
chr12_60592669_A_C_b38,chr12_60524706_A_T_b38		
chr12_66015587_C_A_b38		
chr12_70038120_A_G_b38		
chr12_83699891_T_C_b38,chr12_83740041_C_T_b38,chr12_83670001_GTA_G_b38,chr12_83706429_T_C_b38		
chr13_109256056_C_T_b38		
chr13_73034570_A_G_b38		
chr13_79893100_C_T_b38		
chr14_104817536_A_G_b38		
chr14_27210546_A_G_b38,chr14_27191653_T_A_b38		
chr14_36259325_G_A_b38		
chr14_60693809_G_A_b38		
chr14_83871856_A_G_b38,chr14_83872087_A_G_b38		
chr14_93842954_G_A_b38		
chr15_39065508_A_G_b38		
chr15_46430237_T_C_b38		
chr15_49413948_A_T_b38		
chr15_73457282_A_C_b38		
chr15_82839526_A_T_b38,chr15_82839016_G_A_b38,chr15_82845847_A_G_b38		
chr15_82860091_T_C_b38		
chr15_95728366_C_T_b38		
chr16_10612471_G_A_b38		
chr16_50155018_G_A_b38		
chr16_52184240_A_G_b38		
chr16_67526710_T_C_b38,chr16_67424348_A_C_b38,chr16_67439486_G_A_b38		
chr16_71936042_T_C_b38		
chr16_86952425_G_A_b38		
chr17_12363785_C_T_b38		
chr17_1240401_C_T_b38		
chr17_1488503_C_T_b38		
chr17_2062958_A_G_b38		
chr17_2222156_A_C_b38,chr17_2185675_T_G_b38,chr17_2124812_A_G_b38,chr17_2274190_C_G_b38,chr17_2123123_GA_G_b38,chr17_2246211_T_C_b38,chr17_2145419_C_T_b38,chr17_2165638_C_A_b38,chr17_2249963_G_C_b38,chr17_2150626_C_T_b38,chr17_2299873_T_G_b38,chr17_2161408_A_T_b38,chr17_2266922_C_T_b38		
chr17_38759287_T_C_b38		
chr17_39475835_A_G_b38,chr17_39279125_T_C_b38,chr17_39387196_T_G_b38,chr17_39583908_T_C_b38,chr17_39455099_C_T_b38		
chr17_49404012_T_C_b38		
chr17_49830279_T_C_b38		
chr17_61184679_C_T_b38,chr17_61161860_A_G_b38,chr17_61195904_G_A_b38,chr17_61205147_T_C_b38,chr17_61165553_T_G_b38,chr17_61159652_A_C_b38,chr17_61209283_G_C_b38,chr17_61166740_A_C_b38,chr17_61164407_A_C_b38,chr17_61208902_G_A_b38		
chr17_71159693_T_C_b38,chr17_71220546_T_C_b38,chr17_71205670_A_G_b38,chr17_71201992_G_A_b38,chr17_71189054_T_G_b38,chr17_71162219_A_G_b38,chr17_71156684_A_C_b38,chr17_71240064_C_G_b38,chr17_71153769_G_A_b38		
chr17_71375177_C_T_b38,chr17_71390283_G_A_b38		
chr17_71793866_G_A_b38		
chr17_79182300_C_T_b38		
chr18_10078074_G_A_b38		
chr18_22227108_T_G_b38,chr18_22236749_A_T_b38		
chr18_22643732_C_A_b38,chr18_22684222_G_A_b38,chr18_22654373_G_A_b38,chr18_22568568_C_T_b38		
chr18_24710747_T_C_b38		
chr18_24797603_C_A_b38		
chr18_40502014_CT_C_b38,chr18_40518542_C_T_b38,chr18_40495138_A_T_b38		
chr18_48983935_G_A_b38		
chr18_56380190_A_C_b38		
chr18_60068713_T_C_b38,chr18_60067625_C_T_b38,chr18_60079983_G_T_b38		
chr19_10261634_A_G_b38,chr19_10259457_G_A_b38		
chr19_15326417_G_A_b38,chr19_15296522_G_A_b38		
chr19_3468505_T_C_b38		
chr19_37676721_T_C_b38		
chr19_40786499_A_G_b38		
chr1_149914583_C_A_b38		
chr1_149938875_T_C_b38,chr1_149966973_T_C_b38		
chr1_154881501_G_C_b38		
chr1_164398568_T_C_b38		
chr1_199167068_A_C_b38		
chr1_22175135_T_C_b38,chr1_22175650_T_TG_b38		
chr1_22208058_G_C_b38		
chr1_227969662_G_A_b38		
chr1_229124896_A_C_b38		
chr1_237778481_T_G_b38		
chr1_26508469_G_A_b38,chr1_26470431_G_C_b38,chr1_26428384_A_AC_b38,chr1_26492562_GGTT_G_b38,chr1_26476939_T_C_b38,chr1_26533204_T_C_b38		
chr1_48697276_C_A_b38		
chr1_50525801_C_G_b38,chr1_50777702_G_C_b38,chr1_50519290_C_T_b38,chr1_50550931_G_A_b38,chr1_51011971_T_A_b38		
chr1_55636149_G_A_b38		
chr1_60501100_T_G_b38,chr1_60482453_T_C_b38,chr1_60447471_C_T_b38		
chr1_77921585_C_T_b38		
chr1_82751708_T_C_b38		
chr1_91609577_A_G_b38,chr1_91603410_A_G_b38,chr1_91611540_G_A_b38,chr1_91614502_A_G_b38,chr1_91611852_A_G_b38		
chr1_91641080_A_C_b38		
chr1_91920018_C_T_b38,chr1_91908960_C_T_b38,chr1_91915926_A_G_b38,chr1_91919220_C_T_b38		
chr20_32454373_C_T_b38		
chr20_32622146_C_T_b38		
chr20_4078510_G_A_b38		
chr20_7205312_C_T_b38,chr20_7165068_C_T_b38		
chr21_16749208_T_C_b38,chr21_16743773_A_G_b38		
chr22_27225190_G_A_b38		
chr22_30202527_T_G_b38,chr22_30122513_A_T_b38,chr22_30041669_C_G_b38		
chr22_32610377_T_C_b38		
chr22_45641168_A_G_b38		
chr2_133847265_C_T_b38		
chr2_136029832_C_T_b38		
chr2_136051463_A_T_b38,chr2_136051379_C_T_b38,chr2_136064308_GC_G_b38,chr2_136049389_C_G_b38		
chr2_145039900_C_T_b38,chr2_145040262_G_T_b38,chr2_145029026_C_T_b38,chr2_145035889_C_T_b38,chr2_145016818_G_A_b38,chr2_144997882_G_C_b38		
chr2_146119354_C_T_b38,chr2_146124847_T_G_b38,chr2_146131140_G_A_b38		
chr2_146289024_A_G_b38		
chr2_150200243_A_G_b38		
chr2_151557690_A_G_b38,chr2_151565423_A_G_b38,chr2_151566945_T_A_b38,chr2_151558881_C_T_b38		
chr2_175545697_C_T_b38		
chr2_178395655_A_G_b38		
chr2_18396592_T_A_b38		
chr2_18419011_G_C_b38,chr2_18413243_A_T_b38,chr2_18388758_C_A_b38		
chr2_238696329_T_G_b38		
chr2_238716955_A_T_b38		
chr2_43224818_G_A_b38,chr2_43445369_T_G_b38,chr2_43471614_G_A_b38,chr2_43534973_G_A_b38,chr2_43550825_C_T_b38,chr2_43226582_G_A_b38,chr2_43237679_G_A_b38		
chr2_44246834_G_T_b38		
chr2_417167_T_C_b38,chr2_466003_G_A_b38,chr2_422144_T_C_b38		
chr2_52501410_A_C_b38		
chr2_59563217_C_T_b38		
chr2_65669031_T_A_b38		
chr2_65863825_C_G_b38,chr2_65846418_G_A_b38		
chr2_66926540_T_C_b38		
chr2_66967505_G_C_b38,chr2_66851487_G_T_b38		
chr2_70034525_T_C_b38		
chr2_80420752_A_G_b38		
chr3_118540423_G_A_b38		
chr3_12446785_G_A_b38		
chr3_157892013_G_A_b38		
chr3_158509097_A_G_b38		
chr3_158460535_G_A_b38,chr3_158494230_G_A_b38,chr3_158523978_A_C_b38		
chr3_158470614_A_T_b38,chr3_158564670_C_T_b38		
chr3_34435678_G_A_b38		
chr3_53678883_T_G_b38		
chr3_55116650_A_G_b38		
chr3_55118292_A_G_b38		
chr3_55124197_A_G_b38,chr3_55104036_T_C_b38		
chr3_55784221_A_G_b38		
chr3_71591625_A_G_b38,chr3_71628830_C_A_b38,chr3_71617912_G_A_b38,chr3_71599717_T_A_b38,chr3_71626272_G_A_b38		
chr3_99087938_A_T_b38,chr3_99096796_T_C_b38		
chr3_99103206_G_T_b38		
chr3_99127026_C_G_b38		
chr4_108429724_T_C_b38		
chr4_124209285_A_G_b38,chr4_124320592_T_C_b38		
chr4_12919478_T_C_b38		
chr4_13216825_A_AC_b38,chr4_13207179_T_G_b38,chr4_13259081_T_C_b38,chr4_13184258_G_A_b38,chr4_13232501_C_T_b38		
chr4_144217533_T_C_b38		
chr4_144409640_C_T_b38,chr4_144409476_G_A_b38,chr4_144340847_A_G_b38,chr4_144350802_T_A_b38		
chr4_144549452_T_C_b38,chr4_144551492_A_G_b38,chr4_144547693_G_T_b38,chr4_144521212_G_A_b38,chr4_144515929_C_A_b38		
chr4_144542922_T_A_b38,chr4_144524627_A_T_b38,chr4_144553321_A_G_b38,chr4_144585304_T_C_b38,chr4_144542079_G_A_b38,chr4_144548816_G_T_b38,chr4_144564586_C_T_b38,chr4_144515172_T_C_b38,chr4_144567946_A_G_b38,chr4_144513592_A_G_b38,chr4_144564763_T_C_b38,chr4_144539078_A_G_b38		
chr4_144819746_T_C_b38,chr4_145252888_C_A_b38		
chr4_149031524_A_C_b38		
chr4_17060646_T_C_b38		
chr4_18291799_C_T_b38		
chr4_52929445_A_T_b38		
chr4_53785811_A_C_b38		
chr4_63080294_A_G_b38		
chr4_6727554_G_A_b38		
chr5_111619714_C_T_b38		
chr5_113075337_G_A_b38		
chr5_121755128_G_A_b38		
chr5_122091288_G_C_b38		
chr5_132101839_G_A_b38		
chr5_132452642_A_C_b38,chr5_132463934_T_C_b38,chr5_132472976_A_G_b38		
chr5_134487387_A_G_b38		
chr5_140937818_A_T_b38		
chr5_157694053_G_A_b38		
chr5_27636685_T_G_b38		
chr5_30913396_C_T_b38		
chr5_43484155_C_T_b38		
chr5_43515178_A_C_b38		
chr5_43976060_A_G_b38		
chr5_52060521_C_T_b38		
chr5_52978271_C_A_b38		
chr5_54868543_G_A_b38		
chr5_57774706_A_G_b38		
chr5_68748073_C_T_b38		
chr5_93227232_A_G_b38,chr5_93210531_T_G_b38,chr5_93201630_G_A_b38,chr5_93183681_G_A_b38,chr5_93213449_T_C_b38		
chr6_126470949_A_G_b38		
chr6_126499415_T_G_b38,chr6_126481452_A_G_b38		
chr6_126645162_T_C_b38,chr6_126541409_TTG_T_b38,chr6_126544987_C_A_b38,chr6_126622474_G_C_b38,chr6_126552945_A_G_b38,chr6_126544738_T_C_b38,chr6_126669246_T_G_b38,chr6_126530014_C_T_b38		
chr6_142240107_T_C_b38,chr6_142229945_G_A_b38,chr6_142239820_A_G_b38		
chr6_22056694_A_C_b38		
chr6_31600692_G_A_b38		
chr6_33747546_G_A_b38		
chr6_44479861_G_A_b38		
chr6_45655011_T_A_b38		
chr6_4571425_T_C_b38		
chr6_56022442_G_T_b38		
chr6_56471608_A_G_b38		
chr6_67153889_T_C_b38		
chr6_6857407_A_G_b38,chr6_6854256_G_A_b38		
chr6_97864267_T_G_b38,chr6_97897977_T_A_b38,chr6_97884061_A_C_b38,chr6_97871287_TTTG_T_b38,chr6_97865347_C_G_b38,chr6_97862608_C_T_b38		
chr7_148948212_G_T_b38,chr7_148950668_A_AG_b38,chr7_148939329_C_G_b38		
chr7_151090801_G_A_b38		
chr7_156334552_G_A_b38		
chr7_17728653_T_C_b38		
chr7_25844482_G_T_b38,chr7_25831489_C_T_b38,chr7_25817905_T_C_b38,chr7_25854612_G_A_b38,chr7_25850077_G_A_b38,chr7_25818994_C_A_b38		
chr7_26741207_T_C_b38		
chr7_27142710_T_G_b38		
chr7_28784075_G_A_b38		
chr7_46408920_T_C_b38		
chr7_46382996_G_A_b38,chr7_46446365_T_C_b38		
chr7_84766127_C_T_b38		
chr8_116599223_G_T_b38		
chr8_125372702_T_C_b38		
chr8_128371429_A_T_b38		
chr8_129016354_G_A_b38		
chr8_129105962_G_A_b38,chr8_129118358_A_C_b38		
chr8_22162746_G_A_b38		
chr8_32543110_T_C_b38		
chr8_48474703_C_T_b38,chr8_48506001_T_C_b38,chr8_48473470_C_T_b38,chr8_48463007_T_C_b38,chr8_48478923_T_C_b38		
chr8_59938961_TAAG_T_b38,chr8_59935098_G_A_b38		
chr8_63808136_A_G_b38,chr8_63790785_C_T_b38,chr8_63808178_T_C_b38,chr8_63789828_A_T_b38,chr8_63803912_A_G_b38		
chr9_108161935_A_G_b38		
chr9_115518401_C_G_b38		
chr9_116471779_C_T_b38		
chr9_116648477_C_T_b38,chr9_116597093_T_TA_b38,chr9_116622656_T_C_b38		
chr9_126755162_C_A_b38		
chr9_13590180_C_T_b38,chr9_13593424_C_T_b38		
chr9_1555835_A_T_b38		
chr9_1568941_T_C_b38,chr9_1568548_G_C_b38		
chr9_1574877_C_G_b38		
chr9_1602449_T_C_b38,chr9_1604962_C_T_b38		
chr9_2339739_A_G_b38		
chr9_29153471_C_T_b38		
chr9_8105018_T_A_b38		
chr9_81140293_T_C_b38,chr9_81140085_C_A_b38		
chr9_86478144_A_AT_b38,chr9_86474561_C_T_b38,chr9_86474177_A_G_b38,chr9_86471363_T_A_b38,chr9_86467173_AAAT_A_b38,chr9_86501713_G_C_b38		
chr9_99255866_A_G_b38		
chr11_306920_T_A_b38,chr11_305619_T_C_b38,chr11_307696_T_C_b38	IFITM2,IFITM1,IFITM3	seo,se,e
chr12_108635557_G_A_b38	CORO1C	so
chr12_123738140_C_G_b38	ATP6V0A2,TCTN2	se,se
chr12_56023144_A_C_b38,chr12_56002984_G_C_b38,chr12_56088396_T_G_b38,chr12_55981353_C_G_b38,chr12_56051582_G_A_b38,chr12_56061510_C_T_b38,chr12_56055651_G_A_b38,chr12_56018703_T_G_b38,chr12_56052982_C_T_b38,chr12_56080696_A_G_b38,chr12_56034024_C_T_b38,chr12_55975722_A_G_b38,chr12_56080595_T_C_b38,chr12_55996580_C_G_b38,chr12_55996852_A_G_b38,chr12_56009793_C_T_b38,chr12_56050848_C_T_b38,chr12_56041628_G_A_b38	SUOX,RAB5B	se,se
chr13_49266755_C_A_b38	CDADC1	seo
chr14_22933962_T_G_b38,chr14_22918376_A_G_b38,chr14_22960520_T_G_b38,chr14_22939628_C_G_b38,chr14_22982919_C_G_b38,chr14_22912204_A_G_b38,chr14_22934519_A_G_b38,chr14_22905226_G_A_b38,chr14_22936011_A_G_b38,chr14_22970346_T_C_b38,chr14_22907469_T_C_b38,chr14_22912771_C_T_b38,chr14_22989248_T_C_b38,chr14_22933984_A_C_b38	RBM23,AJUBA,PRMT5,HAUS4	se,se,e,se
chr15_41810087_G_A_b38,chr15_41850714_G_A_b38,chr15_41808476_G_A_b38	PLA2G4B,MAPKBP1,JMJD7	se,e,e
chr16_30932667_C_T_b38,chr16_30993491_T_C_b38,chr16_30991343_A_G_b38,chr16_30976059_GT_G_b38,chr16_30931304_G_A_b38,chr16_30989488_G_A_b38,chr16_31038712_C_T_b38,chr16_30959620_T_C_b38,chr16_31009757_C_T_b38,chr16_30995651_C_T_b38,chr16_30987821_A_G_b38,chr16_31083930_G_C_b38,chr16_31043286_C_T_b38,chr16_31079888_T_C_b38,chr16_30972891_G_A_b38,chr16_30958236_G_C_b38,chr16_31019023_C_A_b38,chr16_30903305_T_C_b38	RP11-1072A3.4,ZNF646,RP11-196G11.2,STX4,STX1B,VKORC1,PRSS53,ZNF668,HSD3B7	e,se,e,se,e,e,se,e,e
chr17_48506654_T_C_b38	HOXB3,HOXB1,HOXB-AS1,HOXB2	e,eo,s,e
chr17_81648542_A_G_b38,chr17_81645371_A_G_b38,chr17_81559795_C_T_b38,chr17_81590017_C_A_b38,chr17_81597904_C_G_b38,chr17_81644245_A_G_b38,chr17_81563967_G_T_b38,chr17_81639794_T_C_b38,chr17_81582224_G_A_b38,chr17_81605227_G_A_b38,chr17_81587245_G_A_b38,chr17_81644300_G_A_b38	NPLOC4,TSPAN10	se,e
chr18_268992_C_A_b38,chr18_248481_T_A_b38	ROCK1P1,USP14	s,seo
chr18_23155444_T_C_b38,chr18_23128008_G_GT_b38,chr18_23147647_C_T_b38,chr18_23128357_G_A_b38,chr18_23166764_G_C_b38,chr18_23144846_G_A_b38,chr18_23148194_A_T_b38,chr18_23149750_A_C_b38,chr18_23144364_G_A_b38,chr18_23151966_A_G_b38,chr18_23148085_A_G_b38,chr18_23127658_A_G_b38,chr18_23155497_T_G_b38,chr18_23146767_G_A_b38	CABLES1	so
chr1_111194776_G_A_b38,chr1_111191102_G_C_b38,chr1_111190089_G_A_b38,chr1_111193972_C_T_b38	DENND2D,CHI3L2,DRAM2,CEPT1	seo,e,e,e
chr1_161551141_C_T_b38,chr1_161522385_C_G_b38	FCGR2C,FCGR2A	s,e
chr1_224449679_A_G_b38,chr1_224426923_C_T_b38,chr1_224423205_T_C_b38,chr1_224372234_C_T_b38,chr1_224457183_G_A_b38,chr1_224382723_C_T_b38	CNIH3,CNIH4,WDR26	seo,se,se
chr1_31627960_C_T_b38	COL16A1,PEF1,HCRTR1	se,e,eo
chr1_37586844_C_T_b38	SNIP1,RSPO1,DNALI1,GNL2	se,e,e,e
chr1_45480964_G_T_b38,chr1_45555123_T_C_b38,chr1_45554960_G_A_b38	TESK2,MMACHC,PRDX1,CCDC163,AKR1A1	e,e,s,e,se
chr1_47219005_T_G_b38,chr1_47224766_G_T_b38,chr1_47204853_T_C_b38,chr1_47216345_T_G_b38,chr1_47205239_T_C_b38,chr1_47236557_G_A_b38,chr1_47216089_G_A_b38,chr1_47225896_GCAGA_G_b38,chr1_47227548_A_G_b38	TAL1	seo
chr1_77926761_G_A_b38,chr1_77865541_C_T_b38	NEXN,GIPC2,ZZZ3,DNAJB4	o,e,e,se
chr1_8108201_T_A_b38,chr1_7962137_G_T_b38,chr1_7991181_A_G_b38,chr1_8108857_T_A_b38,chr1_8090578_T_C_b38,chr1_8094061_TG_T_b38,chr1_8020747_A_G_b38,chr1_7961913_G_T_b38	PARK7	seo
chr20_26333041_C_T_b38	FRG1CP	s
chr20_48910260_GC_G_b38,chr20_49225123_G_T_b38,chr20_49155727_A_T_b38,chr20_49134051_T_C_b38,chr20_49186764_A_C_b38,chr20_49084487_A_G_b38,chr20_49201278_G_A_b38,chr20_49145712_G_C_b38,chr20_48927097_A_C_b38,chr20_49130437_T_C_b38,chr20_48907252_C_T_b38	ZFAS1,ZNFX1,ARFGEF2,STAU1	s,s,e,s
chr21_45517066_A_G_b38	SLC19A1,COL18A1	seo,se
chr2_176156673_G_A_b38	HAGLR,HOXD4,HAGLROS,HOXD3	s,s,se,e
chr2_178761353_T_A_b38	TTN,TTN-AS1	o,s
chr2_241297557_T_C_b38,chr2_241325858_C_T_b38	SEPT2,HDLBP	s,e
chr2_61548229_T_C_b38,chr2_61242991_C_T_b38,chr2_61325010_C_G_b38,chr2_61541286_A_C_b38,chr2_61541610_G_A_b38,chr2_61210352_T_C_b38	XPO1,RP11-493E12.1	s,s
chr3_134596249_C_A_b38,chr3_134472461_C_A_b38,chr3_134612624_A_T_b38,chr3_134640105_C_T_b38,chr3_134473096_C_T_b38,chr3_134484505_C_T_b38	CEP63,ANAPC13,KY	se,se,e
chr3_138359356_T_C_b38,chr3_138334345_A_G_b38,chr3_138339061_C_T_b38,chr3_138336294_C_T_b38,chr3_138386212_G_A_b38,chr3_138372347_A_G_b38	MRAS	seo
chr3_183603618_A_C_b38	KLHL24	s
chr3_9933702_C_G_b38	IL17RC,CRELD1,PRRT3,JAGN1	e,se,e,e
chr5_132340627_C_T_b38,chr5_132287665_A_G_b38,chr5_132316836_A_C_b38,chr5_132302631_T_A_b38,chr5_132341354_G_T_b38,chr5_132350453_G_A_b38,chr5_132371737_G_A_b38,chr5_132228943_C_T_b38,chr5_132374707_A_C_b38,chr5_132250905_C_A_b38,chr5_132358384_T_C_b38,chr5_132369766_C_G_b38,chr5_132269978_A_ATG_b38,chr5_132373185_T_C_b38	PDLIM4,SLC22A4,P4HA2,IRF1,SLC22A5	seo,so,seo,e,seo
chr6_32179380_G_C_b38,chr6_32183666_C_T_b38	C4B,NOTCH4,AGER	e,s,o
chr7_100095370_G_T_b38	CNPY4,ZSCAN21	e,se
chr8_140848521_T_C_b38,chr8_141006285_A_C_b38,chr8_140906833_G_T_b38,chr8_141007778_A_G_b38	PTK2	seo
chr8_144477389_C_T_b38,chr8_144456330_G_T_b38,chr8_144461122_C_T_b38,chr8_144455073_G_A_b38,chr8_144466532_G_C_b38,chr8_144476070_A_C_b38,chr8_144451628_T_C_b38	PPP1R16A,KIFC2,CYHR1	e,se,se
chr8_22680871_T_C_b38,chr8_22620294_T_C_b38,chr8_22671560_A_C_b38,chr8_22600291_C_T_b38,chr8_22668467_T_C_b38	CCAR2,C8orf58,PDLIM2,BIN3	e,se,e,se
chr9_86282167_C_G_b38,chr9_86255983_C_T_b38,chr9_86363952_A_C_b38,chr9_86263457_A_ACT_b38,chr9_86322702_T_A_b38	C9orf153,ISCA1	s,se
chr10_11853098_T_C_b38,chr10_11875617_A_G_b38,chr10_11847699_G_T_b38,chr10_11853508_A_T_b38,chr10_11865983_T_C_b38	PROSER2,PROSER2-AS1	so,s
chr17_30805174_G_A_b38,chr17_30760267_G_A_b38,chr17_30714097_C_T_b38,chr17_30773850_G_T_b38	SUZ12P1,CRLF3,CTD-2349P21.9	s,seo,e
chr17_39560518_C_G_b38,chr17_39590106_A_C_b38,chr17_39420293_G_A_b38,chr17_39283920_A_ATCCCGGT_b38,chr17_39475671_G_A_b38,chr17_39305390_T_G_b38,chr17_39468537_A_G_b38,chr17_39395735_G_A_b38,chr17_39397398_G_C_b38,chr17_39451651_C_T_b38,chr17_39374102_G_GTAGTCCCAGCT_b38,chr17_39481150_G_A_b38,chr17_39514741_A_T_b38,chr17_39540599_G_A_b38,chr17_39348680_T_C_b38,chr17_39240426_T_C_b38	STAC2,AC087491.2,CWC25,STARD3,PNMT,FBXL20	e,e,e,s,e,e
chr1_41223266_C_T_b38,chr1_41065199_T_C_b38,chr1_41090581_C_T_b38,chr1_41044002_T_C_b38	RP11-399E6.1,SCMH1	e,se
chr2_229768856_T_TAAATC_b38,chr2_229758411_C_T_b38,chr2_229760213_C_T_b38,chr2_229874493_G_C_b38,chr2_229800587_T_C_b38,chr2_229951987_G_A_b38,chr2_229798860_C_T_b38,chr2_229819388_T_C_b38	TRIP12	seo
chr3_197239949_C_T_b38,chr3_197179203_G_T_b38,chr3_197184490_C_T_b38,chr3_197229496_A_G_b38	DLG1	se
chr3_41786808_A_G_b38,chr3_41744517_T_C_b38,chr3_41950916_G_A_b38,chr3_41835922_T_C_b38,chr3_41827873_C_T_b38,chr3_41946428_T_C_b38,chr3_41709497_T_C_b38,chr3_41972358_A_G_b38,chr3_41929251_T_C_b38,chr3_41873406_T_C_b38,chr3_41871159_G_A_b38,chr3_41954644_T_C_b38,chr3_41948630_G_A_b38,chr3_41883906_C_T_b38,chr3_41770540_T_C_b38,chr3_41993238_C_T_b38,chr3_41872124_G_C_b38,chr3_41880318_C_T_b38,chr3_41841413_G_C_b38,chr3_41823982_G_A_b38,chr3_41724463_A_G_b38,chr3_41987230_T_C_b38	ULK4	seo
chr13_49438271_C_T_b38	SETDB2,CAB39L	seo,se
chr2_226940103_A_C_b38,chr2_227010644_G_A_b38	RHBDD1,COL4A4	eo,seo
chr12_27714794_G_A_b38,chr12_27738969_A_T_b38	MRPS35	s
chr15_73934367_C_G_b38,chr15_73928816_C_T_b38,chr15_73949165_G_A_b38,chr15_73939098_C_T_b38,chr15_73941741_C_G_b38,chr15_73933047_C_A_b38,chr15_73934424_G_C_b38,chr15_73940096_G_A_b38,chr15_73929861_T_C_b38,chr15_73942561_T_C_b38,chr15_73931230_T_C_b38	LOXL1	so
chr17_17847593_G_A_b38,chr17_18055088_G_A_b38,chr17_17873075_C_T_b38,chr17_17940064_G_C_b38,chr17_17901411_C_T_b38,chr17_17821475_G_A_b38,chr17_17871108_C_T_b38	ATPAF2,SREBF1,TOM1L2,DRC3,GID4,DRG2	e,se,seo,se,s,e
chr19_47280609_G_T_b38,chr19_47264386_G_A_b38	INAFM1,C5AR1,CCDC9	e,s,eo
chr2_61389518_T_G_b38,chr2_61313507_A_C_b38,chr2_61477316_T_C_b38,chr2_61453858_C_G_b38,chr2_61332945_A_G_b38,chr2_61191208_G_C_b38,chr2_61435420_C_A_b38,chr2_61503652_C_A_b38,chr2_61161029_C_G_b38,chr2_61460079_A_C_b38	AHSA2,USP34	se,eo
chr3_156756735_C_T_b38	LINC00886	s
chr4_86007620_T_G_b38	ARHGAP24	so
chr6_35454499_G_A_b38	TEAD3,FANCE,RPL10A	se,eo,e
chr16_3280179_C_T_b38	ZNF174,MTRNR2L4,ZNF200,ZNF263,ZNF75A,TIGD7	e,e,e,e,se,e
chr7_2756248_T_G_b38,chr7_2822908_C_A_b38,chr7_2762169_C_T_b38,chr7_2749278_T_C_b38,chr7_2756323_A_G_b38,chr7_2777821_G_T_b38,chr7_2797214_T_G_b38,chr7_2712518_G_A_b38,chr7_2735908_G_C_b38,chr7_2720161_C_T_b38,chr7_2772998_C_G_b38,chr7_2724982_C_CA_b38,chr7_2718304_C_T_b38,chr7_2719348_G_A_b38,chr7_2732797_A_C_b38,chr7_2750246_A_C_b38,chr7_2760887_A_G_b38,chr7_2719839_T_C_b38,chr7_2830351_T_C_b38,chr7_2723468_C_T_b38,chr7_2801530_G_A_b38,chr7_2820213_G_A_b38,chr7_2783352_T_A_b38,chr7_2771112_G_A_b38,chr7_2824952_G_T_b38,chr7_2762888_T_C_b38	GNA12,AMZ1	seo,eo
chr10_73820256_G_A_b38,chr10_73816205_T_C_b38,chr10_73843580_T_C_b38,chr10_73879820_C_T_b38,chr10_73749561_G_T_b38,chr10_73713946_G_C_b38	NDST2,ZSWIM8,SEC24C,RP11-574K11.29,CAMK2G	e,e,se,e,se
chr10_74483791_C_A_b38	ADK,VCL	eo,s
chr11_30351271_C_T_b38,chr11_30220740_T_C_b38,chr11_30230805_G_T_b38,chr11_30350068_C_T_b38,chr11_30327940_CACTCTA_C_b38,chr11_30193714_T_A_b38,chr11_30361352_C_T_b38	ARL14EP	seo
chr11_78417001_C_G_b38,chr11_78213561_A_C_b38,chr11_78405913_G_A_b38,chr11_78286890_C_T_b38,chr11_78380104_C_A_b38,chr11_78241969_C_T_b38,chr11_78414965_G_A_b38,chr11_78310284_C_T_b38,chr11_78341818_G_T_b38,chr11_78294024_C_G_b38,chr11_78229029_G_A_b38,chr11_78374959_C_T_b38,chr11_78417021_CG_C_b38,chr11_78408776_G_A_b38,chr11_78387968_T_G_b38,chr11_78292105_G_A_b38,chr11_78262934_C_T_b38,chr11_78422031_T_C_b38,chr11_78384327_C_A_b38,chr11_78420362_C_T_b38,chr11_78307267_T_C_b38,chr11_78206259_C_A_b38,chr11_78417351_CA_C_b38	USP35,GAB2	se,eo
chr19_36192803_A_G_b38,chr19_36390741_A_G_b38	LINC01535,ZFP82,CTD-3162L10.1,CTD-3162L10.3,LINC00665,ZNF146,ZFP14	s,e,e,s,se,s,se
chr19_48706082_T_C_b38,chr19_48700572_C_T_b38,chr19_48703728_G_A_b38,chr19_48703949_A_G_b38,chr19_48705721_A_G_b38,chr19_48705969_G_A_b38,chr19_48702888_G_C_b38,chr19_48705608_G_A_b38,chr19_48710247_G_A_b38,chr19_48702851_C_G_b38,chr19_48703205_C_T_b38,chr19_48704535_G_A_b38,chr19_48702915_C_T_b38,chr19_48703417_G_A_b38,chr19_48711017_G_A_b38,chr19_48708712_T_C_b38,chr19_48705753_T_C_b38,chr19_48703160_A_G_b38,chr19_48714803_C_T_b38,chr19_48710027_G_A_b38	NTN5,MAMSTR,RASIP1,FUT2	e,seo,se,eo
chr19_996567_A_AC_b38,chr19_989730_C_A_b38	WDR18	se
chr1_6600289_A_G_b38,chr1_6623180_G_A_b38,chr1_6633581_C_CATT_b38,chr1_6618804_A_C_b38,chr1_6620847_G_A_b38,chr1_6617004_A_G_b38,chr1_6601672_C_A_b38	ZBTB48,KLHL21,THAP3,DNAJC11	e,o,seo,e
chr20_31833121_T_C_b38,chr20_31838494_G_A_b38,chr20_31674356_C_T_b38,chr20_31794884_A_G_b38,chr20_31718921_T_C_b38,chr20_31701236_C_T_b38	MYLK2,TPX2,BCL2L1	e,e,s
chr3_57884263_G_T_b38,chr3_57896874_C_T_b38,chr3_57760788_C_T_b38,chr3_57893884_T_G_b38,chr3_57884236_T_C_b38	SLMAP	se
chr4_74748153_G_A_b38,chr4_74751319_G_A_b38,chr4_74751046_A_C_b38	BTC	so
chr18_23494291_G_A_b38	NPC1	so
chr4_2944754_A_G_b38,chr4_2988772_G_T_b38	MFSD10,GRK4	e,seo
chr8_85482363_T_A_b38,chr8_85448853_G_T_b38,chr8_85475999_A_C_b38	CA2,CA3,CA3-AS1	eo,eo,s
chr15_77052451_T_A_b38	TSPAN3,PSTPIP1	eo,se
chr1_26546341_G_A_b38,chr1_26564345_G_A_b38,chr1_26424492_A_G_b38,chr1_26544709_C_T_b38,chr1_26558185_G_A_b38,chr1_26448876_G_C_b38	RPS6KA1,DHDDS,HMGN2	e,seo,e
chr1_62017951_A_G_b38	PATJ	seo
chr20_25688416_C_G_b38,chr20_25222256_G_A_b38,chr20_25537011_C_G_b38,chr20_25317451_A_G_b38,chr20_25301972_T_C_b38,chr20_25331603_C_T_b38,chr20_25482512_T_A_b38,chr20_25621692_C_G_b38,chr20_25536789_T_G_b38,chr20_25275470_C_T_b38	PYGB,FAM182A,GINS1,FAM182B,CTD-2514C3.1,RP5-965G21.3,LINC01733,NINL,ABHD12,RP5-965G21.4,ENTPD6	seo,s,e,se,s,e,e,seo,seo,e,e
chr4_88717399_T_C_b38	FAM13A-AS1	s
chr11_70407283_C_T_b38	CTTN	seo
chr11_73325134_C_T_b38,chr11_73399623_T_C_b38,chr11_73328184_G_A_b38	ARHGEF17,RELT	seo,e
chr12_30745066_G_A_b38,chr12_30623479_C_T_b38	CAPRIN2	seo
chr16_67525555_C_T_b38,chr16_67414630_A_G_b38	ATP6V0D1,E2F4	e,s
chr22_31083085_C_T_b38	SMTN	s
chr1_36323945_A_G_b38,chr1_36246432_C_T_b38	RP11-268J15.5,SH3D21,EVA1B	s,e,e
chr6_61822220_G_A_b38,chr6_61923511_T_C_b38	RP1-240B8.3,KHDRBS2	s,o
chr10_126293026_T_C_b38,chr10_126292592_T_C_b38	ADAM12	so
chr12_120731553_C_A_b38	ACADS,UNC119B	eo,se
chr16_89301622_C_T_b38	ANKRD11	s
chr1_77816056_A_G_b38,chr1_77591162_GT_G_b38	USP33	s
chr2_238409051_G_T_b38,chr2_238415569_C_T_b38,chr2_238407402_T_C_b38,chr2_238407919_G_C_b38,chr2_238521941_G_A_b38,chr2_238532667_C_A_b38	ASB1	seo
chr3_122350976_G_A_b38,chr3_122448833_T_A_b38,chr3_122371255_G_A_b38,chr3_122533533_A_G_b38	CCDC58,FAM162A,WDR5B,KPNA1	se,e,e,e
chr3_49717537_T_C_b38,chr3_49619097_CTGAA_C_b38,chr3_49798017_C_T_b38	GMPPB,CDHR4,IP6K1,RNF123	e,s,se,e
chr4_122904764_C_T_b38,chr4_122906887_T_G_b38,chr4_122910288_CA_C_b38,chr4_122911621_A_G_b38,chr4_122911999_T_C_b38,chr4_123145793_G_A_b38	SPATA5,FGF2,NUDT6	o,e,so
chr5_119356523_G_C_b38,chr5_119341398_A_G_b38	TNFAIP8	seo
chr5_127097472_T_G_b38	C5orf63,MARCH3	e,se
chr9_136369144_A_C_b38,chr9_136377295_G_A_b38,chr9_136369439_C_G_b38,chr9_136362959_T_C_b38,chr9_136372044_C_T_b38,chr9_136374746_A_G_b38,chr9_136359387_T_C_b38,chr9_136364897_A_G_b38,chr9_136378050_T_C_b38,chr9_136377398_A_G_b38,chr9_136371953_G_A_b38	CARD9,SDCCAG3,GPSM1,DNLZ,SNAPC4	seo,e,se,eo,e
chr11_34978198_C_G_b38	APIP,PDHX	so,so
chr4_150289525_G_T_b38,chr4_150277928_G_A_b38	LRBA,DCLK2	so,e
chr4_10031914_C_A_b38,chr4_10093307_G_A_b38,chr4_10013022_A_C_b38,chr4_9937345_T_C_b38,chr4_10008293_G_A_b38,chr4_9925929_A_G_b38	WDR1,SLC2A9	e,seo
chr11_8821043_C_T_b38	ST5	so
chr19_1858184_T_C_b38,chr19_1860148_G_A_b38,chr19_1854936_C_G_b38,chr19_1857298_G_A_b38	REXO1,KLF16	so,e
chr1_39594353_G_A_b38,chr1_39570256_G_T_b38,chr1_39562508_A_G_b38,chr1_39552837_C_T_b38,chr1_39579628_A_C_b38,chr1_39571175_G_C_b38,chr1_39557105_C_G_b38,chr1_39570014_C_T_b38,chr1_39594801_G_A_b38,chr1_39537738_C_T_b38,chr1_39599289_G_A_b38,chr1_39505256_C_A_b38,chr1_39503387_C_T_b38,chr1_39529402_C_T_b38	BMP8A,PABPC4,PPIEL	e,seo,s
chr4_1692204_C_T_b38,chr4_1747433_G_A_b38,chr4_1709677_T_C_b38,chr4_1699590_G_A_b38,chr4_1695610_G_A_b38,chr4_1697785_G_A_b38	TMEM129,RP11-572O17.1	se,e
chr4_8589801_C_A_b38	CPZ	seo
chr15_63606510_T_G_b38,chr15_63690353_C_T_b38,chr15_63687567_C_A_b38,chr15_63604176_T_C_b38,chr15_63549476_G_A_b38,chr15_63594394_C_T_b38	FBXL22	so
chr4_57020327_C_T_b38	NOA1,POLR2B	e,s
chr6_35171952_A_G_b38,chr6_35163996_G_C_b38,chr6_35208770_C_T_b38,chr6_35189310_T_C_b38,chr6_35170596_G_A_b38,chr6_35175122_T_C_b38,chr6_35176874_G_A_b38	DEF6,ZNF76,TCP11	e,se,o
chr22_29842328_A_T_b38,chr22_29818715_G_C_b38,chr22_29842085_A_G_b38	UQCR10,CABP7,MTMR3,ASCC2,ZMAT5	e,e,e,s,e
chr12_64681552_T_G_b38,chr12_64619044_T_C_b38	RASSF3	s
chr4_173670428_T_C_b38,chr4_173660916_C_T_b38	HAND2,RP11-161D15.1	o,s
chr11_70198345_G_A_b38	ANO1	s
chr10_79612746_T_A_b38	SFTPA1,RP11-506M13.3	s,e
chr17_75517104_C_A_b38,chr17_75518235_T_C_b38,chr17_75523332_C_T_b38,chr17_75529589_T_G_b38	TSEN54,LLGL2,CASKIN2	seo,e,e
chr2_24913997_T_A_b38,chr2_24906604_A_G_b38,chr2_24915171_A_C_b38,chr2_24918669_A_G_b38,chr2_24914047_T_C_b38,chr2_24908447_A_G_b38,chr2_24899971_C_G_b38,chr2_24874775_A_G_b38,chr2_24911140_T_C_b38,chr2_24922304_T_A_b38,chr2_24907673_A_C_b38,chr2_24907593_T_G_b38,chr2_24894346_A_G_b38	CENPO,DNAJC27,ADCY3	e,e,seo
chr19_8133597_T_C_b38	FBN3	so
chr2_186665793_T_C_b38,chr2_186682185_T_C_b38,chr2_186761611_C_T_b38	ITGAV,FAM171B	s,eo
chr4_100188431_T_G_b38	DDIT4L	so
chr1_150644223_A_G_b38,chr1_150706557_G_A_b38,chr1_150614495_G_A_b38,chr1_150750368_A_G_b38	HORMAD1,GOLPH3L,CTSS	seo,se,e
chr3_119326770_G_A_b38	ARHGAP31	so
chr17_31989366_T_G_b38,chr17_31989988_A_AGTCTCGCT_b38,chr17_32017562_G_T_b38,chr17_32016263_G_A_b38	SUZ12,LRRC37B	e,seo
chr1_204457167_A_G_b38	PIK3C2B	seo
chr20_32271164_G_A_b38,chr20_32290181_G_A_b38,chr20_32410413_C_T_b38	ASXL1,KIF3B	s,eo
chr2_197875552_G_T_b38,chr2_197653985_C_G_b38	HSPD1,BOLL,RFTN2,PLCL1	s,s,e,eo
chr16_3153292_A_G_b38	ZNF213-AS1,IL32	s,e
chr17_16252921_A_G_b38,chr17_16194116_C_T_b38,chr17_16051378_A_G_b38,chr17_16271711_T_C_b38,chr17_16232975_C_G_b38,chr17_16245530_C_T_b38,chr17_16235835_T_C_b38,chr17_16040596_T_C_b38,chr17_16273569_T_C_b38	CENPV,TTC19,NCOR1,PIGL	e,se,se,seo
chr17_29745309_A_G_b38,chr17_29882047_G_A_b38,chr17_30158744_A_G_b38,chr17_29863078_A_T_b38,chr17_29756452_ATCTG_A_b38,chr17_29837245_G_C_b38,chr17_29732952_T_C_b38,chr17_29747545_T_G_b38,chr17_29936962_A_G_b38,chr17_30022077_G_A_b38	TP53I13,SSH2,EFCAB5,NSRP1	e,eo,e,seo
chr2_241742614_T_C_b38,chr2_241759225_G_A_b38,chr2_241771867_G_A_b38	D2HGDH	seo
chr8_133103493_C_T_b38	SLA,TG	o,s
chr10_122456049_T_C_b38,chr10_122459759_C_G_b38,chr10_122474521_G_C_b38,chr10_122454932_G_T_b38,chr10_122455460_G_T_b38,chr10_122461028_G_A_b38,chr10_122450168_T_C_b38,chr10_122455799_T_G_b38,chr10_122467114_G_T_b38	ARMS2	seo
chr10_27908597_G_C_b38,chr10_27944540_T_A_b38	ARMC4	so
chr11_11975210_G_A_b38	DKK3	so
chr12_1349719_G_C_b38	ERC1	s
chr12_95848331_T_G_b38,chr12_95678640_T_G_b38,chr12_95877650_T_C_b38,chr12_95843792_T_C_b38,chr12_95861926_T_C_b38	NTN4,PGAM1P5,RP11-536G4.2	so,s,s
chr13_59958662_T_C_b38,chr13_60131658_T_C_b38,chr13_59923197_T_C_b38,chr13_60156369_T_C_b38	DIAPH3,DIAPH3-AS1,DIAPH3-AS2	eo,s,s
chr13_91784622_G_C_b38,chr13_91770692_G_T_b38,chr13_91764804_T_C_b38,chr13_91799629_G_A_b38	GPC5	so
chr14_54768564_C_T_b38	SAMD4A	so
chr15_63574678_T_C_b38,chr15_63512049_C_T_b38	USP3-AS1	s
chr15_72798942_G_T_b38,chr15_72788390_C_T_b38,chr15_72790127_C_G_b38,chr15_72735137_T_C_b38,chr15_72785401_T_G_b38,chr15_72801650_C_T_b38,chr15_72796528_A_T_b38	BBS4	so
chr16_11125184_G_A_b38,chr16_11131109_A_G_b38,chr16_11136846_T_C_b38,chr16_11119164_T_A_b38,chr16_11135271_G_T_b38,chr16_11149598_C_A_b38,chr16_11127430_A_G_b38,chr16_11131207_C_G_b38,chr16_11134855_C_T_b38	CLEC16A	so
chr16_74196093_C_T_b38	AC009120.4	s
chr17_72033997_C_T_b38,chr17_72074848_G_C_b38,chr17_72032304_A_G_b38,chr17_72032697_T_C_b38,chr17_72038822_G_A_b38	SOX9,LINC02097,SOX9-AS1,LINC01152,LINC02095	o,e,s,e,e
chr19_9831447_G_T_b38,chr19_9848338_G_A_b38,chr19_9857758_C_T_b38,chr19_9839451_T_C_b38	PIN1	seo
chr1_150571210_G_A_b38,chr1_150575271_G_A_b38	ENSA,CTSK,ARNT,ADAMTSL4-AS1,ADAMTSL4	e,e,e,s,e
chr1_239687338_C_A_b38,chr1_239687288_C_A_b38,chr1_239694224_A_G_b38,chr1_239734405_T_C_b38	CHRM3,CHRM3-AS2	o,s
chr20_34690297_T_C_b38,chr20_34587662_C_T_b38,chr20_34397349_A_G_b38,chr20_34361079_G_C_b38,chr20_34568938_G_A_b38,chr20_34448677_A_G_b38,chr20_34569413_T_C_b38,chr20_34338530_G_A_b38	ITCH,MAP1LC3A,DYNLRB1	eo,e,s
chr20_64096562_C_T_b38	RGS19,LKAAEAR1,OPRL1	e,seo,e
chr2_143522949_G_C_b38	ARHGAP15	so
chr2_219432316_G_A_b38	AC053503.4	s
chr3_141432148_G_A_b38,chr3_141435700_T_C_b38	ZBTB38	seo
chr4_53497027_A_G_b38	FIP1L1,LNX1-AS1	e,s
chr5_95700996_C_T_b38,chr5_95694656_A_G_b38,chr5_95689442_G_C_b38	SPATA9,CTD-2154I11.2	so,s
chr5_98953863_G_A_b38,chr5_98976743_C_A_b38,chr5_98968860_G_A_b38	LINC02062	se
chr6_104924810_G_C_b38,chr6_104942078_G_A_b38,chr6_104950211_G_T_b38,chr6_104916546_T_G_b38,chr6_104946746_G_A_b38,chr6_104918016_C_G_b38,chr6_104937737_G_A_b38,chr6_104952962_A_G_b38,chr6_104952730_T_C_b38	LIN28B,LIN28B-AS1	o,s
chr6_135630279_T_A_b38	RP1-38C16.2	se
chr6_155236038_A_G_b38	TFB1M,CLDN20	se,e
chr7_90438449_G_A_b38	CDK14,CTB-16J4.1,CLDN12,GTPBP10	e,s,o,e
chr9_116678958_T_A_b38	ASTN2-AS1,RP11-67K19.3	s,s
chr20_63716975_C_T_b38,chr20_63706054_A_G_b38,chr20_63731211_G_T_b38,chr20_63707707_C_G_b38,chr20_63741353_G_A_b38,chr20_63718234_A_G_b38,chr20_63712493_T_C_b38,chr20_63712604_T_G_b38,chr20_63738996_T_C_b38,chr20_63711116_G_A_b38,chr20_63717108_C_T_b38	LIME1,TNFRSF6B,ARFRP1	se,e,e
chr17_62559465_G_A_b38,chr17_62642697_T_G_b38	MRC2,AC080038.1	e,o
chr8_38474800_T_C_b38,chr8_38474731_T_C_b38,chr8_38475544_T_G_b38,chr8_38479746_A_G_b38,chr8_38468528_G_A_b38,chr8_38470784_A_G_b38,chr8_38472132_C_T_b38	FGFR1	eo
chr3_50438947_G_C_b38,chr3_50436853_T_C_b38,chr3_50483971_G_A_b38,chr3_50435918_G_A_b38	C3orf18	e
chr17_18159129_G_A_b38	ALKBH5,LLGL1,MYO15A	e,e,e
chr6_158827832_C_G_b38,chr6_158825685_C_T_b38,chr6_158827399_C_G_b38,chr6_158770756_C_T_b38,chr6_158812011_C_T_b38	EZR	eo
chr19_45759028_C_A_b38,chr19_45799116_T_A_b38,chr19_45798221_C_T_b38,chr19_45721713_C_T_b38,chr19_45867123_G_A_b38,chr19_45829584_C_T_b38,chr19_45847117_A_C_b38,chr19_45839627_G_A_b38	DMPK,DMWD	e,e
chr19_5984804_T_C_b38,chr19_5927085_C_T_b38,chr19_5982477_G_A_b38	NDUFA11,VMAC,CAPS	e,e,e
chr7_7216809_C_T_b38,chr7_7207215_T_C_b38,chr7_7246814_A_T_b38,chr7_7216859_G_A_b38	C1GALT1	eo
chr7_130387196_A_C_b38	MEST,CPA1	e,o
chr6_75490164_T_A_b38	FILIP1,SENP6	o,e
chr2_86114205_G_A_b38	IMMT,MRPL35	e,e
chr18_10535916_G_T_b38	APCDD1,NAPG	e,eo
chr6_26463347_G_T_b38,chr6_28347103_C_T_b38,chr6_27104763_A_G_b38,chr6_27457865_G_C_b38,chr6_29315895_C_T_b38,chr6_29493953_G_C_b38,chr6_28355925_G_A_b38,chr6_27847861_A_G_b38,chr6_28364364_G_A_b38,chr6_29464396_A_T_b38,chr6_27867657_A_G_b38,chr6_26408323_T_G_b38,chr6_28301047_A_G_b38,chr6_26959823_G_A_b38,chr6_27877351_C_T_b38,chr6_27878966_G_C_b38,chr6_28289600_T_C_b38,chr6_28387058_C_G_b38,chr6_26650825_T_A_b38,chr6_28468368_T_C_b38,chr6_28309569_AT_A_b38,chr6_27638937_C_T_b38,chr6_26409662_G_C_b38,chr6_29388554_A_G_b38,chr6_27473944_T_A_b38,chr6_28390030_C_T_b38,chr6_27424023_C_T_b38,chr6_28338894_T_C_b38,chr6_28390232_T_A_b38,chr6_28966575_T_C_b38,chr6_26581807_C_T_b38,chr6_29292654_C_T_b38,chr6_27446145_A_G_b38,chr6_27839207_A_G_b38,chr6_26189128_G_C_b38,chr6_28398374_A_G_b38,chr6_27848045_T_G_b38,chr6_27654305_T_C_b38,chr6_28333322_A_G_b38,chr6_26875738_A_C_b38,chr6_28381921_A_G_b38,chr6_27492144_G_A_b38,chr6_27365112_T_C_b38,chr6_26599281_A_G_b38,chr6_26463346_G_T_b38,chr6_28392882_G_C_b38,chr6_27912204_A_G_b38,chr6_28336607_A_C_b38,chr6_28314117_G_A_b38,chr6_27882936_A_T_b38,chr6_26175638_A_C_b38,chr6_29445226_C_T_b38,chr6_28835514_C_T_b38,chr6_28358517_GCAGAACCCA_G_b38,chr6_26316067_G_A_b38,chr6_28034610_G_A_b38,chr6_28703566_G_C_b38,chr6_27837477_A_C_b38,chr6_27771787_T_A_b38,chr6_28872131_G_A_b38,chr6_27566749_A_G_b38,chr6_28900717_C_G_b38,chr6_28092461_T_C_b38,chr6_29150970_T_G_b38,chr6_28282402_T_C_b38,chr6_28468237_TAAACATA_T_b38,chr6_29374998_G_A_b38,chr6_28026638_A_T_b38,chr6_27867440_G_A_b38,chr6_27523520_G_A_b38,chr6_29490464_A_G_b38,chr6_29076924_G_A_b38,chr6_28429899_AAC_A_b38,chr6_28400731_G_C_b38,chr6_28826127_G_T_b38,chr6_28485841_T_G_b38,chr6_28808340_G_A_b38,chr6_28469986_AGAG_A_b38,chr6_29276442_G_T_b38,chr6_26266083_A_C_b38,chr6_26441412_C_T_b38,chr6_28828294_G_C_b38,chr6_27742386_A_C_b38	XXbac-BPG13B8.10,BTN2A2,HIST1H2BN,BTN2A1,HIST1H1B,LINC01623,TRIM27,ZSCAN9,ZSCAN31	e,e,e,s,e,e,e,e,o
chr10_75380711_C_G_b38	C10orf11	e
chr5_149272739_G_T_b38,chr5_149271832_A_T_b38	AFAP1L1	eo
chr4_127731072_G_A_b38	INTU	e
chr4_152779978_C_T_b38,chr4_152916861_A_G_b38	FHDC1,TIGD4,ARFIP1	e,e,eo
chr17_82016855_T_C_b38,chr17_81995068_C_T_b38	CENPX,DCXR,ASPSCR1,LRRC45,RAC3	e,s,eo,e,e
chr17_7483979_A_ACCCGC_b38,chr17_7506605_CAT_C_b38,chr17_7467949_G_T_b38,chr17_7459040_T_C_b38	ZBTB4,SLC35G6,FGF11,TMEM102,CHRNB1	e,e,e,e,e
chr5_133103318_T_A_b38,chr5_133108035_C_T_b38,chr5_133046580_C_T_b38,chr5_133076607_A_G_b38,chr5_133110068_A_G_b38,chr5_133108609_T_C_b38,chr5_133106571_T_C_b38	HSPA4	eo
chr2_241559082_G_A_b38,chr2_241554096_C_T_b38,chr2_241561247_C_T_b38,chr2_241561143_C_CT_b38,chr2_241556432_C_T_b38,chr2_241556538_A_G_b38	BOK	eo
chr9_84008353_A_G_b38	RMI1,C9orf64	eo,e
chr14_99644715_A_G_b38	HHIPL1	eo
chr12_6635698_G_C_b38	LPAR5	eo
chr17_40122783_C_G_b38	RAPGEFL1,MSL1	e,e
chr7_27157700_A_G_b38	HOXA4,HOXA3,HOXA5	e,e,e
chr1_201915519_G_C_b38	SHISA4	e
chr6_126357122_G_T_b38,chr6_126454948_G_T_b38,chr6_126490782_A_T_b38,chr6_126431728_C_T_b38,chr6_126377573_A_G_b38,chr6_126340712_C_T_b38,chr6_126466961_G_A_b38,chr6_126406804_A_T_b38,chr6_126362448_A_G_b38,chr6_126460288_C_T_b38,chr6_126446454_C_T_b38,chr6_126391101_G_C_b38,chr6_126383649_C_T_b38,chr6_126357185_T_TA_b38,chr6_126337897_T_G_b38,chr6_126434496_T_G_b38,chr6_126516517_A_C_b38,chr6_126437887_G_T_b38,chr6_126386699_CT_C_b38,chr6_126382244_T_A_b38	CENPW	eo
chr5_122716440_C_T_b38	SNX2,LINC02201	eo,e
chr11_72793096_C_G_b38	STARD10,ARAP1	eo,o
chr5_128098106_A_G_b38,chr5_128151911_A_G_b38,chr5_128032306_G_C_b38,chr5_128014857_C_T_b38,chr5_128053152_G_A_b38,chr5_128188326_T_C_b38,chr5_128021834_C_T_b38,chr5_128083158_C_G_b38,chr5_128028411_C_G_b38,chr5_128118043_T_A_b38	LINC01184,SLC12A2	e,o
chr17_68101598_C_G_b38,chr17_68047422_C_T_b38,chr17_68039994_C_T_b38	RP11-147L13.12,AC145343.2,RP11-147L13.11,RP11-147L13.13,KPNA2	e,e,e,e,eo
chr17_70980861_T_C_b38,chr17_70980274_C_T_b38	RP11-238F2.1	e
chr6_80346917_T_C_b38	RP11-250B2.6,BCKDHB	e,eo
chr15_41537032_A_G_b38,chr15_41548040_A_G_b38,chr15_41554978_T_G_b38	RPAP1,ITPKA,TYRO3,LTK	eo,e,e,e
chr3_8887207_A_C_b38,chr3_8958363_A_C_b38	RAD18	e
chr17_3976854_C_T_b38,chr17_3979319_G_C_b38	ATP2A3	eo
chr17_47974545_G_A_b38,chr17_47968129_T_C_b38	CDK5RAP3	eo
chr4_165414029_C_A_b38,chr4_165425350_T_C_b38,chr4_165416309_C_A_b38,chr4_165415564_T_C_b38	KLHL2,CPE	e,eo
chr2_157663290_G_A_b38,chr2_157651759_T_C_b38,chr2_157638837_A_T_b38,chr2_157664393_C_T_b38,chr2_157647227_C_T_b38,chr2_157643390_G_C_b38	ACVR1C	eo
chr10_94004859_A_G_b38	PLCE1	eo
chr10_110015049_A_G_b38,chr10_110112417_A_G_b38,chr10_110013665_C_T_b38	ADD3	eo
chr7_28156794_G_A_b38,chr7_28137719_G_A_b38,chr7_28133113_C_T_b38,chr7_28140937_T_C_b38,chr7_28146272_T_C_b38,chr7_28154778_C_A_b38,chr7_28160478_C_T_b38,chr7_28159058_C_T_b38,chr7_28156603_A_G_b38,chr7_28102469_A_G_b38,chr7_28152661_C_T_b38,chr7_28149792_T_C_b38	JAZF1	eo
chr10_69224180_G_C_b38,chr10_69220168_A_T_b38,chr10_69226967_T_G_b38,chr10_69223185_C_T_b38,chr10_69216160_C_T_b38	HKDC1	eo
chr5_132874982_G_C_b38,chr5_132983148_G_A_b38,chr5_132987160_T_G_b38	SHROOM1	e
chr6_117463495_T_TTG_b38,chr6_117465017_C_A_b38,chr6_117460113_T_C_b38	DCBLD1,GOPC	eo,e
chr16_28814728_C_T_b38	NFATC2IP	e
chr12_54001298_G_T_b38,chr12_53994689_G_A_b38	HOXC9	eo
chr10_62805132_G_T_b38,chr10_62801746_A_G_b38,chr10_62805174_C_G_b38	ADO	eo
chr11_9240945_T_G_b38	DENND5A	eo
chr6_34635869_G_A_b38,chr6_34801988_C_T_b38,chr6_34634877_G_GA_b38,chr6_34857885_T_C_b38,chr6_34636408_A_AT_b38,chr6_34796205_C_T_b38,chr6_34656128_C_T_b38,chr6_34651116_G_A_b38,chr6_34743690_G_A_b38,chr6_34805950_C_T_b38,chr6_34601943_C_T_b38,chr6_34859308_A_T_b38,chr6_34584333_A_G_b38,chr6_34621855_C_T_b38,chr6_34595283_A_G_b38,chr6_34584959_G_A_b38,chr6_34585020_G_A_b38,chr6_34580429_T_A_b38,chr6_34613859_T_G_b38,chr6_34715858_G_A_b38,chr6_34817302_G_A_b38	TAF11,C6orf106,UHRF1BP1	e,eo,e
chr8_17893080_T_A_b38,chr8_17879848_T_C_b38	FGL1,RP11-156K13.3	eo,e
chr17_38678826_C_T_b38,chr17_38699598_T_G_b38,chr17_38730575_G_A_b38	CISD3	e
chr18_79401324_G_A_b38	NFATC1	eo
chr16_75429100_G_C_b38,chr16_75439257_G_A_b38,chr16_75381443_T_C_b38,chr16_75285148_T_TCTGA_b38,chr16_75408246_T_C_b38,chr16_75415023_C_T_b38,chr16_75356418_T_A_b38,chr16_75411340_G_T_b38,chr16_75292035_A_G_b38,chr16_75359454_T_G_b38,chr16_75410674_C_T_b38,chr16_75353635_G_C_b38,chr16_75433123_G_C_b38,chr16_75329010_C_T_b38,chr16_75429114_C_T_b38,chr16_75298143_A_G_b38,chr16_75280940_G_T_b38,chr16_75409285_T_A_b38,chr16_75472695_G_A_b38,chr16_75459381_C_A_b38,chr16_75377547_A_C_b38,chr16_75408245_T_G_b38,chr16_75398788_G_GC_b38,chr16_75428157_A_G_b38,chr16_75306333_A_T_b38	CFDP1,BCAR1,TMEM170A	e,e,e
chr2_228646213_T_C_b38,chr2_228637481_A_C_b38,chr2_228637787_C_T_b38,chr2_228705203_C_G_b38	LINC01807,SPHKAP	e,e
chr4_123873489_A_T_b38,chr4_123898452_A_G_b38	LINC01091	e
chr11_86737797_T_C_b38,chr11_86731691_G_C_b38,chr11_86733719_A_G_b38	CTD-2005H7.2,ME3,PRSS23,CTD-2005H7.1	e,o,o,e
chr7_106776021_G_A_b38,chr7_106770331_G_A_b38,chr7_106771412_T_C_b38,chr7_106773623_T_G_b38,chr7_106771636_G_A_b38	CCDC71L,PRKAR2B,PIK3CG,CTB-30L5.1	eo,e,o,e
chr7_116791373_C_T_b38,chr7_116798457_G_T_b38,chr7_116759077_G_A_b38	CAPZA2,MET	o,eo
chr4_139298303_G_A_b38	NDUFC1,MGARP,NAA15	e,e,eo
chr1_178750171_C_T_b38,chr1_178929896_CA_C_b38,chr1_178927212_G_C_b38,chr1_178749401_A_G_b38,chr1_178932055_A_G_b38,chr1_178932320_G_GCGC_b38	RALGPS2,ANGPTL1	o,eo
chr1_16980100_T_C_b38,chr1_16980180_C_G_b38,chr1_16983223_C_T_b38,chr1_16980101_C_T_b38,chr1_16988930_G_A_b38,chr1_16986248_C_T_b38,chr1_16979534_C_A_b38,chr1_16975177_T_C_b38,chr1_16980375_G_A_b38,chr1_16981759_T_C_b38,chr1_17001705_A_T_b38,chr1_16975285_A_G_b38	MFAP2,RP11-108M9.4,ATP13A2	eo,e,se
chr1_205751355_G_A_b38,chr1_205750404_G_A_b38,chr1_205754444_C_T_b38,chr1_205708020_A_G_b38	NUCKS1,RAB29	eo,e
chr20_57749029_T_C_b38	PMEPA1	eo
chr12_130854293_C_T_b38	RAN	eo
chr4_99615206_C_T_b38	MTTP	eo
chr5_83728891_T_C_b38	HAPLN1	eo
chr10_13876414_A_G_b38	FRMD4A	eo
chr2_9150228_C_T_b38,chr2_9154452_T_A_b38,chr2_9157461_G_A_b38,chr2_9159963_G_T_b38	ASAP2	eo
chr2_231388679_A_G_b38,chr2_231406573_A_C_b38,chr2_231387611_T_G_b38,chr2_231400203_G_T_b38,chr2_231404173_A_C_b38,chr2_231407789_A_G_b38,chr2_231408115_A_G_b38	B3GNT7	eo
chr9_136210985_G_C_b38,chr9_136210471_C_G_b38,chr9_136209724_C_T_b38,chr9_136216079_G_A_b38,chr9_136202959_C_T_b38,chr9_136190645_TG_T_b38,chr9_136217234_T_C_b38,chr9_136208959_T_C_b38,chr9_136208567_C_T_b38,chr9_136218808_C_T_b38	LHX3,QSOX2	o,se
chr18_8808466_T_C_b38,chr18_8800725_T_C_b38,chr18_8801353_A_G_b38	MTCL1	eo
chr8_96507448_T_A_b38	SDC2	eo
chr1_9103249_C_T_b38	GPR157	eo
chr1_155183132_A_G_b38,chr1_155202934_T_C_b38,chr1_155216951_G_A_b38,chr1_155183255_G_A_b38,chr1_155179017_C_T_b38,chr1_155197995_A_G_b38,chr1_155164919_G_T_b38	THBS3,MUC1	eo,se
chr9_95448659_G_T_b38,chr9_95503619_A_G_b38,chr9_95511023_T_G_b38,chr9_95494027_G_A_b38,chr9_95516131_C_T_b38,chr9_95468726_A_G_b38,chr9_95502660_A_C_b38,chr9_95499941_G_A_b38,chr9_95513507_C_T_b38,chr9_95481586_C_T_b38,chr9_95482744_A_G_b38,chr9_95504573_T_A_b38,chr9_95455066_A_G_b38	PTCH1	eo
chr1_207214421_T_C_b38,chr1_207236069_T_A_b38	CD55	e
chr6_108673623_G_A_b38,chr6_108682118_T_C_b38,chr6_108680839_C_T_b38,chr6_108652895_C_T_b38,chr6_108685635_A_T_b38,chr6_108678084_A_G_b38,chr6_108656460_T_C_b38,chr6_108666981_G_A_b38,chr6_108624167_A_C_b38,chr6_108672958_A_G_b38,chr6_108662324_C_T_b38,chr6_108675760_G_T_b38,chr6_108679539_A_G_b38,chr6_108675545_T_G_b38,chr6_108682786_C_A_b38	LINC00222,FOXO3	e,o
chr3_154154656_T_C_b38,chr3_154122077_G_C_b38,chr3_154206995_A_G_b38,chr3_154212006_T_C_b38	ARHGEF26	eo
chr15_40425103_G_A_b38,chr15_40424054_G_C_b38,chr15_40361837_A_G_b38	IVD	seo
chr5_149012799_A_G_b38	SH3TC2,ADRB2	eo,e
chr19_2167879_A_G_b38,chr19_2183176_G_T_b38,chr19_2176404_G_A_b38,chr19_2165843_G_A_b38,chr19_2176587_A_G_b38,chr19_2163772_T_G_b38,chr19_2173837_T_C_b38,chr19_2184653_C_T_b38,chr19_2170955_A_T_b38,chr19_2161322_T_C_b38,chr19_2157168_T_C_b38	AP3D1,DOT1L	se,eo
chr12_57133500_T_C_b38	LRP1,STAT6	eo,o
chr2_33475871_A_C_b38	RASGRP3	eo
chr2_48375113_C_T_b38,chr2_48381420_G_C_b38	PPP1R21,FOXN2	eo,o
chr7_33914260_C_T_b38	BMPER	eo
chr2_168622351_G_A_b38,chr2_168624962_G_T_b38	CERS6	eo
chr4_87128698_T_C_b38,chr4_87119757_A_G_b38,chr4_87109109_G_T_b38,chr4_87117848_T_TC_b38,chr4_87084051_G_A_b38,chr4_87061724_C_G_b38,chr4_87063179_A_G_b38	AFF1	eo
chr20_19494977_G_A_b38,chr20_19489173_G_C_b38,chr20_19485263_G_A_b38,chr20_19488358_C_A_b38,chr20_19488506_T_G_b38	SLC24A3	eo
chr10_51002206_A_G_b38	PRKG1	eo
chr15_51332142_T_G_b38	CYP19A1,GLDN	o,eo
chr10_5620156_C_T_b38	ASB13	e
chr7_27178800_T_C_b38,chr7_27175422_C_T_b38,chr7_27168399_C_T_b38,chr7_27168661_C_T_b38,chr7_27167069_T_G_b38	HOXA10	e
chr2_23730963_C_T_b38,chr2_24004610_T_C_b38,chr2_23795610_G_A_b38,chr2_23838164_T_C_b38,chr2_23709658_A_G_b38,chr2_24011570_A_G_b38,chr2_23831777_C_T_b38,chr2_23742375_T_TA_b38,chr2_23916650_T_C_b38	UBXN2A,RP11-557N21.1	e,e
chr5_662432_T_C_b38,chr5_551342_C_G_b38,chr5_609546_G_A_b38,chr5_547781_A_G_b38,chr5_554096_C_T_b38	ZDHHC11B,TPPP,CEP72,SLC9A3	e,eo,eo,e
chr8_17691984_T_C_b38	MTUS1	eo
chr5_79261418_A_G_b38	JMY,BHMT,DMGDH	eo,e,e
chr2_177606679_T_C_b38,chr2_177627211_G_A_b38	TTC30A	e
chr4_3494214_T_C_b38	LRPAP1,HGFAC,DOK7	e,e,o
chr2_119925053_C_T_b38	EPB41L5,PTPN4	e,eo
chr21_39368980_A_G_b38	HMGN1	e
chr10_80455532_T_C_b38,chr10_80441547_T_A_b38,chr10_80449122_G_A_b38	TSPAN14,FAM213A	eo,e
chr2_111130177_T_G_b38,chr2_111142983_T_C_b38,chr2_111165509_G_GT_b38,chr2_111159291_A_C_b38,chr2_111175424_G_T_b38	BCL2L11	eo
chr1_205054884_C_T_b38,chr1_205139423_A_G_b38,chr1_205106231_G_C_b38,chr1_205067698_A_G_b38,chr1_205240617_A_G_b38,chr1_205084091_C_T_b38	TMEM81	e
chr15_99952136_T_C_b38,chr15_99952989_T_C_b38	SPATA41,ADAMTS17	e,e
chr12_54026314_C_T_b38,chr12_54030339_T_C_b38,chr12_54023792_C_G_b38,chr12_54034227_C_A_b38,chr12_54026992_G_C_b38,chr12_54027692_C_A_b38,chr12_54039227_G_C_b38,chr12_54025136_G_A_b38,chr12_54031088_T_C_b38,chr12_54030947_G_T_b38,chr12_54024382_A_G_b38	HOXC6,HOXC5,FLJ12825	e,e,e
chr5_88710011_G_T_b38,chr5_88762346_T_C_b38,chr5_88704819_C_T_b38,chr5_88710010_T_C_b38,chr5_88715322_G_C_b38,chr5_88769820_G_T_b38,chr5_88749758_C_T_b38,chr5_88720787_AT_A_b38,chr5_88689478_G_C_b38,chr5_88719728_A_C_b38,chr5_88723812_T_C_b38,chr5_88697548_C_T_b38,chr5_88707586_C_T_b38,chr5_88710947_T_C_b38,chr5_88697381_A_G_b38	MEF2C,CTC-467M3.3	o,e
chr9_96115621_C_T_b38,chr9_96116599_A_G_b38	RP11-569G13.3,HSD17B3	e,o
chr2_224512857_C_G_b38,chr2_224482996_A_C_b38,chr2_224553643_G_A_b38,chr2_224500918_C_A_b38,chr2_224575127_A_G_b38,chr2_224488932_T_C_b38	CUL3	eo
chr16_30166486_C_T_b38	GDPD3	e
chr22_40663167_A_G_b38,chr22_40654982_C_G_b38	MCHR1	e
chr5_177095035_C_T_b38,chr5_177086895_C_A_b38,chr5_177093242_G_A_b38	FGFR4	eo
chr3_33218930_C_T_b38,chr3_33219943_G_A_b38	SUSD5	eo
chr13_44236896_G_A_b38,chr13_44246472_C_T_b38	RP11-478K15.6,SMIM2	e,o
chr14_73674726_A_G_b38	DNAL1	e
chr2_240901294_A_G_b38,chr2_240898035_A_G_b38,chr2_240880379_G_A_b38,chr2_240901124_G_C_b38,chr2_240909904_T_C_b38,chr2_240879110_A_C_b38	MAB21L4,SNED1,C2orf54	o,e,se
chr4_75339738_T_C_b38	RP11-542G1.1,THAP6	e,o
chr19_7412433_T_A_b38	ARHGEF18	e
chr7_100020229_G_C_b38,chr7_100032719_C_T_b38	AZGP1,ZKSCAN1	e,o
chr11_61938539_T_C_b38	RAB3IL1	e
chr1_39885979_A_G_b38	MYCL,TRIT1	e,e
chr1_175163235_G_T_b38	KIAA0040	eo
chr1_16183176_T_C_b38,chr1_16178825_A_G_b38,chr1_16184399_C_T_b38,chr1_16178054_T_C_b38	ARHGEF19,EPHA2	eo,eo
chr6_2492879_A_T_b38,chr6_2503817_G_C_b38,chr6_2495812_G_A_b38,chr6_2502886_A_G_b38,chr6_2501594_A_C_b38,chr6_2488103_C_CAA_b38,chr6_2500467_A_G_b38,chr6_2507667_T_C_b38,chr6_2500586_G_C_b38	LINC01600	e
chr12_50745079_C_T_b38	LIMA1,DIP2B	e,e
chr12_12281304_A_G_b38	LRP6	eo
chr13_99013258_C_A_b38,chr13_98983357_G_A_b38,chr13_99053573_G_A_b38	DOCK9	eo
chr16_4607904_G_A_b38	UBALD1,MGRN1	o,e
chr8_41179038_T_G_b38	SFRP1	eo
chr10_9012824_G_A_b38,chr10_9012362_C_T_b38,chr10_9001441_G_A_b38,chr10_9016708_G_A_b38,chr10_9020893_T_G_b38,chr10_9011169_C_T_b38,chr10_9012377_A_C_b38	GATA3-AS1,GATA3	e,e
chr10_103909864_T_C_b38,chr10_103879853_T_C_b38,chr10_103913084_G_A_b38,chr10_103901557_C_A_b38,chr10_103890868_G_C_b38,chr10_103879483_A_G_b38	STN1	eo
chr1_112403161_C_G_b38	CAPZA1,CTTNBP2NL	e,o
chr13_49766727_T_C_b38	KPNA3,EBPL	eo,e
chr15_41019601_T_C_b38,chr15_41120277_G_A_b38,chr15_41211532_C_T_b38,chr15_41217090_T_A_b38,chr15_41184267_G_A_b38,chr15_41255494_A_G_b38,chr15_41149997_T_G_b38,chr15_41099936_C_G_b38,chr15_41109352_G_A_b38,chr15_41170270_G_A_b38,chr15_41209192_A_G_b38,chr15_40963198_C_A_b38	CHP1,INO80	se,e
chr11_10376646_A_G_b38,chr11_10371921_G_A_b38,chr11_10381441_G_A_b38,chr11_10382719_G_A_b38	AMPD3	eo
chr4_153806854_G_C_b38	TLR2,RNF175,SFRP2	e,e,o
chr15_50426364_T_C_b38	USP8	eo
chr4_78482798_G_T_b38,chr4_78487450_G_A_b38	FRAS1	e
chr2_42267214_G_A_b38,chr2_42206107_C_T_b38,chr2_42128807_C_A_b38	EML4	seo
chr7_23469676_C_G_b38	TRA2A,IGF2BP3	e,o
chr5_123383042_G_C_b38,chr5_123408311_C_A_b38,chr5_123363504_C_CTA_b38,chr5_123407631_A_T_b38,chr5_123316412_C_T_b38,chr5_123408035_G_C_b38,chr5_123419868_C_T_b38,chr5_123321505_G_A_b38	CEP120	eo
chr2_88633798_C_T_b38,chr2_88613755_G_C_b38,chr2_88578615_A_G_b38,chr2_88582130_G_A_b38,chr2_88575373_C_A_b38,chr2_88602214_C_T_b38,chr2_88595833_T_C_b38	EIF2AK3	eo
chr17_30884649_G_A_b38,chr17_30853978_C_A_b38,chr17_30883577_G_A_b38,chr17_30903502_GGT_G_b38,chr17_30909727_G_A_b38	TEFM,ATAD5	eo,o
chr11_65571907_G_A_b38	FAM89B,LTBP3	e,e
chr6_116078209_C_T_b38,chr6_115995733_A_G_b38	NT5DC1,FRK	e,o
chr17_8128618_C_G_b38,chr17_8120900_T_A_b38,chr17_8119739_A_C_b38,chr17_8124275_G_T_b38	HES7	e
chr21_34698903_T_C_b38	CLIC6	eo
chr7_100038344_G_A_b38	AP4M1	e
chr20_13434800_T_C_b38	TASP1	eo
chr2_205771399_C_A_b38	NRP2	eo
chr20_3681495_C_T_b38	ADAM33	eo
chr6_169218359_T_TGATG_b38,chr6_169216017_C_T_b38,chr6_169204005_C_T_b38	THBS2	eo
chr5_13989221_T_G_b38	TRIO,DNAH5	e,eo
chr9_72419958_A_G_b38	ZFAND5	eo
chr3_73498605_G_T_b38,chr3_73502077_T_C_b38,chr3_73813465_G_A_b38	LINC02005,PDZRN3	e,eo
chr6_8115159_C_T_b38	EEF1E1-BLOC1S5,EEF1E1	o,eo
chr2_99193592_C_T_b38	TSGA10,LYG1	e,e
chr8_8900176_G_T_b38	MFHAS1	eo
chr11_62545314_C_G_b38,chr11_62602683_G_A_b38,chr11_62543437_T_C_b38,chr11_62543990_A_G_b38,chr11_62564538_G_A_b38,chr11_62561079_A_G_b38,chr11_62614336_G_C_b38,chr11_62581062_T_G_b38,chr11_62567436_G_C_b38,chr11_62627409_A_G_b38,chr11_62548723_C_G_b38,chr11_62544922_A_G_b38	EML3,EEF1G,MTA2,ROM1,AHNAK	se,e,se,se,e
chr13_109265867_T_C_b38,chr13_109266145_T_C_b38	RP11-54H7.4	e
chr7_150845427_G_T_b38,chr7_150824227_C_T_b38,chr7_150845623_G_A_b38,chr7_150843108_C_T_b38,chr7_150840547_G_A_b38,chr7_150824008_A_G_b38	TMEM176B,AOC1	e,eo
chr9_23585841_T_C_b38,chr9_23583600_G_A_b38,chr9_23587029_C_T_b38,chr9_23581213_C_T_b38,chr9_23589356_G_C_b38,chr9_23584703_G_A_b38,chr9_23586656_T_C_b38,chr9_23588585_C_T_b38	ELAVL2	eo
chr3_55746138_G_A_b38	WNT5A	e
chr3_113285246_G_A_b38	BOC	eo
chr11_132102628_G_A_b38	NTM	eo
chr6_133220688_A_G_b38,chr6_133248697_T_C_b38	EYA4	eo
chr9_100572327_C_A_b38	CAVIN4,MURC	o,e
chr17_45841730_A_G_b38,chr17_46265916_G_A_b38,chr17_46742199_C_T_b38,chr17_45753572_G_C_b38,chr17_45849924_G_A_b38,chr17_46779275_G_C_b38,chr17_45846834_C_G_b38,chr17_46110126_A_G_b38,chr17_46003698_A_G_b38,chr17_45641777_A_G_b38,chr17_46208165_G_A_b38,chr17_45988374_C_T_b38,chr17_45589126_C_T_b38,chr17_46006036_G_A_b38,chr17_45913906_A_G_b38,chr17_45846853_T_C_b38,chr17_46021601_G_A_b38,chr17_45496053_C_T_b38,chr17_46019187_G_A_b38,chr17_45707983_T_C_b38,chr17_45961419_A_G_b38,chr17_46206691_C_T_b38,chr17_45846317_A_G_b38,chr17_45794616_C_T_b38,chr17_45654353_A_C_b38,chr17_46765770_C_T_b38,chr17_45900461_C_T_b38,chr17_46005162_A_T_b38,chr17_46187826_AT_A_b38,chr17_46759851_A_C_b38,chr17_45733694_T_G_b38,chr17_46779986_T_C_b38,chr17_46169258_C_A_b38,chr17_45963741_G_A_b38,chr17_45938080_A_G_b38,chr17_45948522_C_A_b38,chr17_45706224_G_A_b38,chr17_45749271_G_A_b38,chr17_45818666_C_T_b38,chr17_45989494_C_CA_b38,chr17_45834077_T_C_b38,chr17_45733530_C_T_b38,chr17_45914149_T_G_b38,chr17_45779273_C_G_b38,chr17_46115557_A_G_b38,chr17_45776556_G_A_b38,chr17_45733507_A_T_b38,chr17_46709946_C_T_b38,chr17_46211866_G_T_b38,chr17_45929235_T_C_b38,chr17_45681532_A_G_b38,chr17_45593574_A_G_b38,chr17_46278236_A_G_b38,chr17_45780623_T_G_b38,chr17_45846288_G_C_b38,chr17_46014622_T_C_b38,chr17_45651010_G_A_b38,chr17_46788073_T_G_b38,chr17_45887201_A_C_b38,chr17_45628235_A_G_b38,chr17_46049399_C_A_b38,chr17_46720553_C_T_b38,chr17_45974222_C_G_b38,chr17_45829462_G_A_b38,chr17_46115202_C_T_b38,chr17_46785767_T_C_b38,chr17_45816350_C_T_b38,chr17_46262107_A_G_b38,chr17_45862655_G_A_b38,chr17_46227518_C_T_b38,chr17_45759587_A_C_b38,chr17_46109891_A_G_b38,chr17_46734822_C_T_b38,chr17_45841739_C_T_b38,chr17_46252739_A_G_b38,chr17_45979401_G_A_b38,chr17_45577102_C_T_b38,chr17_46709947_G_C_b38,chr17_46258269_G_A_b38,chr17_46018101_T_C_b38,chr17_45941033_A_G_b38,chr17_45677484_T_C_b38,chr17_45637484_G_A_b38,chr17_45767194_T_G_b38,chr17_45701314_T_A_b38,chr17_45663199_G_T_b38,chr17_46279985_T_C_b38,chr17_45825175_A_G_b38,chr17_46276362_T_G_b38,chr17_46751565_G_A_b38,chr17_46770468_T_G_b38,chr17_45608332_A_G_b38,chr17_46696417_A_G_b38,chr17_46782655_C_T_b38,chr17_46748690_C_G_b38,chr17_46085231_C_A_b38,chr17_46238437_A_C_b38,chr17_45847931_C_T_b38,chr17_45917282_C_T_b38,chr17_45771384_T_C_b38,chr17_46133076_C_T_b38,chr17_46270565_TTAACTCAGGCA_T_b38,chr17_45729768_T_C_b38,chr17_46115224_T_A_b38,chr17_46112492_G_A_b38,chr17_46115252_A_G_b38	NSF,LINC02210,RP11-293E1.1,KANSL1,FAM215B,ARL17A,MAPT,ARL17B,PLEKHM1,LRRC37A,LRRC37A4P,WNT3,LRRC37A2	seo,s,s,seo,e,e,seo,e,e,e,s,e,se
chr7_151108185_A_G_b38	AGAP3	eo
chr9_98889824_A_G_b38	COL15A1	eo
chr1_196733680_C_T_b38,chr1_196710325_A_C_b38,chr1_196727803_G_A_b38,chr1_196735502_C_A_b38	CFH,CFHR4	o,e
chr3_138015997_C_G_b38	CLDN18	eo
chr6_7562999_T_G_b38	DSP	eo
chr16_58029609_G_T_b38,chr16_58031555_G_A_b38	MMP15	eo
chr13_43511809_T_C_b38	ENOX1	eo
chr9_71647696_A_G_b38	CEMIP2,TMEM2	o,e
chr12_51954475_A_G_b38	ACVR1B	eo
chr19_40603069_A_C_b38	LTBP4,SHKBP1	o,e
chr8_73087424_T_A_b38	SBSPON	eo
chr11_3922047_C_G_b38	STIM1	e
chr1_1774506_T_C_b38	CALML6	e
chr12_117953795_T_C_b38	KSR2	eo
chr12_3014800_C_T_b38	TEAD4,RP11-253E3.3	o,e
chr14_74855011_T_C_b38,chr14_74805869_AT_A_b38,chr14_74771067_C_T_b38,chr14_74761944_A_C_b38,chr14_74737812_A_G_b38,chr14_74767398_T_G_b38,chr14_74811478_A_C_b38	DLST	e
chr15_49250004_A_T_b38,chr15_49084427_T_G_b38,chr15_49117330_G_A_b38	FGF7,SECISBP2L,FAM227B	e,eo,e
chr7_66057796_C_G_b38,chr7_65621843_A_C_b38,chr7_65973877_G_A_b38	VKORC1L1	eo
chr8_119994587_G_A_b38	RP11-760H22.2	e
chr20_17685017_C_T_b38	RRBP1	eo
chr11_125472234_A_C_b38,chr11_125474639_C_T_b38	CHEK1,FEZ1	e,e
chr15_75670873_C_T_b38	SNX33	eo
chr1_55668003_A_G_b38	RP11-90C4.1	e
chr21_33990547_G_A_b38,chr21_33996101_G_T_b38	MRPS6	e
chr3_8525569_T_G_b38,chr3_8501609_G_C_b38	LMCD1	seo
chr11_125154220_A_G_b38	PKNOX2	eo
chr5_173648210_T_C_b38,chr5_173651220_C_G_b38	LINC01863,BOD1	e,o
chr17_61415353_A_G_b38,chr17_61420691_A_G_b38,chr17_61414907_A_T_b38,chr17_61419916_A_G_b38,chr17_61414023_A_G_b38,chr17_61419288_T_C_b38,chr17_61417213_C_T_b38	TBX2	eo
chr5_34663611_C_T_b38,chr5_34654372_G_A_b38	CTD-2024P10.2,RAI14	e,eo
chr12_53218007_G_A_b38	RARG,ITGB7	o,e
chr21_17568605_G_C_b38	CXADR	eo
chr12_115497254_A_T_b38	RP11-116D17.3	e
chr20_44169233_G_A_b38	JPH2	eo
chr19_46558260_A_G_b38,chr19_46564219_T_C_b38	PPP5D1,CALM3	o,e
chr9_34711638_G_A_b38	FAM205A	e
chr16_86545617_C_A_b38	MTHFSD	eo
chr15_99146746_C_T_b38	TTC23	eo
chr10_32380191_G_A_b38,chr10_32378193_G_A_b38	EPC1	eo
chr11_61738224_G_T_b38,chr11_61748295_T_C_b38,chr11_61738996_C_T_b38	DAGLA,DKFZP434K028	o,e
chr16_72917728_A_C_b38,chr16_72916569_T_C_b38,chr16_72925068_C_T_b38	ZFHX3	eo
chr19_51795028_T_C_b38	FPR3	e
chr3_64444875_G_C_b38,chr3_64446054_G_T_b38,chr3_64445464_C_A_b38	RP11-14D22.1,PRICKLE2	e,o
chr9_38004148_A_C_b38,chr9_38010088_A_T_b38	SHB	e
chr5_167413686_T_A_b38,chr5_167408289_A_C_b38,chr5_167389171_T_A_b38	TENM2	eo
chr11_112902471_G_A_b38,chr11_112896664_T_C_b38	NCAM1	eo
chr13_38844273_G_A_b38	FREM2	eo
chr15_67156025_G_A_b38,chr15_67207992_T_C_b38,chr15_67254963_C_A_b38,chr15_67184632_T_C_b38,chr15_67269260_C_T_b38,chr15_67269017_C_G_b38,chr15_67190938_C_T_b38,chr15_67163292_C_T_b38,chr15_67369446_G_A_b38,chr15_67195211_C_G_b38,chr15_67184614_G_T_b38,chr15_67269876_A_C_b38,chr15_67218266_G_C_b38,chr15_67149412_C_A_b38,chr15_67198936_C_A_b38,chr15_67199963_G_A_b38,chr15_67157967_A_G_b38,chr15_67150258_C_T_b38,chr15_67186307_CA_C_b38,chr15_67183150_C_G_b38,chr15_67171953_A_G_b38	IQCH,SMAD3,AAGAB	eo,eo,e
chr5_160060316_A_G_b38	PWWP2A	e
chr1_201453073_G_A_b38	PHLDA3	e
chr10_30992321_G_A_b38,chr10_30985616_T_C_b38	ZNF438	seo
chr16_3533173_C_T_b38	DNASE1	e
chr22_17954178_G_A_b38,chr22_17957192_C_T_b38,chr22_17951228_G_T_b38,chr22_17962256_G_GACA_b38,chr22_17967521_A_T_b38,chr22_17935399_C_T_b38,chr22_17965347_C_T_b38	MICAL3	eo
chr16_55969331_T_G_b38	CES5A,RP11-461O7.1	o,e
chr17_7260031_A_G_b38,chr17_7237821_C_G_b38	PHF23	e
chr14_77063440_C_T_b38,chr14_77050805_C_T_b38,chr14_77051551_G_A_b38,chr14_77040862_G_T_b38	IRF2BPL	eo
chr11_57637306_A_G_b38,chr11_57632038_T_C_b38,chr11_57606859_T_C_b38,chr11_57603719_G_T_b38,chr11_57605053_A_G_b38,chr11_57629352_G_T_b38	SERPING1	eo
chr4_102267552_C_T_b38,chr4_102276925_A_G_b38,chr4_102225733_A_T_b38,chr4_102225731_A_C_b38	SLC39A8	o
chr11_12676493_A_G_b38,chr11_12663848_T_C_b38,chr11_12656868_T_C_b38	TEAD1	o
chr15_74044292_T_C_b38	PML	o
chr20_35437976_A_G_b38	UQCC1,GDF5	o,o
chr10_79161853_GAGCAT_G_b38,chr10_79147390_A_G_b38,chr10_79171724_G_A_b38,chr10_79164501_G_T_b38,chr10_79165820_G_C_b38,chr10_79158760_G_A_b38,chr10_79169036_G_A_b38	ZMIZ1	o
chr10_119670121_T_C_b38,chr10_119674163_C_T_b38,chr10_119667372_C_T_b38	BAG3	o
chr9_6210099_T_C_b38,chr9_6192796_T_C_b38,chr9_6197392_T_C_b38,chr9_6213468_C_T_b38,chr9_6193455_C_A_b38,chr9_6213387_G_A_b38,chr9_6209697_A_G_b38	IL33	o
chr20_6641038_C_T_b38,chr20_6654248_T_C_b38,chr20_6645571_G_A_b38,chr20_6652254_C_A_b38,chr20_6614999_A_G_b38,chr20_6642727_T_C_b38,chr20_6610469_A_G_b38,chr20_6641070_T_A_b38,chr20_6645493_T_A_b38,chr20_6632185_A_G_b38,chr20_6618828_G_A_b38,chr20_6623173_A_G_b38,chr20_6613796_T_C_b38	BMP2	o
chr9_133271182_C_T_b38	ABO	o
chr1_201047168_G_A_b38	CACNA1S	o
chr16_88746652_C_T_b38,chr16_88741200_A_G_b38	PIEZO1	o
chr10_79946568_A_G_b38	SFTPD	o
chr3_128244867_C_T_b38,chr3_128296335_C_T_b38,chr3_128272684_A_G_b38,chr3_128296658_G_GC_b38,chr3_128212497_G_A_b38	RUVBL1,EEFSEC	se,eo
chr6_108946847_C_T_b38,chr6_108945052_T_C_b38,chr6_108949453_G_A_b38	ARMC2	o
chr2_215435759_T_A_b38,chr2_215422370_A_G_b38,chr2_215441111_G_A_b38,chr2_215439661_T_C_b38,chr2_215438330_A_G_b38,chr2_215435462_C_T_b38,chr2_215434906_C_G_b38	FN1	o
chr1_3080038_T_C_b38	PRDM16	o
chr10_63490783_A_G_b38,chr10_63239211_A_G_b38,chr10_63256402_A_G_b38,chr10_63344740_A_G_b38,chr10_63429213_A_G_b38,chr10_63486687_T_G_b38	JMJD1C,REEP3	o,e
chr13_40670123_T_C_b38	FOXO1	o
chr4_25407216_G_A_b38	ANAPC4	o
chr10_100796696_G_A_b38,chr10_100844757_G_A_b38,chr10_100799664_G_A_b38,chr10_100797145_T_C_b38,chr10_100792906_G_A_b38,chr10_100794914_C_T_b38,chr10_100796418_A_G_b38,chr10_100792995_G_T_b38	PAX2	o
chr2_651407_T_C_b38,chr2_653581_G_A_b38,chr2_631069_G_A_b38,chr2_633660_C_T_b38,chr2_632348_A_G_b38,chr2_622225_T_G_b38,chr2_621558_C_T_b38,chr2_624034_G_C_b38,chr2_629601_A_G_b38,chr2_630075_C_T_b38,chr2_644953_A_G_b38,chr2_614168_A_G_b38,chr2_628504_A_G_b38,chr2_634905_T_C_b38,chr2_637830_A_G_b38,chr2_653195_G_A_b38,chr2_633053_A_AC_b38,chr2_629831_T_C_b38,chr2_630323_C_A_b38,chr2_638144_G_T_b38,chr2_624210_G_A_b38,chr2_646364_T_A_b38,chr2_629244_A_C_b38,chr2_624205_T_G_b38,chr2_629510_C_A_b38,chr2_615140_T_C_b38,chr2_650519_A_G_b38,chr2_647861_T_C_b38,chr2_629881_T_C_b38,chr2_635154_G_A_b38,chr2_653245_A_C_b38,chr2_630070_T_C_b38,chr2_630569_T_C_b38,chr2_636790_T_C_b38,chr2_622827_T_C_b38,chr2_629959_T_C_b38,chr2_624678_G_A_b38,chr2_635864_A_G_b38,chr2_631396_T_TA_b38,chr2_631606_A_G_b38,chr2_600575_G_T_b38,chr2_632922_G_A_b38,chr2_630555_A_G_b38,chr2_630553_GA_G_b38,chr2_635857_C_A_b38,chr2_651349_T_G_b38,chr2_651430_T_C_b38,chr2_621461_A_C_b38,chr2_635721_T_C_b38	TMEM18	o
chr17_45321692_G_C_b38	MAP3K14	o
chr3_12800724_T_G_b38	CAND2	o
chr6_142403781_C_T_b38,chr6_142517036_C_T_b38,chr6_142514227_A_C_b38,chr6_142442936_A_C_b38,chr6_142358435_G_A_b38,chr6_142334664_T_A_b38,chr6_142367832_A_G_b38,chr6_142395149_G_T_b38,chr6_142416367_G_A_b38,chr6_142542751_T_C_b38,chr6_142385996_T_G_b38,chr6_142382740_G_A_b38,chr6_142380021_A_G_b38,chr6_142476152_G_A_b38,chr6_142345724_T_C_b38,chr6_142424746_T_G_b38,chr6_142472884_C_A_b38,chr6_142332761_A_G_b38,chr6_142431458_G_A_b38,chr6_142493854_C_T_b38,chr6_142413067_T_C_b38,chr6_142382532_C_T_b38,chr6_142392705_G_A_b38,chr6_142446496_A_G_b38	ADGRG6	eo
chr3_57508706_A_C_b38	DNAH12	o
chr19_31338707_A_C_b38	TSHZ3	o
chr22_20499874_T_C_b38	KLHL22	o
chr3_29390074_A_G_b38,chr3_29428184_T_G_b38,chr3_29430921_G_C_b38	AC098650.1	o
chr2_108955052_G_A_b38	EDAR	o
chr12_94458852_G_A_b38	CEP83	o
chr16_72218198_G_A_b38	PMFBP1	o
chr22_27785411_C_T_b38,chr22_27660378_T_C_b38	MN1	o
chr5_173965395_A_T_b38	CPEB4	o
chr19_55368304_C_T_b38	IL11	o
chr1_219734707_G_GA_b38,chr1_219724599_G_A_b38,chr1_219680400_G_T_b38,chr1_219752667_T_C_b38	SLC30A10	o
chr14_75318019_A_G_b38	FOS	o
chr17_78868361_A_G_b38	TIMP2	o
chr12_2799164_C_A_b38	FKBP4	o
chr12_108236003_G_A_b38,chr12_108224853_C_T_b38	WSCD2	o
chr2_38070996_T_C_b38	CYP1B1	o
chr1_2512975_G_A_b38	PANK4	o
chr1_3514991_C_T_b38	MEGF6	o
chr1_9433231_C_T_b38	SLC25A33	o
chr1_21918099_C_T_b38	HSPG2	o
chr1_24914625_A_G_b38	RUNX3	o
chr1_41867932_C_G_b38	HIVEP3	o
chr1_67581836_C_T_b38	GADD45A	o
chr1_72047503_T_G_b38	NEGR1	o
chr1_90627457_C_T_b38,chr1_90623327_T_C_b38	BARHL2	o
chr1_91698543_C_T_b38	TGFBR3	o
chr1_93002622_G_A_b38	DIPK1A	o
chr1_114489767_A_T_b38	TRIM33	o
chr1_154549918_C_A_b38	UBE2Q1	o
chr1_198929028_A_G_b38	PTPRC	o
chr1_204647262_A_G_b38	LRRN2	o
chr1_205948892_C_G_b38	SLC26A9	o
chr1_216852387_C_T_b38	ESRRG	o
chr1_240614757_G_T_b38	GREM2	o
chr2_15766055_C_T_b38,chr2_15766730_T_C_b38	MYCN	o
chr2_55884174_C_T_b38,chr2_55867875_A_G_b38,chr2_55893718_A_T_b38,chr2_55885305_C_A_b38,chr2_55789923_A_G_b38,chr2_55785079_T_C_b38,chr2_55869757_A_G_b38,chr2_56010442_A_G_b38,chr2_55891970_A_T_b38,chr2_55879793_C_T_b38,chr2_55840047_T_A_b38	EFEMP1	eo
chr2_60488044_C_T_b38,chr2_60496537_T_C_b38	BCL11A	o
chr2_64654095_G_A_b38	SERTAD2	o
chr2_66688325_C_T_b38	MEIS1	o
chr2_67229568_T_C_b38,chr2_67251817_C_T_b38	ETAA1	o
chr2_85277866_A_G_b38	TCF7L1	o
chr2_102341256_C_T_b38,chr2_102362568_C_T_b38,chr2_102316102_C_A_b38,chr2_102367819_T_C_b38,chr2_102332701_C_T_b38,chr2_102358876_T_G_b38,chr2_102349607_G_A_b38,chr2_102368211_T_A_b38,chr2_102346612_A_T_b38,chr2_102334362_A_C_b38,chr2_102344025_A_G_b38,chr2_102351384_C_A_b38,chr2_102309902_G_A_b38,chr2_102322576_C_T_b38	IL18R1,IL1RL1	so,so
chr2_111732751_T_G_b38	ANAPC1	o
chr2_144468803_T_C_b38,chr2_144472879_G_C_b38	ZEB2	o
chr2_171492752_T_C_b38	DCAF17	o
chr2_173194654_G_A_b38	MAP3K20	o
chr2_200272308_A_G_b38,chr2_200273059_T_C_b38,chr2_200343969_A_C_b38	SPATS2L	eo
chr2_209556540_A_G_b38,chr2_209410985_G_A_b38	MAP2	seo
chr2_216992243_A_G_b38	TNP1	o
chr2_229359315_T_C_b38,chr2_229399975_G_C_b38	DNER	o
chr2_233364596_G_A_b38	DGKD	o
chr2_238943036_A_C_b38,chr2_238959613_C_G_b38,chr2_238951008_C_T_b38,chr2_238956042_G_A_b38,chr2_238955452_C_T_b38	TWIST2	o
chr2_239187781_T_C_b38	HDAC4	o
chr3_11600640_T_A_b38	VGLL4	o
chr3_18660544_G_A_b38	SATB1	o
chr3_25603481_A_G_b38	TOP2B	o
chr3_56248950_T_C_b38	ERC2	o
chr3_64869274_C_T_b38	ADAMTS9	o
chr3_149660283_A_G_b38	WWTR1	o
chr3_172065756_G_A_b38,chr3_172080904_T_A_b38,chr3_172081346_C_CT_b38,chr3_172096231_A_T_b38,chr3_172108248_C_T_b38,chr3_172066946_A_G_b38	FNDC3B	o
chr3_185830129_C_T_b38,chr3_185827902_C_G_b38	IGF2BP2	o
chr3_186365694_G_A_b38	DGKG	o
chr3_193821331_T_A_b38	OPA1	o
chr4_1802549_G_A_b38	FGFR3	o
chr4_7904602_T_C_b38,chr4_7844513_C_T_b38,chr4_7900276_A_C_b38,chr4_7851433_G_A_b38,chr4_7895441_C_T_b38,chr4_7854524_G_A_b38,chr4_7846417_C_T_b38,chr4_7859418_C_T_b38,chr4_7877300_C_T_b38	ABLIM2,AFAP1	e,eo
chr4_24024858_A_G_b38	PPARGC1A	o
chr4_36270218_A_G_b38	DTHD1	o
chr4_105600709_C_T_b38	ARHGEF38	o
chr4_106168144_C_A_b38	TBCK	o
chr4_134098535_A_G_b38	PABPC4L	o
chr4_142547078_C_G_b38	INPP4B	o
chr4_176719898_T_G_b38	VEGFC	o
chr4_183266158_C_T_b38	WWC2	o
chr5_7520768_G_T_b38,chr5_7519185_A_G_b38,chr5_7531599_A_G_b38	ADCY2	o
chr5_35841347_A_G_b38,chr5_35846713_G_T_b38,chr5_35844023_G_A_b38,chr5_35837132_G_A_b38	IL7R	o
chr5_36659636_G_A_b38	SLC1A3	o
chr5_45300933_T_G_b38,chr5_45364773_T_C_b38,chr5_45393652_G_C_b38	HCN1	o
chr5_52899203_G_A_b38,chr5_52891207_C_A_b38	ITGA1	o
chr5_53468029_T_C_b38,chr5_53448201_G_A_b38	FST	o
chr5_56280189_G_A_b38	ANKRD55	o
chr5_56549555_A_G_b38,chr5_56626318_G_T_b38	C5orf67	o
chr5_108532109_T_C_b38	FBXL17	o
chr5_120053336_C_G_b38,chr5_120786999_C_A_b38	PRR16	eo
chr5_142416626_G_T_b38,chr5_142431728_A_G_b38,chr5_142434855_G_A_b38	SPRY4	o
chr5_149771108_G_A_b38	PPARGC1B	o
chr5_151181776_G_A_b38	CCDC69	o
chr5_156923797_C_T_b38	TIMD4	o
chr5_157395188_T_C_b38	CYFIP2	o
chr5_170382897_C_T_b38	KCNMB1	o
chr5_171474582_A_T_b38,chr5_171474459_T_G_b38,chr5_171581170_A_G_b38	FGF18	o
chr5_179078166_G_A_b38,chr5_179108712_A_G_b38,chr5_179112399_T_C_b38,chr5_179098778_G_A_b38	ZNF354C	o
chr5_179278706_C_T_b38	ADAMTS2	o
chr5_180171771_T_C_b38	RASGEF1C	o
chr6_684034_T_G_b38	EXOC2	o
chr6_7958232_T_C_b38,chr6_7974472_C_T_b38,chr6_7963699_A_G_b38	BLOC1S5-TXNDC5,TXNDC5	o,o
chr6_17912846_G_T_b38	KIF13A	o
chr6_22749672_G_A_b38	HDGFL1	o
chr6_72960372_ATTCTAT_A_b38,chr6_72954091_C_A_b38	KCNQ5	o
chr6_90276840_A_G_b38,chr6_90248783_G_A_b38,chr6_90275479_A_T_b38,chr6_90266890_G_A_b38,chr6_90271600_T_G_b38,chr6_90193089_A_T_b38,chr6_90263440_C_A_b38,chr6_90236760_T_C_b38,chr6_90246690_A_G_b38,chr6_90303148_C_T_b38,chr6_90145610_G_A_b38,chr6_90301954_C_T_b38,chr6_90253895_A_AT_b38,chr6_90277793_C_G_b38,chr6_90237621_GT_G_b38,chr6_90220794_T_C_b38,chr6_90225664_A_G_b38,chr6_90296508_G_A_b38,chr6_90276967_G_A_b38	BACH2	o
chr6_116908643_G_A_b38	RFX6	o
chr6_119015301_C_A_b38,chr6_119016050_T_C_b38	FAM184A	o
chr6_130076885_C_T_b38	L3MBTL3	o
chr6_133905009_T_C_b38,chr6_133893387_C_G_b38,chr6_133748647_A_G_b38	TCF21	eo
chr6_142165771_A_T_b38	VTA1	o
chr7_14766933_G_T_b38,chr7_14878438_T_G_b38	DGKB	eo
chr7_15832699_T_C_b38,chr7_15687704_C_G_b38,chr7_15703346_C_T_b38,chr7_15713078_G_T_b38	MEOX2-AS1,MEOX2	e,eo
chr7_25816496_T_C_b38	NFE2L3	o
chr7_29091337_A_C_b38	CPVL	o
chr7_31917937_C_T_b38	PDE1C	o
chr7_74076326_A_C_b38	LIMK1	o
chr7_74646118_C_A_b38	GTF2I	o
chr7_117735320_A_C_b38	CTTNBP2	o
chr7_121357506_T_A_b38,chr7_121329715_G_A_b38,chr7_121339035_C_T_b38,chr7_121333567_C_G_b38	WNT16,FAM3C	o,o
chr7_134881320_G_A_b38	CALD1	o
chr7_140125413_G_A_b38	KDM7A	o
chr7_155807723_T_C_b38	SHH	o
chr8_9158972_C_G_b38,chr8_9161080_T_G_b38	PPP1R3B	o
chr8_13337474_T_G_b38	DLC1	o
chr8_17064504_C_A_b38	MICU3	o
chr8_70954045_A_T_b38	XKR9	o
chr8_101761260_C_T_b38,chr8_102119072_T_C_b38	NCALD	eo
chr8_108434599_T_C_b38	EMC2	o
chr8_130430605_T_C_b38	ASAP1	o
chr8_141354064_G_A_b38	GPR20	o
chr9_16637267_C_T_b38,chr9_16986114_C_G_b38	CNTLN,BNC2	e,eo
chr9_76134057_C_T_b38,chr9_76144789_T_A_b38	PCSK5	o
chr9_82129358_T_C_b38	SPATA31D1	o
chr9_94188801_A_G_b38	ZNF169	o
chr9_97542249_A_G_b38	TMOD1	o
chr9_97744132_C_A_b38	XPA	o
chr9_106721236_G_T_b38,chr9_106734349_T_C_b38	ZNF462	o
chr9_107405472_C_T_b38	KLF4	o
chr9_123351733_T_C_b38	CRB2	o
chr9_126656169_A_G_b38	LMX1B	o
chr9_133637865_A_G_b38,chr9_133638134_A_G_b38,chr9_133637247_T_C_b38	DBH	o
chr10_12243736_A_T_b38,chr10_12236022_T_A_b38,chr10_12210218_G_A_b38,chr10_12233948_G_A_b38,chr10_12236526_A_G_b38,chr10_12235993_C_T_b38,chr10_12669950_C_T_b38,chr10_12698083_A_C_b38	CAMK1D,NUDT5,CDC123	eo,e,o
chr10_15729905_C_T_b38	ITGA8	o
chr10_19872044_T_C_b38	PLXDC2	o
chr10_20921609_G_T_b38	NEBL	o
chr10_50535604_G_A_b38,chr10_50416179_T_C_b38	SGMS1	o
chr10_75899975_G_A_b38,chr10_76559121_A_C_b38,chr10_76552244_G_A_b38,chr10_76555466_G_A_b38	LRMDA	o
chr10_84313903_G_C_b38	CCSER2	o
chr10_103763117_C_T_b38,chr10_103650607_C_T_b38,chr10_103764323_C_T_b38	SH3PXD2A	o
chr10_121460598_G_A_b38,chr10_121681862_G_C_b38	FGFR2	eo
chr11_13149689_C_T_b38,chr11_13149238_G_T_b38	ARNTL	o
chr11_19735674_T_G_b38,chr11_19719185_C_G_b38	NAV2	o
chr11_35287441_T_C_b38	SLC1A2	o
chr11_69639167_C_T_b38,chr11_69648142_G_A_b38	CCND1	o
chr11_73174077_T_C_b38	P2RY2	o
chr11_76646800_A_T_b38	LRRC32	o
chr11_100627465_G_C_b38,chr11_100989064_A_T_b38	ARHGAP42	o
chr11_110524483_C_T_b38	ARHGAP20	o
chr11_115537961_C_T_b38	CADM1	o
chr11_122799682_G_T_b38	UBASH3B	o
chr11_125982488_A_G_b38,chr11_126139605_T_C_b38	CDON	o
chr12_15124179_T_C_b38	RERG	o
chr12_19655978_G_C_b38	AEBP2	o
chr12_20251012_C_T_b38,chr12_20523933_A_G_b38	PDE3A	o
chr12_24285657_C_A_b38	SOX5	o
chr12_89556543_A_C_b38,chr12_89695013_G_A_b38	ATP2B1	eo
chr12_95160995_C_T_b38,chr12_95147426_C_T_b38,chr12_95144245_C_A_b38	FGD6	o
chr12_96111484_C_A_b38	LTA4H	o
chr13_28499717_T_G_b38	FLT1	o
chr13_74325496_G_A_b38	KLF12	o
chr13_80553247_T_C_b38,chr13_80122625_T_G_b38	SPRY2	o
chr13_96221105_T_C_b38	HS6ST3	o
chr13_107082530_A_G_b38	FAM155A	o
chr13_110262788_G_A_b38	COL4A1	o
chr13_110407220_G_A_b38,chr13_110409668_T_G_b38	COL4A2	o
chr14_32447774_C_T_b38	AKAP6	o
chr14_35420317_G_C_b38	NFKBIA	o
chr14_52025036_T_C_b38	NID2	o
chr14_58453732_G_C_b38	KIAA0586	o
chr14_76126621_T_C_b38	GPATCH2L	o
chr14_90664419_G_A_b38	TTC7B	o
chr14_93045296_G_A_b38,chr14_93044034_T_C_b38,chr14_93050053_T_G_b38,chr14_93034681_A_G_b38,chr14_93037041_T_C_b38	ITPK1	o
chr14_93875406_C_T_b38	FAM181A	o
chr14_100176423_T_C_b38	DEGS2	o
chr15_48614984_C_T_b38,chr15_48509738_C_T_b38	FBN1	o
chr15_50031157_T_G_b38	ATP8B4	o
chr15_63068648_T_C_b38	TPM1	o
chr15_65039429_G_T_b38	SLC51B	o
chr15_71101870_C_T_b38	LRRC49	o
chr15_83893127_C_T_b38,chr15_83978455_T_C_b38,chr15_83903704_A_T_b38,chr15_83765671_A_G_b38	GOLGA6L4,ADAMTSL3	e,so
chr15_88843421_G_A_b38	ACAN	o
chr15_96383244_C_T_b38	NR2F2	o
chr16_10647125_G_C_b38	TEKT5	o
chr16_53901495_T_C_b38	FTO	o
chr16_66266421_G_C_b38	CDH5	o
chr16_84564446_G_A_b38	COTL1	o
chr16_86081048_T_C_b38	IRF8	o
chr16_86370215_G_C_b38	FOXF1	o
chr17_12523032_T_C_b38,chr17_12638312_T_C_b38	MYOCD	o
chr17_48347534_C_T_b38,chr17_48474867_T_C_b38	SKAP1	seo
chr17_64690612_G_A_b38,chr17_64501846_C_T_b38,chr17_64680031_A_G_b38,chr17_64743456_G_A_b38,chr17_64685387_G_A_b38	DDX5,SMURF2,MILR1	e,eo,e
chr18_7608913_A_G_b38	PTPRM	o
chr18_43156625_C_A_b38,chr18_43128073_T_C_b38,chr18_43208422_G_A_b38,chr18_43188344_A_T_b38,chr18_43164825_C_A_b38,chr18_43156241_A_C_b38,chr18_43121292_CTAATTA_C_b38,chr18_43155566_G_A_b38	RIT2	o
chr18_72768663_A_T_b38	NETO1	o
chr18_76659175_G_A_b38,chr18_76358607_T_C_b38,chr18_76363284_T_G_b38	ZNF516	o
chr19_8567191_C_T_b38	MYO1F	o
chr19_13837498_G_A_b38,chr19_13837583_T_G_b38,chr19_13831407_A_G_b38,chr19_13839507_T_C_b38,chr19_13833499_A_G_b38	ZSWIM4	o
chr19_51099041_C_G_b38	CTU1	o
chr20_40575633_T_C_b38,chr20_40551796_T_C_b38	MAFB	o
chr20_49723499_A_G_b38	B4GALT5	o
chr20_56620408_C_T_b38	TFAP2C	o
chr20_57490993_G_C_b38	CTCFL	o
chr20_62465257_G_T_b38,chr20_62474494_A_C_b38	GATA5	eo
chr21_26906325_G_C_b38	ADAMTS5	o
chr22_19810922_G_A_b38	GNB1L	o
chr22_29184496_A_G_b38	EMID1	o
chr22_32939401_C_G_b38	SYN3	o
chr22_36287509_C_T_b38	MYH9	o
chr22_39251163_T_C_b38	PDGFB	o
chr22_45533320_T_C_b38	FBLN1	o
chr1_2245122_C_T_b38,chr1_2251211_G_A_b38,chr1_2235370_C_T_b38,chr1_2237165_C_T_b38,chr1_2275281_G_A_b38,chr1_2253199_C_A_b38	SKI	o
chr1_9381418_C_T_b38,chr1_9381527_G_A_b38,chr1_9383281_G_A_b38,chr1_9381779_G_A_b38,chr1_9381890_C_A_b38	SPSB1	o
chr1_20338917_C_T_b38	VWA5B1	o
chr1_22331992_G_A_b38	ZBTB40	o
chr1_65521481_G_C_b38,chr1_65513597_T_C_b38	LEPR	o
chr1_78830375_A_T_b38	ADGRL4	o
chr1_112696856_T_C_b38	RHOC	o
chr1_114879689_T_G_b38	SYCP1	o
chr1_118320046_T_C_b38,chr1_118310352_C_T_b38,chr1_118368672_T_G_b38,chr1_118312964_A_G_b38,chr1_118321979_T_G_b38,chr1_118327750_G_A_b38,chr1_118336934_C_T_b38,chr1_118341350_G_A_b38,chr1_118321993_A_G_b38	SPAG17	o
chr1_118739138_A_G_b38	TBX15	o
chr1_119131464_T_G_b38	WARS2	o
chr1_150195892_G_A_b38	ANP32E	o
chr1_170836486_A_G_b38	MROH9	o
chr1_199737302_T_C_b38,chr1_200126807_C_G_b38,chr1_200116586_T_A_b38,chr1_200114317_A_AAGT_b38,chr1_200100088_A_G_b38	NR5A2	so
chr1_209972702_T_C_b38,chr1_210063125_G_A_b38	SYT14	o
chr1_214947064_G_C_b38,chr1_214921660_T_C_b38	KCNK2	o
chr1_220880203_T_C_b38,chr1_221132216_A_G_b38,chr1_221106893_G_A_b38,chr1_220881419_C_G_b38,chr1_221137605_T_G_b38,chr1_221030957_A_C_b38	HLX-AS1,HLX	s,o
chr2_19486636_G_A_b38	OSR1	o
chr2_20872262_T_C_b38	LDAH	o
chr2_26630878_G_A_b38,chr2_26619278_C_G_b38	CIB4,C2orf16	o,e
chr2_33147438_A_G_b38,chr2_32981882_G_A_b38	LTBP1	o
chr2_36499778_T_G_b38,chr2_36503892_A_T_b38,chr2_36378161_G_A_b38,chr2_36416990_G_A_b38	CRIM1	o
chr2_40320284_T_C_b38,chr2_40194850_T_G_b38,chr2_40453009_T_G_b38	SLC8A1	o
chr2_42016710_A_G_b38	PKDCC	o
chr2_57887120_CAT_C_b38,chr2_57728953_G_A_b38,chr2_57814801_C_T_b38,chr2_57785698_C_T_b38	VRK2	o
chr2_65344755_G_C_b38	SPRED2	o
chr2_69220528_T_C_b38,chr2_69180588_T_G_b38	ANTXR1	o
chr2_72134736_C_A_b38,chr2_72132183_A_G_b38	CYP26B1	o
chr2_99990959_T_C_b38,chr2_99980403_A_G_b38,chr2_99945016_G_A_b38	AFF3	o
chr2_102123999_G_T_b38	IL1R1	o
chr2_136228890_T_C_b38	CXCR4	o
chr2_156159745_C_T_b38,chr2_156227185_G_A_b38,chr2_156142512_C_A_b38,chr2_156156523_C_T_b38,chr2_156189920_T_C_b38,chr2_156140933_C_G_b38,chr2_156220381_C_G_b38	NR4A2	o
chr2_160484452_G_A_b38,chr2_160483759_A_G_b38,chr2_160483601_T_A_b38	RBMS1	o
chr2_186855293_T_G_b38	ZSWIM2	o
chr2_190504195_G_C_b38	NEMP2	o
chr2_207743915_G_C_b38	CCNYL1	o
chr2_216562902_C_G_b38	RPL37A	o
chr2_217739633_G_A_b38,chr2_217829469_T_C_b38,chr2_217829430_G_A_b38,chr2_217804009_C_T_b38,chr2_217810810_T_C_b38,chr2_217802649_T_C_b38,chr2_217829573_C_T_b38,chr2_217715827_G_A_b38,chr2_217818431_A_G_b38	TNS1,DIRC3	so,e
chr2_219517978_C_T_b38	ASIC4	o
chr2_231938154_A_T_b38,chr2_231939445_C_A_b38,chr2_231995367_G_A_b38,chr2_232051637_A_C_b38	DIS3L2	o
chr2_232576992_A_C_b38	EIF4E2	o
chr2_235661535_G_T_b38	AGAP1	o
chr2_237324109_C_A_b38,chr2_237369499_G_A_b38,chr2_237369152_A_G_b38,chr2_237249749_G_A_b38	COL6A3	so
chr3_4709245_C_T_b38,chr3_4691585_C_G_b38,chr3_4711516_G_GT_b38,chr3_4524349_C_T_b38,chr3_4709356_G_T_b38	ITPR1	o
chr3_32887623_T_C_b38,chr3_32894023_T_C_b38,chr3_32896104_C_T_b38,chr3_32893634_A_G_b38	TRIM71	o
chr3_55038664_A_G_b38,chr3_54084537_T_G_b38	CACNA2D3	eo
chr3_67405701_T_A_b38,chr3_67404455_C_CAG_b38,chr3_67405379_T_C_b38,chr3_67401619_C_A_b38	SUCLG2	o
chr3_99914780_G_A_b38,chr3_99837952_T_A_b38	FILIP1L,CMSS1	o,o
chr3_147368481_T_C_b38,chr3_147267977_G_A_b38,chr3_147282479_T_C_b38	ZIC4,ZIC1	o,o
chr3_152013928_A_G_b38	SUCNR1	o
chr3_184659064_G_A_b38	MAGEF1	o
chr3_196369580_C_T_b38	UBXN7	o
chr4_5018205_C_G_b38	CYTL1	o
chr4_17943217_G_A_b38,chr4_17901000_TG_T_b38,chr4_18004466_G_A_b38,chr4_17923111_T_C_b38,chr4_17878793_A_C_b38,chr4_17929695_T_C_b38,chr4_17955731_G_A_b38,chr4_17928986_T_C_b38,chr4_17953199_A_G_b38,chr4_18031865_T_C_b38,chr4_18022498_C_T_b38,chr4_17872466_C_T_b38,chr4_17995443_G_A_b38,chr4_17908613_C_A_b38,chr4_17883363_T_C_b38,chr4_17935011_T_C_b38,chr4_17992675_T_C_b38,chr4_18004429_A_G_b38,chr4_17875864_A_G_b38,chr4_18016107_T_C_b38,chr4_17899431_G_T_b38,chr4_17930696_C_T_b38	LCORL	o
chr4_55144184_A_T_b38,chr4_55092041_T_C_b38	KDR	o
chr4_76687512_G_T_b38	SHROOM3	o
chr4_144700176_G_A_b38,chr4_144737912_T_C_b38	HHIP	o
chr5_3574450_C_T_b38	IRX1	o
chr5_37788614_G_A_b38	GDNF	o
chr5_51551743_A_G_b38	ISL1	o
chr5_54148668_C_T_b38,chr5_54163093_T_C_b38	ARL15	o
chr5_62114666_T_A_b38	KIF2A	o
chr5_65329685_C_T_b38,chr5_65342512_T_C_b38,chr5_65375743_C_T_b38,chr5_65392245_ATAG_A_b38,chr5_65371860_G_A_b38	ADAMTS6	o
chr5_77471867_C_A_b38,chr5_77570871_A_G_b38	WDR41	seo
chr5_77861783_A_G_b38,chr5_77846295_G_T_b38,chr5_77851963_A_G_b38	TBCA	o
chr5_107326511_T_A_b38	EFNA5	o
chr5_129852138_A_G_b38	CHSY3	o
chr5_143255143_T_G_b38,chr5_143257225_T_C_b38,chr5_143278591_C_A_b38,chr5_143246695_C_T_b38	NR3C1	o
chr5_148476829_A_G_b38,chr5_148476770_G_A_b38,chr5_148475407_C_T_b38,chr5_148691691_C_T_b38,chr5_148476959_G_A_b38,chr5_148467144_A_G_b38,chr5_148457317_C_T_b38,chr5_148462790_T_C_b38,chr5_148466252_A_C_b38	HTR4	o
chr5_149217130_TG_T_b38,chr5_149232759_G_A_b38,chr5_149221680_A_G_b38	ABLIM3	seo
chr5_158937441_G_A_b38,chr5_158844672_T_C_b38,chr5_158941789_T_A_b38	EBF1	o
chr5_172557061_C_A_b38,chr5_172561065_T_G_b38	NEURL1B,SH3PXD2B	o,o
chr6_1771278_C_T_b38,chr6_1775629_G_A_b38,chr6_1771984_G_GTGTAA_b38,chr6_2195682_T_C_b38	GMDS	o
chr6_7138927_CT_C_b38,chr6_7115694_G_C_b38,chr6_7146117_A_G_b38,chr6_7127843_A_G_b38	RREB1	o
chr6_7695740_G_A_b38,chr6_7797607_C_G_b38,chr6_7702426_G_C_b38,chr6_7727979_G_A_b38,chr6_7800984_G_A_b38,chr6_7727929_C_CT_b38,chr6_7705771_G_A_b38,chr6_7725527_A_T_b38,chr6_7800879_T_C_b38,chr6_7719826_G_A_b38,chr6_7789710_A_G_b38,chr6_7728195_G_C_b38,chr6_7779496_G_T_b38,chr6_7692343_C_G_b38,chr6_7708398_T_C_b38	BMP6	o
chr6_19843536_C_A_b38,chr6_19842430_C_T_b38	ID4	o
chr6_35727814_C_T_b38	FKBP5	o
chr6_45562734_T_C_b38,chr6_45577967_G_A_b38,chr6_45058077_G_T_b38,chr6_45682278_T_C_b38	RP1-166H4.2,RUNX2	s,so
chr6_56343953_C_A_b38	COL21A1	o
chr6_84268315_T_A_b38	CEP162	o
chr6_131081063_A_G_b38,chr6_131050608_C_T_b38,chr6_131002852_C_T_b38	EPB41L2	o
chr6_139536204_A_G_b38,chr6_139534040_C_CT_b38,chr6_139538781_C_A_b38	CITED2	o
chr6_143699763_G_A_b38	PHACTR2	o
chr6_144550577_G_C_b38	UTRN	o
chr6_152271967_A_G_b38	SYNE1	o
chr6_154963183_C_G_b38,chr6_155130588_C_T_b38	TIAM2	o
chr6_158255117_G_C_b38	TULP4	o
chr6_169476684_T_C_b38	WDR27	o
chr7_6623716_C_G_b38	ZNF853	o
chr7_15466904_G_C_b38,chr7_15466382_T_G_b38	AGMO	o
chr7_17030613_T_C_b38	AHR	o
chr7_18196884_C_G_b38,chr7_18851636_G_A_b38,chr7_18866243_C_T_b38,chr7_19005055_G_C_b38,chr7_19023152_G_A_b38,chr7_18857365_A_G_b38,chr7_18872334_G_A_b38,chr7_18872166_C_G_b38,chr7_18857888_C_A_b38,chr7_18859540_C_T_b38,chr7_19010397_G_C_b38,chr7_18876078_C_A_b38,chr7_18858682_G_A_b38,chr7_18857700_T_G_b38	TWIST1,HDAC9	eo,o
chr7_20396564_G_A_b38,chr7_20399351_T_C_b38,chr7_20365642_G_A_b38,chr7_20397382_C_T_b38	ITGB8	o
chr7_24103309_A_C_b38	NPY	o
chr7_27293230_C_T_b38	EVX1	o
chr7_39284906_T_C_b38,chr7_39292338_T_C_b38,chr7_39293971_C_A_b38,chr7_39301676_C_T_b38	POU6F2	o
chr7_40776866_C_T_b38	SUGCT	o
chr7_41177079_C_T_b38	INHBA	o
chr7_42248153_C_T_b38	GLI3	o
chr7_44226585_C_T_b38,chr7_44332038_G_A_b38	CAMK2B	o
chr7_69480661_T_C_b38,chr7_70487201_C_T_b38	AUTS2	o
chr7_82926353_A_T_b38	PCLO	o
chr7_95962597_C_CA_b38,chr7_95966223_C_G_b38	DYNC1I1	o
chr7_138447830_T_C_b38	TRIM24	o
chr7_140914412_A_T_b38,chr7_140860223_T_C_b38	BRAF	o
chr8_56187590_G_A_b38,chr8_56188232_A_G_b38,chr8_56176872_A_C_b38	PLAG1	o
chr8_60739148_G_A_b38	CHD7	o
chr8_68661930_C_T_b38,chr8_68658097_T_G_b38	C8orf34	o
chr8_109029943_G_A_b38	TRHR	o
chr8_119583783_A_G_b38	ENPP2	o
chr9_1106544_A_G_b38,chr9_1111559_G_A_b38	DMRT2	o
chr9_16035430_G_A_b38,chr9_16030128_G_C_b38,chr9_15973290_G_A_b38	CCDC171	so
chr9_18013735_C_T_b38	ADAMTSL1	o
chr9_22540581_T_C_b38	DMRTA1	o
chr9_89562982_A_G_b38,chr9_89587580_T_C_b38,chr9_89568498_C_T_b38,chr9_89563557_T_A_b38,chr9_89572263_A_G_b38,chr9_89576552_T_C_b38,chr9_89576341_C_T_b38	GADD45G	o
chr9_110641566_T_C_b38	MUSK	o
chr10_29279848_G_T_b38	LYZL1	o
chr10_34191654_G_A_b38,chr10_34201926_A_G_b38	PARD3	o
chr10_62077247_G_A_b38,chr10_62079280_CA_C_b38,chr10_62070527_T_C_b38,chr10_62079658_T_C_b38,chr10_62069120_T_A_b38,chr10_62072169_G_A_b38	ARID5B	o
chr10_68177435_A_G_b38,chr10_68174212_G_A_b38,chr10_68193659_A_G_b38,chr10_68205104_T_C_b38,chr10_68205420_C_T_b38,chr10_68181377_C_T_b38,chr10_68197593_G_A_b38,chr10_68192084_G_C_b38,chr10_68203197_G_A_b38,chr10_68200673_G_A_b38,chr10_68174164_G_A_b38	MYPN	o
chr10_71246180_G_A_b38	UNC5B	o
chr10_110685953_C_T_b38	RBM20	o
chr10_117018568_A_C_b38	ENO4,SHTN1	o,o
chr10_119361783_A_C_b38	GRK5	o
chr11_17650382_T_C_b38	OTOG	o
chr11_27434035_C_T_b38,chr11_27445562_A_C_b38	LGR4	o
chr11_32350208_G_A_b38	WT1	o
chr11_89582965_T_C_b38,chr11_89580461_A_T_b38,chr11_89623460_A_G_b38	NOX4	o
chr11_114160370_C_G_b38	ZBTB16	o
chr11_128511972_A_C_b38,chr11_128510847_C_A_b38	ETS1	o
chr11_128815467_A_T_b38,chr11_128788268_A_G_b38,chr11_128792675_TC_T_b38,chr11_128822081_T_C_b38,chr11_128817240_A_G_b38,chr11_128794013_G_T_b38,chr11_128819549_C_G_b38,chr11_128797907_C_T_b38,chr11_128822025_G_A_b38	FLI1	o
chr11_130453536_A_G_b38	ADAMTS15	o
chr12_3231155_C_T_b38,chr12_3234456_A_C_b38,chr12_3241629_G_A_b38,chr12_3232344_G_C_b38,chr12_3103092_C_T_b38,chr12_3242766_C_T_b38,chr12_3237601_CTCT_C_b38	TSPAN9	eo
chr12_27872263_A_C_b38,chr12_27860630_A_G_b38,chr12_27857474_T_C_b38,chr12_27862037_G_T_b38,chr12_27862568_G_C_b38	KLHL42,MANSC4	o,o
chr12_28536903_A_G_b38,chr12_28435309_T_C_b38,chr12_28168625_G_A_b38,chr12_28600467_C_T_b38,chr12_28130254_A_AT_b38,chr12_28536581_T_C_b38	CCDC91	eo
chr12_85326128_G_A_b38,chr12_85330527_G_A_b38,chr12_85277674_C_T_b38,chr12_85330318_A_G_b38	ALX1,RP11-408B11.2,LRRIQ1	o,e,o
chr12_93801531_T_C_b38,chr12_93790306_C_T_b38,chr12_93801114_A_G_b38	CRADD	o
chr12_114247766_A_G_b38,chr12_114232065_C_A_b38,chr12_114311886_C_G_b38,chr12_114230813_T_C_b38,chr12_114238312_C_A_b38	TBX5,RP11-139B1.1	o,e
chr12_114746248_G_C_b38,chr12_115063322_G_A_b38,chr12_115062886_T_A_b38,chr12_114763631_G_A_b38	TBX3	o
chr12_116910080_A_T_b38	FBXW8	o
chr12_124328132_T_G_b38	NCOR2	o
chr14_37052312_T_C_b38	SLC25A21	o
chr14_74350715_A_G_b38	VRTN	o
chr14_74573048_G_C_b38,chr14_74554761_C_T_b38,chr14_74562512_C_T_b38,chr14_74573542_C_T_b38,chr14_74551383_A_G_b38	LTBP2	o
chr14_85606180_C_T_b38,chr14_85042049_C_T_b38,chr14_85653458_C_T_b38	FLRT2	o
chr14_92611266_T_C_b38,chr14_92639608_G_C_b38,chr14_92636964_C_T_b38,chr14_92631994_G_C_b38,chr14_92651884_C_T_b38,chr14_92644775_C_T_b38,chr14_92646579_G_A_b38,chr14_92603941_C_T_b38,chr14_92649065_G_C_b38,chr14_92648442_G_A_b38,chr14_92637384_G_A_b38,chr14_92605972_C_G_b38,chr14_92603644_T_C_b38,chr14_92635906_C_T_b38	RIN3	o
chr15_39588621_A_G_b38	THBS1	o
chr15_40096291_T_A_b38,chr15_40104990_C_G_b38,chr15_40095770_A_G_b38	BMF	o
chr15_66752605_T_C_b38,chr15_66743724_T_C_b38	SMAD6	o
chr16_8569748_C_T_b38	TMEM114	o
chr16_77570484_C_T_b38	ADAMTS18	o
chr16_78153241_G_A_b38,chr16_78191736_A_G_b38,chr16_79143396_A_G_b38	WWOX	o
chr16_79354312_G_A_b38	MAF	o
chr17_56695877_T_G_b38,chr17_56699494_T_A_b38	NOG	eo
chr17_66222897_T_C_b38	APOH,PRKCA	o,o
chr18_22430278_C_G_b38,chr18_22436336_T_G_b38,chr18_22453202_T_C_b38	CTAGE1	o
chr18_59812237_C_G_b38	PMAIP1,CCBE1	o,o
chr19_8604982_T_G_b38	ADAMTS10	o
chr20_8626746_G_A_b38,chr20_8623303_G_C_b38,chr20_8623534_C_T_b38,chr20_8623946_G_A_b38	PLCB1	o
chr20_51646224_T_C_b38	ATP9A	o
chr21_26837348_A_G_b38	ADAMTS1	o
chr21_38034828_A_T_b38	KCNJ6	o
chr22_42321584_G_A_b38,chr22_42309864_C_A_b38	TCF20	o
chr6_121799859_A_T_b38,chr6_121440942_G_T_b38	GJA1	o
chr1_22286197_A_G_b38	WNT4	o
chr1_186121238_A_G_b38,chr1_186033958_A_T_b38,chr1_186122944_A_C_b38,chr1_186144720_G_C_b38	HMCN1	so
chr1_221457213_A_C_b38,chr1_221458596_G_A_b38,chr1_221461865_C_G_b38,chr1_221587993_A_G_b38	DUSP10	eo
chr2_134914617_C_T_b38,chr2_134840058_T_G_b38,chr2_134877011_G_A_b38,chr2_134873830_C_T_b38,chr2_134858776_A_G_b38,chr2_134875411_C_T_b38,chr2_134871869_C_T_b38,chr2_134880474_C_T_b38,chr2_134916800_T_C_b38	ACMSD	o
chr2_198858641_G_A_b38,chr2_198833945_A_G_b38	SATB2	o
chr2_202115530_A_G_b38,chr2_202118600_CT_C_b38,chr2_202105527_C_T_b38	KIAA2012	o
chr3_13764638_G_A_b38,chr3_13866574_T_G_b38,chr3_13764081_A_G_b38,chr3_13746144_A_G_b38,chr3_13865353_G_A_b38	WNT7A	eo
chr3_25479091_C_A_b38,chr3_25486885_A_G_b38,chr3_25138042_T_G_b38	RARB	o
chr3_71534026_A_G_b38,chr3_70864142_C_G_b38,chr3_70880832_T_C_b38,chr3_71387980_C_G_b38,chr3_71454328_T_G_b38,chr3_70871334_A_T_b38,chr3_71493128_C_A_b38,chr3_71503981_T_G_b38,chr3_71534232_G_A_b38,chr3_71485612_T_C_b38,chr3_70879779_A_C_b38,chr3_70919280_A_T_b38,chr3_71529871_C_A_b38,chr3_71522194_C_T_b38,chr3_70868488_A_T_b38,chr3_70893992_G_A_b38,chr3_71508794_C_A_b38,chr3_71496019_C_A_b38,chr3_71500488_T_C_b38,chr3_71473027_A_G_b38,chr3_71414748_A_G_b38,chr3_71482962_T_C_b38,chr3_71529586_T_A_b38,chr3_71471739_A_C_b38,chr3_71369176_T_C_b38,chr3_70901540_A_G_b38,chr3_70870890_G_C_b38	FOXP1	o
chr3_99701348_C_T_b38,chr3_99640524_T_C_b38,chr3_99609301_C_A_b38,chr3_99723936_C_T_b38	COL8A1	o
chr3_169011653_A_G_b38,chr3_168998020_A_G_b38,chr3_169577648_A_G_b38,chr3_168931767_T_C_b38,chr3_169557953_G_C_b38,chr3_169579545_C_G_b38,chr3_169071917_T_C_b38,chr3_169547917_T_C_b38,chr3_168992055_G_T_b38,chr3_169022637_G_T_b38,chr3_169605170_T_C_b38	MECOM	o
chr4_88951025_G_A_b38,chr4_88948181_T_C_b38,chr4_88949813_C_T_b38,chr4_88890044_G_T_b38,chr4_88939692_G_A_b38,chr4_88951941_A_G_b38,chr4_88934344_T_C_b38,chr4_89098214_A_G_b38,chr4_88947927_C_T_b38,chr4_88945562_T_C_b38,chr4_88894544_T_G_b38,chr4_88933016_A_C_b38	FAM13A,RP11-84C13.2	o,e
chr5_44367119_A_T_b38,chr5_44349039_A_T_b38,chr5_44325220_A_T_b38,chr5_44365443_C_A_b38	FGF10	o
chr5_78105328_G_A_b38,chr5_78144372_G_C_b38,chr5_78094149_G_A_b38,chr5_78150901_T_C_b38,chr5_78158490_GCTAA_G_b38,chr5_78100576_T_G_b38,chr5_78083986_T_A_b38,chr5_78199207_A_G_b38,chr5_78134602_G_A_b38,chr5_78219232_C_A_b38,chr5_78155004_G_C_b38,chr5_78234482_G_C_b38,chr5_78136062_A_G_b38,chr5_78077028_C_T_b38,chr5_78096293_A_G_b38,chr5_78129012_C_T_b38	AP3B1	o
chr7_84999673_T_G_b38,chr7_84916502_C_G_b38,chr7_84948095_A_G_b38,chr7_85033916_A_G_b38,chr7_84940194_C_G_b38	SEMA3D	o
chr11_43626818_T_G_b38,chr11_43675367_T_G_b38,chr11_43648103_C_CA_b38,chr11_43671560_G_A_b38,chr11_43670873_A_G_b38,chr11_43674766_C_T_b38,chr11_43632283_G_T_b38,chr11_43620580_T_G_b38,chr11_43669167_C_T_b38,chr11_43634985_G_A_b38,chr11_43670833_T_C_b38	HSD17B12	o
chr11_45229181_A_C_b38,chr11_45101435_A_T_b38,chr11_45218408_G_T_b38,chr11_45223352_C_G_b38	TP53I11,PRDM11	e,o
chr12_65402530_T_A_b38,chr12_65399373_G_C_b38,chr12_65400162_G_A_b38,chr12_65430890_A_G_b38,chr12_65361763_A_G_b38,chr12_65511346_C_T_b38	MSRB3	o
chr12_102410115_A_T_b38,chr12_102431143_T_C_b38,chr12_102444085_T_C_b38	IGF1	o
chr16_10087779_G_T_b38,chr16_10043032_T_G_b38	GRIN2A	o
chr16_69873542_G_T_b38,chr16_69851116_G_A_b38,chr16_70006495_G_A_b38,chr16_69875212_G_A_b38,chr16_69860529_A_G_b38,chr16_69820966_A_G_b38,chr16_69828206_C_T_b38,chr16_69889660_C_A_b38,chr16_69815643_C_G_b38,chr16_69701368_T_A_b38,chr16_69857607_G_T_b38	NPIPB14P,WWP2,CLEC18C	s,eo,e
chr17_56118092_C_T_b38,chr17_56126294_G_A_b38,chr17_56120936_T_A_b38,chr17_56125999_G_T_b38,chr17_56181728_G_A_b38,chr17_56196237_C_G_b38,chr17_56180312_A_G_b38,chr17_56156341_G_A_b38,chr17_56201398_A_G_b38,chr17_56183166_G_A_b38	ANKFN1	o
chr18_53278002_C_T_b38,chr18_53306712_A_C_b38,chr18_53446799_A_G_b38,chr18_53496236_C_T_b38,chr18_53382204_G_C_b38,chr18_53390005_C_T_b38,chr18_53177441_T_A_b38,chr18_53244268_T_C_b38,chr18_53431552_G_A_b38,chr18_53266544_G_A_b38	DCC	o
chr18_55899240_A_C_b38,chr18_55827738_C_T_b38	TCF4	o
chr20_46900932_G_A_b38,chr20_46915865_T_C_b38,chr20_46858178_C_T_b38,chr20_46865179_G_C_b38,chr20_46901891_C_T_b38,chr20_46874575_A_G_b38	EYA2	eo
chr4_105140377_C_A_b38,chr4_105143469_TA_T_b38,chr4_105210053_C_T_b38,chr4_105227601_G_C_b38,chr4_105223578_A_C_b38,chr4_105143469_T_TA_b38,chr4_105230485_G_A_b38,chr4_105230686_T_C_b38,chr4_105207603_G_A_b38,chr4_105127406_G_A_b38,chr4_105215876_G_A_b38,chr4_105212027_C_T_b38	TET2	o
chr6_22017509_T_C_b38,chr6_22017314_G_C_b38,chr6_22015780_G_A_b38,chr6_22021144_C_T_b38	PRL	o
chr9_4145340_G_A_b38,chr9_4123044_C_G_b38,chr9_4124377_C_T_b38,chr9_4144203_C_G_b38,chr9_4143749_A_T_b38,chr9_4129657_G_C_b38,chr9_4140608_C_T_b38,chr9_4134542_T_A_b38,chr9_4123284_G_C_b38,chr9_4144387_G_C_b38,chr9_4144772_C_T_b38,chr9_4120648_G_A_b38	GLIS3	o
chr10_29979841_A_G_b38,chr10_29964321_A_T_b38,chr10_29978881_G_A_b38	JCAD	o
chr20_10630675_A_G_b38,chr20_11253884_T_C_b38,chr20_10764897_G_C_b38,chr20_10559283_C_T_b38,chr20_10516542_C_T_b38,chr20_10780782_T_A_b38,chr20_10633647_A_G_b38,chr20_11226771_T_A_b38	SLX4IP,JAG1	o,eo
chr1_219309876_G_A_b38,chr1_219330798_C_T_b38	LYPLAL1	o
chr2_216748562_C_T_b38,chr2_216766615_C_T_b38,chr2_216750007_A_T_b38	IGFBP5	o
chr5_122075906_C_T_b38,chr5_122074834_C_G_b38,chr5_122077513_C_T_b38	LOX	o
chr5_129430598_C_G_b38,chr5_129431691_A_G_b38	ADAMTS19	o
chr6_6742519_C_T_b38,chr6_6744794_C_T_b38,chr6_6738801_T_C_b38,chr6_6741699_T_C_b38	LY86	o
chr8_11965823_T_C_b38	DEFB136	o
chr8_69452790_A_G_b38,chr8_69454956_G_C_b38,chr8_69455013_T_C_b38,chr8_69180602_C_T_b38	SULF1,LINC01592,RP11-21C17.1	eo,e,e
chr9_98870572_G_A_b38	GALNT12	o
chr10_122471096_C_A_b38,chr10_122473399_C_A_b38,chr10_122450644_G_C_b38,chr10_122538121_C_T_b38,chr10_122514155_C_T_b38	HTRA1	eo
chr14_53944201_T_C_b38,chr14_53952392_G_C_b38,chr14_53879292_G_A_b38,chr14_53952388_A_C_b38	BMP4	o
chr15_41661013_C_T_b38,chr15_41685492_A_T_b38	MGA	o
chr15_71512248_C_T_b38,chr15_71215425_G_C_b38,chr15_71511111_C_T_b38,chr15_71320175_T_G_b38,chr15_71329185_G_A_b38,chr15_71314327_C_A_b38,chr15_71336031_T_A_b38,chr15_71314041_G_A_b38,chr15_71496048_C_T_b38	THSD4	eo
chr15_73541259_G_T_b38	REC114	o
chr15_83605839_G_A_b38,chr15_83597393_G_T_b38	SH3GL3	o
chr16_4310313_G_C_b38,chr16_4311137_T_C_b38	GLIS2	o
chr18_45249065_C_T_b38,chr18_45247933_C_T_b38,chr18_45246112_TA_T_b38	SLC14A2	o
chr21_34281370_C_G_b38,chr21_34336281_C_T_b38,chr21_34289445_A_C_b38,chr21_34303666_C_T_b38,chr21_34311960_T_A_b38	KCNE2	o
chr22_20436436_C_G_b38,chr22_20423776_A_G_b38,chr22_20422683_AACC_A_b38,chr22_20434682_A_G_b38	SCARF2	o
chr5_33334206_C_A_b38,chr5_33352632_C_T_b38	TARS	o
chr7_26809211_T_C_b38	SKAP2	o
chr1_19427640_T_TA_b38,chr1_19428536_T_C_b38,chr1_19379595_G_A_b38	CAPZB,NBL1	seo,e
chr2_18127866_T_C_b38,chr2_17933665_C_T_b38,chr2_18111186_G_A_b38,chr2_18106357_T_C_b38,chr2_18547010_C_T_b38,chr2_18521047_C_T_b38	RP11-111J6.2,RDH14,KCNS3	e,eo,eo
chr4_105710713_A_G_b38,chr4_105854868_G_C_b38,chr4_105818436_G_T_b38,chr4_105845273_T_C_b38,chr4_105920805_G_T_b38,chr4_105897896_G_A_b38,chr4_105886950_G_A_b38,chr4_105767747_A_G_b38,chr4_105894827_TAGAGAC_T_b38,chr4_105893145_A_G_b38,chr4_105907638_T_C_b38,chr4_105893931_T_C_b38,chr4_105697983_G_T_b38	GSTCD,INTS12,RP11-45L9.1,NPNT	e,se,s,seo
chr14_92019537_G_T_b38,chr14_92045799_A_G_b38,chr14_92059269_C_T_b38	ATXN3	o
chr6_31872638_T_C_b38	SLC44A4	o
chr15_78513681_T_C_b38,chr15_78581651_A_T_b38,chr15_78557437_C_T_b38,chr15_78559273_G_A_b38,chr15_78575140_A_C_b38,chr15_78613835_A_T_b38,chr15_78556692_T_C_b38,chr15_78593856_C_T_b38,chr15_78570111_C_A_b38,chr15_78603787_A_G_b38,chr15_78523715_G_T_b38,chr15_78606381_C_T_b38,chr15_78608771_C_T_b38,chr15_78533838_G_A_b38,chr15_78521704_G_A_b38,chr15_78525587_C_T_b38,chr15_78623522_G_A_b38,chr15_78608359_T_G_b38,chr15_78565644_C_G_b38,chr15_78606661_C_A_b38,chr15_78601997_G_A_b38,chr15_78606590_C_G_b38,chr15_78520813_G_A_b38,chr15_78618839_T_C_b38,chr15_78510527_C_T_b38,chr15_78565597_T_G_b38,chr15_78586199_G_A_b38,chr15_78608305_A_G_b38,chr15_78590583_G_A_b38	CHRNA3,PSMA4,CHRNA5,HYKK	eo,e,o,o
chr9_93583046_A_G_b38	FAM120AOS,FAM120A	o,o
chr5_157493748_G_T_b38,chr5_157499434_T_C_b38,chr5_157510035_A_G_b38,chr5_157505368_A_C_b38,chr5_157517191_C_A_b38,chr5_157501815_G_A_b38,chr5_157383064_C_T_b38,chr5_157481309_C_T_b38,chr5_157508516_C_T_b38	NIPAL4,ADAM19	se,seo
chr1_218681687_G_C_b38,chr1_218348267_G_A_b38,chr1_218684267_C_T_b38,chr1_218683795_A_AAGAC_b38,chr1_218660548_A_G_b38,chr1_218667969_A_G_b38,chr1_218346586_A_AAAAC_b38,chr1_218685392_A_G_b38,chr1_218347653_A_G_b38	TGFB2	o
chr13_71126275_G_A_b38,chr13_71114895_C_T_b38,chr13_71073456_C_A_b38,chr13_71082541_C_T_b38	DACH1	o
