lung cancer	genes	source
chr10_112728166_G_A_b38		
chr10_112738717_G_A_b38		
chr10_133238039_T_C_b38		
chr1_78157942_C_T_b38		
chr6_25822433_C_T_b38,chr6_26021644_C_T_b38,chr6_25775342_T_A_b38,chr6_26015261_G_A_b38,chr6_25760981_T_C_b38,chr6_26073147_C_A_b38,chr6_25864590_C_T_b38,chr6_25684378_C_T_b38,chr6_25710343_G_A_b38,chr6_26132842_G_A_b38,chr6_25884291_G_A_b38,chr6_25803484_A_G_b38,chr6_25866004_T_A_b38		
chr8_32552592_G_A_b38,chr8_32546055_C_T_b38		
chr9_21830158_A_G_b38,chr9_21787522_G_A_b38		
chr6_31466334_A_G_b38	HCP5,MICB	s,s
chr2_201258707_C_T_b38,chr2_201258272_A_G_b38	CASP8,ALS2CR12	seo,e
chr6_32839713_C_T_b38,chr6_32832068_T_G_b38,chr6_32840522_G_A_b38,chr6_32788876_C_T_b38,chr6_32809144_T_C_b38	TAP1	s
chr11_118237616_C_A_b38,chr11_118254910_T_C_b38,chr11_118255861_C_T_b38	MPZL2,MPZL3,JAML	se,seo,e
chr6_166993145_G_C_b38,chr6_166978686_C_T_b38,chr6_166957622_T_C_b38,chr6_166962978_G_C_b38	RPS6KA2,RNASET2	e,eo
chr6_28355925_G_A_b38,chr6_29464396_A_T_b38,chr6_30331468_T_G_b38,chr6_29639324_T_C_b38,chr6_27867657_A_G_b38,chr6_31380588_G_A_b38,chr6_31466589_G_A_b38,chr6_30464400_C_A_b38,chr6_29785031_A_G_b38,chr6_31090563_C_A_b38,chr6_30441472_T_C_b38,chr6_32698749_C_T_b38,chr6_31380742_A_G_b38,chr6_31753256_G_A_b38,chr6_29388554_A_G_b38,chr6_31208169_A_C_b38,chr6_32092090_A_G_b38,chr6_28390030_C_T_b38,chr6_32377912_T_G_b38,chr6_28390232_T_A_b38,chr6_28966575_T_C_b38,chr6_26581807_C_T_b38,chr6_27839207_A_G_b38,chr6_31353490_A_C_b38,chr6_26529662_G_A_b38,chr6_30383571_T_C_b38,chr6_28333322_A_G_b38,chr6_26875738_A_C_b38,chr6_31349134_G_T_b38,chr6_32390424_G_C_b38,chr6_26454728_C_T_b38,chr6_31508681_T_A_b38,chr6_31872700_C_T_b38,chr6_31924707_A_C_b38,chr6_27492144_G_A_b38,chr6_27365112_T_C_b38,chr6_26599281_A_G_b38,chr6_31951083_A_G_b38,chr6_28336607_A_C_b38,chr6_32419655_G_A_b38,chr6_29445226_C_T_b38,chr6_30389517_C_T_b38,chr6_28835514_C_T_b38,chr6_26316067_G_A_b38,chr6_28703566_G_C_b38,chr6_26509154_C_T_b38,chr6_32293475_T_G_b38,chr6_31113428_T_C_b38,chr6_27837477_A_C_b38,chr6_27771787_T_A_b38,chr6_30432986_G_A_b38,chr6_29638984_G_A_b38,chr6_32334605_C_T_b38,chr6_31537703_A_G_b38,chr6_31378876_A_G_b38,chr6_32047051_G_A_b38,chr6_28282402_T_C_b38,chr6_28468237_TAAACATA_T_b38,chr6_29374998_G_A_b38,chr6_28026638_A_T_b38,chr6_29076924_G_A_b38,chr6_32343086_T_C_b38,chr6_28400731_G_C_b38,chr6_28826127_G_T_b38,chr6_31766173_CAG_C_b38,chr6_26530148_C_T_b38,chr6_26266083_A_C_b38,chr6_30360175_A_G_b38,chr6_31777687_G_A_b38,chr6_31652743_T_G_b38,chr6_30824340_G_C_b38,chr6_27742386_A_C_b38,chr6_26463347_G_T_b38,chr6_28347103_C_T_b38,chr6_31840659_C_T_b38,chr6_27104763_A_G_b38,chr6_27457865_G_C_b38,chr6_29315895_C_T_b38,chr6_29493953_G_C_b38,chr6_27847861_A_G_b38,chr6_31546470_A_G_b38,chr6_28364364_G_A_b38,chr6_30852596_C_T_b38,chr6_32061428_G_A_b38,chr6_26408323_T_G_b38,chr6_30064745_A_C_b38,chr6_26498957_C_T_b38,chr6_31760120_C_T_b38,chr6_26959823_G_A_b38,chr6_28301047_A_G_b38,chr6_27877351_C_T_b38,chr6_27878966_G_C_b38,chr6_28289600_T_C_b38,chr6_28387058_C_G_b38,chr6_30890117_G_A_b38,chr6_26650825_T_A_b38,chr6_28468368_T_C_b38,chr6_28309569_AT_A_b38,chr6_27638937_C_T_b38,chr6_29580312_G_A_b38,chr6_31668965_A_G_b38,chr6_26409662_G_C_b38,chr6_31344549_T_G_b38,chr6_31466554_A_T_b38,chr6_27473944_T_A_b38,chr6_32067917_C_T_b38,chr6_31497270_G_T_b38,chr6_27424023_C_T_b38,chr6_28338894_T_C_b38,chr6_30374976_G_A_b38,chr6_31385552_G_A_b38,chr6_29292654_C_T_b38,chr6_27446145_A_G_b38,chr6_26189128_G_C_b38,chr6_28398374_A_G_b38,chr6_27848045_T_G_b38,chr6_29404546_A_G_b38,chr6_27654305_T_C_b38,chr6_29882943_T_C_b38,chr6_32440720_A_G_b38,chr6_30368886_T_C_b38,chr6_30896502_C_T_b38,chr6_31111867_G_A_b38,chr6_28381921_A_G_b38,chr6_31902549_G_A_b38,chr6_26463346_G_T_b38,chr6_28392882_G_C_b38,chr6_27912204_A_G_b38,chr6_31204374_T_C_b38,chr6_26568907_T_C_b38,chr6_31819390_C_T_b38,chr6_28314117_G_A_b38,chr6_27882936_A_T_b38,chr6_26175638_A_C_b38,chr6_28358517_GCAGAACCCA_G_b38,chr6_28034610_G_A_b38,chr6_32427949_A_G_b38,chr6_30830920_C_T_b38,chr6_30914638_C_T_b38,chr6_30931418_G_A_b38,chr6_31385394_A_G_b38,chr6_28872131_G_A_b38,chr6_31781365_G_A_b38,chr6_27566749_A_G_b38,chr6_28900717_C_G_b38,chr6_28092461_T_C_b38,chr6_29150970_T_G_b38,chr6_27867440_G_A_b38,chr6_29490464_A_G_b38,chr6_27523520_G_A_b38,chr6_28429899_AAC_A_b38,chr6_31973120_A_G_b38,chr6_30106295_G_C_b38,chr6_28485841_T_G_b38,chr6_28808340_G_A_b38,chr6_28469986_AGAG_A_b38,chr6_29276442_G_T_b38,chr6_26441412_C_T_b38,chr6_31466844_A_G_b38,chr6_28828294_G_C_b38	HLA-L,CCHCR1,POU5F1,OR2H2,C6orf136,BTN2A2,GPANK1,HLA-G,LINC00243,HLA-A,LINC01623,HLA-DQB1,TRIM27,HLA-C,FLOT1,CYP21A2,IER3,C4B,C4A,PSORS1C1,ZNRD1,XXbac-BPG13B8.10,NRM,HLA-W,PPP1R18,HIST1H2BN,BTN2A1,STK19B,MSH5,CLIC1,HCP5B,HIST1H1B,ATF6B,SKIV2L,HLA-H,ZSCAN9,VARS2	s,se,e,e,s,e,e,e,e,se,e,e,e,s,se,se,e,e,se,s,e,e,se,s,e,e,s,s,e,e,e,e,e,e,s,e,e
chr6_117463495_T_TTG_b38,chr6_117465017_C_A_b38,chr6_117460113_T_C_b38	DCBLD1,GOPC	eo,e
chr15_78513681_T_C_b38,chr15_78581651_A_T_b38,chr15_78570420_G_A_b38,chr15_78615812_G_C_b38,chr15_78557437_C_T_b38,chr15_78540694_C_A_b38,chr15_78631503_T_G_b38,chr15_78559273_G_A_b38,chr15_78617916_C_T_b38,chr15_78575140_A_C_b38,chr15_78613835_A_T_b38,chr15_78556692_T_C_b38,chr15_78593856_C_T_b38,chr15_78570111_C_A_b38,chr15_78603787_A_G_b38,chr15_78523715_G_T_b38,chr15_78616223_C_T_b38,chr15_78606381_C_T_b38,chr15_78618256_C_CT_b38,chr15_78608771_C_T_b38,chr15_78533838_G_A_b38,chr15_78604205_G_A_b38,chr15_78521704_G_A_b38,chr15_78525587_C_T_b38,chr15_78608359_T_G_b38,chr15_78617925_C_A_b38,chr15_78565644_C_G_b38,chr15_78601997_G_A_b38,chr15_78602417_C_G_b38,chr15_78607377_G_A_b38,chr15_78623530_C_A_b38,chr15_78606590_C_G_b38,chr15_78520813_G_A_b38,chr15_78510527_C_T_b38,chr15_78565597_T_G_b38,chr15_78586199_G_A_b38,chr15_78608305_A_G_b38,chr15_78615690_A_G_b38,chr15_78590583_G_A_b38	CHRNA3,PSMA4,CHRNA5,HYKK	eo,se,o,o
chr8_27487202_G_A_b38	CHRNA2,EPHX2	e,o
chr6_26285639_C_T_b38,chr6_26285921_G_T_b38,chr6_26335996_A_C_b38,chr6_26336468_G_T_b38,chr6_26285332_A_G_b38,chr6_26276422_A_G_b38	HIST1H4H	eo
chr3_169796797_A_T_b38,chr3_169790484_A_G_b38,chr3_169795918_TAA_T_b38,chr3_169810661_C_T_b38,chr3_169800667_T_C_b38,chr3_169774313_C_T_b38,chr3_169769649_G_A_b38,chr3_169769713_T_C_b38,chr3_169763483_C_G_b38,chr3_169775495_C_G_b38,chr3_169764547_T_C_b38,chr3_169759718_A_G_b38,chr3_169779797_A_G_b38,chr3_169768720_G_A_b38,chr3_169782699_G_A_b38	ACTRT3,MYNN	eo,eo
chr19_40847202_T_C_b38	CYP2A6	o
chr15_47285254_G_A_b38	SEMA6D	o
chr12_889653_G_C_b38,chr12_893691_T_C_b38	WNK1,RAD52	o,o
chr1_77501822_T_A_b38	AK5	o
chr3_189639813_T_C_b38,chr3_189638472_T_C_b38,chr3_189639410_G_T_b38,chr3_189625453_T_TA_b38,chr3_189639152_A_G_b38	TP63	eo
chr5_1280362_G_A_b38,chr5_1282204_C_A_b38,chr5_1321972_C_T_b38,chr5_1320021_G_A_b38,chr5_1315545_G_A_b38,chr5_1330138_T_C_b38,chr5_1336063_A_T_b38,chr5_1312342_G_A_b38,chr5_1336106_T_C_b38,chr5_1344343_G_A_b38,chr5_1285859_C_A_b38,chr5_1340986_G_C_b38,chr5_1320132_G_A_b38,chr5_1342599_C_A_b38,chr5_1325475_T_C_b38,chr5_1322353_G_A_b38,chr5_1284020_C_T_b38	CLPTM1L,TERT	eo,eo
chr6_41525674_G_A_b38,chr6_41529297_C_A_b38	FOXP4	o
chr14_34823979_C_T_b38	BAZ1A	o
