Basal_cell_carcinoma	genes	source
chr10_8894035_G_A_b38		
chr10_8920514_C_T_b38,chr10_8898991_G_A_b38,chr10_8892059_T_G_b38,chr10_8896598_A_G_b38		
chr13_32380424_G_A_b38,chr13_32354271_G_A_b38,chr13_32379251_T_C_b38,chr13_32362509_T_C_b38		
chr20_39117811_T_G_b38		
chr2_16299921_C_T_b38,chr2_16280877_T_C_b38,chr2_16309563_G_T_b38		
chr5_44411963_G_A_b38		
chr5_68455394_A_C_b38		
chr6_22056694_A_C_b38		
chr6_32717158_C_T_b38		
chr6_475489_C_T_b38		
chr7_101775373_G_A_b38,chr7_101770409_A_G_b38,chr7_101743421_C_T_b38,chr7_101762540_C_T_b38		
chr9_22049131_C_G_b38,chr9_22048860_T_C_b38,chr9_22034720_G_A_b38,chr9_22049657_G_A_b38		
chr11_64335476_A_G_b38,chr11_64340263_G_A_b38,chr11_64338845_C_T_b38,chr11_64285685_T_G_b38,chr11_64329761_A_G_b38,chr11_64340005_T_C_b38	GPR137,CCDC88B,PPP1R14B,AP003774.1	s,seo,se,s
chr11_65868088_G_A_b38,chr11_65873562_G_C_b38	SNX32,MUS81,EFEMP2,AP5B1	e,s,se,e
chr13_112878676_T_C_b38,chr13_112880068_T_C_b38,chr13_112883134_G_A_b38,chr13_112879337_C_A_b38,chr13_112882997_C_T_b38	ATP11A	s
chr15_78936857_A_G_b38,chr15_78944951_C_T_b38,chr15_78942615_G_A_b38	CTSH	seo
chr6_32616594_C_T_b38,chr6_32697643_T_G_b38,chr6_32614112_C_T_b38,chr6_32695620_A_G_b38	HLA-DRB1,HLA-DRB5,BTNL2,HLA-DRA,HLA-DQB2,HLA-DQB1,HLA-DQA1	s,e,e,e,s,e,s
chr19_1106846_C_T_b38,chr19_1106478_G_C_b38	SBNO2	s
chr16_89669749_C_T_b38,chr16_89919736_C_T_b38,chr16_89924435_C_T_b38,chr16_89919709_C_T_b38,chr16_89726448_C_T_b38,chr16_89780269_G_C_b38,chr16_89885119_T_G_b38,chr16_89901106_G_A_b38,chr16_89956285_T_C_b38,chr16_89752324_C_G_b38,chr16_89911337_C_T_b38,chr16_89729609_G_A_b38	GAS8,CHMP1A,CPNE7,DBNDD1,SPIRE2,CDK10,AC092143.1,DEF8,LINC02166	se,se,s,e,e,se,o,se,e
chr10_13698917_T_C_b38	FRMD4A	se
chr9_104094411_T_C_b38,chr9_104103411_G_T_b38,chr9_104095911_A_G_b38,chr9_104149665_G_A_b38	SMC2-AS1,SMC2	e,seo
chr6_396321_C_T_b38	IRF4	seo
chr8_115621679_C_T_b38,chr8_115620592_A_T_b38,chr8_115617852_A_T_b38,chr8_115608987_C_T_b38,chr8_115585182_T_G_b38,chr8_115590776_T_C_b38,chr8_115618084_A_G_b38,chr8_115602316_C_A_b38,chr8_115584890_G_A_b38,chr8_115589675_C_T_b38,chr8_115586972_T_G_b38,chr8_115590876_C_T_b38,chr8_115590628_T_C_b38	TRPS1	seo
chr9_681645_G_A_b38	KANK1	seo
chr2_88254832_G_A_b38,chr2_88260088_C_T_b38	THNSL2	s
chr7_50153609_G_C_b38,chr7_50136567_A_G_b38	C7orf72,SPATA48	se,o
chr3_98728296_G_A_b38,chr3_98736828_C_T_b38,chr3_98718296_A_G_b38	ST3GAL6	eo
chr2_201286440_A_G_b38,chr2_201259779_G_T_b38,chr2_201350769_C_G_b38,chr2_201288961_C_T_b38,chr2_201258756_TATTCTGTC_T_b38,chr2_201289197_A_G_b38,chr2_201279205_T_C_b38,chr2_201258272_A_G_b38,chr2_201300483_T_C_b38,chr2_201258707_C_T_b38,chr2_201305932_T_C_b38	CASP8,ALS2CR12	seo,eo
chr1_150713240_T_C_b38,chr1_150764744_A_G_b38	CTSS	eo
chr1_155017347_T_TGGGGGCAGTAGAGGGGGCAGTAGA_b38,chr1_155021439_CT_C_b38,chr1_155018913_T_C_b38,chr1_155011887_G_A_b38,chr1_155013615_T_C_b38,chr1_155022502_G_T_b38	ADAM15,ZBTB7B	e,eo
chr19_4837545_C_A_b38,chr19_4831866_A_G_b38,chr19_4832350_T_C_b38,chr19_4837475_A_G_b38	TICAM1	eo
chr6_166989048_G_A_b38,chr6_166956504_A_G_b38,chr6_166986857_T_C_b38,chr6_166969587_G_A_b38,chr6_166956723_A_C_b38,chr6_166990385_C_A_b38,chr6_166956742_T_C_b38,chr6_166981146_A_T_b38	RNASET2	eo
chr10_103916707_C_A_b38,chr10_103927874_A_C_b38,chr10_103916188_T_C_b38,chr10_103918139_A_C_b38,chr10_103920874_T_G_b38,chr10_103919583_C_T_b38,chr10_103922538_C_T_b38,chr10_103879663_G_A_b38	STN1	eo
chr9_19059867_G_C_b38	HAUS6	eo
chr6_150036876_T_C_b38,chr6_150032420_C_A_b38,chr6_150033472_T_G_b38	ULBP1,RAET1L,ULBP2	e,o,e
chr5_1320132_G_A_b38,chr5_1321972_C_T_b38,chr5_1336106_T_C_b38,chr5_1322353_G_A_b38,chr5_1340986_G_C_b38,chr5_1330138_T_C_b38,chr5_1344343_G_A_b38,chr5_1342599_C_A_b38,chr5_1312342_G_A_b38,chr5_1320021_G_A_b38,chr5_1336063_A_T_b38,chr5_1315545_G_A_b38,chr5_1325475_T_C_b38	CLPTM1L,TERT	eo,e
chr7_17588866_G_T_b38,chr7_17593140_C_T_b38	AC017060.1,AC019117.3	e,o
chr13_99395250_G_A_b38,chr13_99389484_G_C_b38,chr13_99384164_A_G_b38,chr13_99333984_C_T_b38,chr13_99388400_A_G_b38,chr13_99303544_A_G_b38	UBAC2,GPR18	se,eo
chr20_34576711_T_A_b38,chr20_33950585_G_C_b38,chr20_34648892_G_C_b38,chr20_34077942_A_G_b38,chr20_33917852_G_C_b38	ASIP,RALY	eo,o
chr20_2307944_G_A_b38,chr20_2302811_C_T_b38,chr20_2239664_A_T_b38,chr20_2301324_G_A_b38,chr20_2309687_C_A_b38	TGM3,RP11-128M1.1	seo,e
chr6_31857135_A_T_b38	STK19	e
chr9_16887368_T_A_b38,chr9_16864523_C_T_b38,chr9_16873553_C_T_b38,chr9_16901230_C_T_b38,chr9_16884588_T_A_b38,chr9_16885019_G_A_b38,chr9_16856885_G_A_b38	BNC2	eo
chr1_113834946_A_G_b38,chr1_113761186_C_A_b38	PTPN22	o
chr11_89284793_G_A_b38,chr11_89294875_T_G_b38,chr11_89287897_T_C_b38,chr11_89277878_G_A_b38,chr11_89272085_A_C_b38	TYR	o
chr12_52519884_C_T_b38	KRT5	o
chr15_28111713_C_T_b38,chr15_28165345_C_T_b38,chr15_28120472_A_G_b38	HERC2	o
chr5_33946466_A_G_b38,chr5_33948484_T_C_b38,chr5_33958854_C_A_b38,chr5_33951588_C_G_b38,chr5_33952001_C_T_b38	SLC45A2	o
chr6_31356838_C_T_b38	HLA-B	o
chr7_47408324_A_G_b38,chr7_47406215_T_C_b38,chr7_47403036_T_C_b38,chr7_47406044_A_G_b38,chr7_47397647_G_A_b38	TNS3	so
chr21_41666784_A_C_b38,chr21_41668926_C_G_b38,chr21_41668857_A_T_b38	RIPK4	o
chr7_29092663_A_G_b38	CPVL	o
chr1_228858641_C_T_b38,chr1_228853327_C_G_b38,chr1_228862088_T_G_b38	RHOU	o
chr8_119070732_T_C_b38,chr8_119080735_C_T_b38,chr8_119070014_G_C_b38	MAL2	eo
chr2_38070996_T_C_b38	CYP1B1	o
chr1_241860596_A_G_b38,chr1_241870961_A_G_b38	EXO1	o
chr2_5544654_C_A_b38	SOX11	o
chr6_4979722_C_T_b38	RPP40	o
chr8_76571195_G_A_b38,chr8_76562310_T_G_b38,chr8_76562895_T_C_b38,chr8_76556443_C_T_b38,chr8_76566304_C_G_b38,chr8_76564870_G_A_b38	ZFHX4	o
chr8_80491773_G_C_b38,chr8_80514058_T_TA_b38,chr8_80493687_G_A_b38,chr8_80479448_G_T_b38,chr8_80484870_A_T_b38,chr8_80477556_C_T_b38	ZBTB10	o
chr8_99999120_C_T_b38,chr8_100012277_A_C_b38,chr8_99992792_C_T_b38,chr8_100049910_G_C_b38,chr8_100050660_G_A_b38	RGS22	o
chr9_22054691_T_C_b38	CDKN2B	o
chr10_62679011_T_C_b38,chr10_62681444_G_A_b38,chr10_62663745_G_T_b38,chr10_62628871_G_C_b38,chr10_62678726_G_C_b38,chr10_62642673_G_A_b38,chr10_62637156_C_T_b38,chr10_62638706_C_T_b38,chr10_62637778_T_C_b38	ZNF365,AC067752.1	o,o
chr20_50782470_C_T_b38	BCAS4	o
chr2_11386590_G_A_b38	ROCK2	o
chr2_203875952_G_A_b38,chr2_203876143_C_T_b38	CTLA4	o
chr3_188374140_G_A_b38,chr3_188411191_G_A_b38,chr3_188415651_C_T_b38,chr3_188401794_C_T_b38,chr3_188402113_G_A_b38,chr3_188405190_C_T_b38,chr3_188370473_A_G_b38,chr3_188382468_G_T_b38,chr3_188370530_T_C_b38,chr3_188374758_G_T_b38,chr3_188415548_C_T_b38,chr3_188362632_C_G_b38	LPP	o
chr5_149816671_G_C_b38,chr5_149832305_G_A_b38,chr5_149817119_T_G_b38,chr5_149813283_A_G_b38,chr5_149821040_T_C_b38,chr5_149814922_C_T_b38,chr5_149816040_C_G_b38	PPARGC1B	o
chr6_90170674_G_A_b38,chr6_90296024_G_T_b38,chr6_90267049_G_A_b38	BACH2	o
chr7_130899925_C_G_b38,chr7_130900794_T_G_b38,chr7_130900733_T_C_b38	KLF14	o
chr8_97354773_T_C_b38,chr8_97355656_C_T_b38	TSPYL5	o
chr14_75470497_G_C_b38,chr14_75469205_G_A_b38	JDP2	o
chr19_49648429_T_A_b38	SCAF1	o
chr1_17395867_G_A_b38,chr1_17426759_CTTTTTTTTTTTTT_C_b38,chr1_17419777_C_T_b38,chr1_17418040_A_G_b38,chr1_17398271_A_G_b38,chr1_17423008_G_A_b38	RCC2	eo
chr3_71478634_T_C_b38,chr3_71482962_T_C_b38,chr3_71467706_T_G_b38,chr3_71503981_T_G_b38,chr3_71485612_T_C_b38,chr3_71484227_G_C_b38,chr3_71482316_T_C_b38,chr3_71534232_G_A_b38,chr3_71529871_C_A_b38,chr3_71508794_C_A_b38,chr3_71572518_T_A_b38,chr3_71534026_A_G_b38,chr3_71454328_T_G_b38,chr3_71496019_C_A_b38,chr3_71468492_T_C_b38,chr3_71493128_C_A_b38,chr3_71471739_A_C_b38,chr3_71473027_A_G_b38,chr3_71522194_C_T_b38,chr3_71500488_T_C_b38	FOXP1	o
