Inflammatory_skin_disease	genes	source
chr1_152481779_T_G_b38,chr1_152468890_T_C_b38		
chr1_152520678_G_A_b38,chr1_152560266_C_A_b38		
chr1_153016845_T_C_b38		
chr1_23757159_T_C_b38		
chr3_43744082_G_A_b38		
chr9_13844679_A_T_b38		
chr18_54290024_C_T_b38	MBD2,POLI	e,so
chr19_48737757_G_A_b38,chr19_48726066_G_A_b38,chr19_48728969_G_A_b38,chr19_48746982_C_T_b38,chr19_48745473_G_A_b38,chr19_48717066_A_G_b38,chr19_48711838_C_T_b38,chr19_48725015_T_C_b38,chr19_48732845_T_C_b38,chr19_48715345_C_T_b38,chr19_48714854_G_T_b38,chr19_48722509_A_T_b38,chr19_48716202_T_C_b38	NTN5,RASIP1,MAMSTR,IZUMO1	e,se,se,e
chr12_56346898_C_G_b38,chr12_56347444_G_A_b38,chr12_56356420_C_T_b38,chr12_56264924_C_T_b38,chr12_56350492_C_G_b38,chr12_56243191_C_G_b38,chr12_56344189_A_G_b38,chr12_56251102_A_G_b38,chr12_56254127_G_C_b38	CNPY2,COQ10A,CS,IL23A,SLC39A5,STAT2,ANKRD52,PAN2,RP11-977G19.11,RNF41	e,e,s,se,e,e,e,e,s,e
chr5_132655964_C_T_b38,chr5_132616304_T_C_b38,chr5_132637485_A_G_b38,chr5_132589495_T_C_b38,chr5_132656189_C_T_b38,chr5_132581248_A_C_b38,chr5_132549202_C_A_b38,chr5_132565533_A_G_b38,chr5_132568236_G_A_b38,chr5_132616530_T_C_b38,chr5_132655393_T_C_b38	RAD50,IL13	se,s
chr5_96784555_C_T_b38,chr5_96783148_G_C_b38,chr5_96784466_G_A_b38	CAST,ERAP1	s,eo
chr1_152578800_A_G_b38,chr1_152631366_C_A_b38,chr1_152619805_G_T_b38,chr1_152578849_C_T_b38,chr1_152577542_T_G_b38,chr1_152619708_C_T_b38,chr1_152619477_G_C_b38,chr1_152618187_T_C_b38	LCE3E,LCE3D,LCE3C,LCE3A	e,e,e,e
chr19_10414505_G_A_b38,chr19_10467167_C_A_b38	PDE4A,AC011529.1,CDC37	e,o,eo
chr17_27779649_A_G_b38	NOS2	o
chr5_159332892_A_G_b38	IL12B	o
chr2_162267541_C_T_b38,chr2_162254026_A_G_b38	FAP,IFIH1	o,o
chr9_32523739_T_C_b38	DDX58	o
chr1_152468434_C_T_b38,chr1_152189630_A_G_b38,chr1_152467700_A_T_b38,chr1_152196264_C_T_b38	FLG,HRNR	e,eo
chr11_76582714_G_A_b38,chr11_76570549_C_T_b38,chr11_76591029_G_A_b38,chr11_76585627_A_G_b38,chr11_76584554_G_A_b38,chr11_76582026_C_T_b38,chr11_76582483_G_T_b38,chr11_76588150_G_T_b38,chr11_76582682_G_T_b38,chr11_76587581_G_GT_b38,chr11_76588605_C_A_b38,chr11_76582761_G_C_b38,chr11_76580110_G_A_b38	LRRC32	o
chr3_177009491_T_C_b38	TBL1XR1	o
chr6_1510423_G_A_b38	FOXC1	o
chr7_157712962_C_T_b38	PTPRN2	o
chr1_67284791_T_C_b38,chr1_67281732_A_C_b38,chr1_67281753_G_A_b38	IL12RB2	o
chr3_18665014_A_C_b38,chr3_18742931_A_G_b38	SATB1	o
chr5_168959084_G_A_b38	SLIT3	o
chr6_137876687_C_T_b38,chr6_137874556_T_C_b38	TNFAIP3	o
chr7_37349706_G_T_b38,chr7_37355216_C_G_b38,chr7_37354775_A_C_b38	ELMO1	o
chr14_35383280_T_C_b38	NFKBIA	o
chr18_8667063_G_A_b38	MTCL1	o
chr20_49975221_G_A_b38	SNAI1	o
chr2_60936446_C_G_b38,chr2_60845432_C_T_b38,chr2_60845048_T_A_b38,chr2_60895838_G_A_b38,chr2_60853347_G_A_b38,chr2_60854407_C_T_b38,chr2_60864815_G_A_b38	REL	eo
chr5_151087628_G_C_b38,chr5_151090412_G_A_b38,chr5_151087129_GC_G_b38,chr5_151085080_A_C_b38,chr5_151098757_G_A_b38	TNIP1	o
chr6_111608659_G_T_b38	TRAF3IP2	o
