Melanoma	genes	source
chr10_105756594_T_C_b38		
chr16_54081917_G_A_b38,chr16_54080912_G_A_b38		
chr16_90000528_A_C_b38		
chr9_106294874_TAACTA_T_b38,chr9_106298549_T_C_b38,chr9_106248518_G_T_b38,chr9_106305280_A_G_b38,chr9_106292136_C_T_b38,chr9_106309794_T_G_b38		
chr21_41373487_G_A_b38,chr21_41374154_C_T_b38	MX2	seo
chr22_38174306_G_A_b38,chr22_38148291_A_G_b38,chr22_38157404_C_T_b38	PLA2G6,TMEM184B,CTA-228A9.3,BAIAP2L2	s,e,e,e
chr2_201304409_T_C_b38,chr2_201298088_A_G_b38,chr2_201288355_T_G_b38,chr2_201303108_C_CA_b38	CASP8,ALS2CR12	se,eo
chr10_103884715_A_T_b38,chr10_103909085_G_A_b38,chr10_103877268_C_T_b38,chr10_103934543_C_T_b38,chr10_103884565_G_C_b38	STN1	so
chr16_89669749_C_T_b38,chr16_89919736_C_T_b38,chr16_89689495_A_G_b38,chr16_89924435_C_T_b38,chr16_89919709_C_T_b38,chr16_89726448_C_T_b38,chr16_89865638_G_A_b38,chr16_89885119_T_G_b38,chr16_89780269_G_C_b38,chr16_89901106_G_A_b38,chr16_89956285_T_C_b38,chr16_89817902_G_T_b38,chr16_89752324_C_G_b38,chr16_89911337_C_T_b38,chr16_89785166_A_G_b38,chr16_89729609_G_A_b38	GAS8,CHMP1A,CPNE7,DBNDD1,SPIRE2,CDK10,AC092143.1,SPATA33,DEF8,FANCA,LINC02166	se,se,s,e,e,se,o,o,se,e,e
chr1_150724316_TCTTCTGCAG_T_b38,chr1_150887995_C_T_b38,chr1_150704009_T_C_b38,chr1_150678699_C_T_b38,chr1_150986501_T_C_b38	CTSK,ARNT,CTSS	e,e,e
chr11_108488962_C_G_b38,chr11_108304735_G_A_b38,chr11_108316962_G_A_b38,chr11_108135455_T_G_b38	ACAT1,C11orf65	e,e
chr9_21803184_G_C_b38,chr9_21816529_A_G_b38,chr9_21747804_A_G_b38,chr9_21804694_A_G_b38,chr9_21733114_G_T_b38	AL359922.1,MTAP	o,seo
chr5_1320132_G_A_b38,chr5_1321972_C_T_b38,chr5_1336106_T_C_b38,chr5_1325475_T_C_b38,chr5_1322353_G_A_b38,chr5_1340986_G_C_b38,chr5_1330138_T_C_b38,chr5_1344343_G_A_b38,chr5_1342599_C_A_b38,chr5_1320021_G_A_b38,chr5_1336063_A_T_b38,chr5_1315545_G_A_b38,chr5_1312342_G_A_b38	CLPTM1L,TERT	eo,e
chr7_16944656_C_T_b38,chr7_16951180_T_A_b38	AHR,AGR3,AGR2	o,e,e
chr20_34576711_T_A_b38,chr20_34583968_G_A_b38,chr20_33950585_G_C_b38,chr20_34989186_C_G_b38,chr20_34648892_G_C_b38,chr20_35102207_C_T_b38,chr20_34077942_A_G_b38,chr20_33917852_G_C_b38	ASIP,RALY	eo,o
chr15_28090674_A_G_b38	OCA2	o
chr11_89284793_G_A_b38,chr11_89294875_T_G_b38,chr11_89277878_G_A_b38,chr11_89272085_A_C_b38,chr11_89287897_T_C_b38	TYR	o
chr2_38049406_A_G_b38	RMDN2	o
chr6_21163688_T_C_b38	CDKAL1	o
chr11_69547043_G_GA_b38,chr11_69552350_A_C_b38,chr11_69572687_C_T_b38,chr11_69573375_G_A_b38	CCND1	o
chr5_33946466_A_G_b38,chr5_33948484_T_C_b38,chr5_33958854_C_A_b38,chr5_33951588_C_G_b38,chr5_33952001_C_T_b38	SLC45A2	o
chr6_422631_C_A_b38,chr6_421281_G_A_b38	IRF4	o
chr3_69901300_C_T_b38	MITF	o
