Squamous_cell_carcinoma	genes	source
chr10_93603341_A_G_b38		
chr13_32380424_G_A_b38,chr13_32354271_G_A_b38,chr13_32379251_T_C_b38,chr13_32362509_T_C_b38		
chr16_89957798_A_G_b38,chr16_89961218_A_T_b38		
chr9_136432610_G_A_b38,chr9_136425871_CCG_C_b38,chr9_136432825_G_A_b38,chr9_136492188_T_C_b38,chr9_136432702_C_T_b38,chr9_136493224_G_A_b38,chr9_136474501_G_A_b38,chr9_136486676_G_A_b38,chr9_136432691_C_T_b38,chr9_136446350_C_T_b38,chr9_136462535_T_C_b38	SEC16A,SDCCAG3,PMPCA,INPP5E,C9orf163	seo,e,se,se,e
chr6_396321_C_T_b38	IRF4	seo
chr16_89669749_C_T_b38,chr16_89956285_T_C_b38,chr16_89752324_C_G_b38,chr16_89919709_C_T_b38,chr16_89726448_C_T_b38,chr16_89729609_G_A_b38,chr16_89780269_G_C_b38	SPIRE2,GAS8,CDK10,CHMP1A,AC092143.1,SPATA33,CPNE7,DBNDD1	e,se,e,e,o,o,s,e
chr3_189491857_A_C_b38,chr3_189487243_T_A_b38	TP63	so
chr20_34648892_G_C_b38,chr20_34576711_T_A_b38,chr20_34077942_A_G_b38,chr20_33950585_G_C_b38,chr20_33917852_G_C_b38	ASIP,RALY	eo,o
chr11_89284793_G_A_b38,chr11_89294875_T_G_b38,chr11_89287897_T_C_b38,chr11_89277878_G_A_b38,chr11_89272085_A_C_b38	TYR	o
chr3_71450250_C_T_b38,chr3_71433933_G_A_b38	FOXP1	o
chr9_16887368_T_A_b38,chr9_16913838_T_A_b38,chr9_16864523_C_T_b38,chr9_16913838_T_TA_b38,chr9_16873553_C_T_b38,chr9_16901230_C_T_b38,chr9_16884588_T_A_b38,chr9_16885019_G_A_b38,chr9_16856885_G_A_b38	BNC2	eo
chr15_28111713_C_T_b38,chr15_28165345_C_T_b38,chr15_28120472_A_G_b38	HERC2	o
chr16_89960104_T_C_b38	DEF8	o
chr5_33946466_A_G_b38,chr5_33948484_T_C_b38,chr5_33958854_C_A_b38,chr5_33951588_C_G_b38,chr5_33952001_C_T_b38	SLC45A2	o
chr15_27985172_C_T_b38,chr15_28088564_G_A_b38	OCA2	o
chr6_4979722_C_T_b38	RPP40	o
chr3_188374140_G_A_b38,chr3_188411191_G_A_b38,chr3_188415651_C_T_b38,chr3_188401794_C_T_b38,chr3_188370473_A_G_b38,chr3_188405190_C_T_b38,chr3_188402113_G_A_b38,chr3_188382468_G_T_b38,chr3_188370530_T_C_b38,chr3_188415548_C_T_b38,chr3_188362632_C_G_b38	LPP	o
chr6_15550427_A_G_b38,chr6_15535090_G_C_b38	DTNBP1	o
